brand,model,model_year,milage,fuel_type,engine,transmission,ext_col,int_col,accident,clean_title,price,id
Chevrolet,Suburban LT,2017,"207,571 mi.",Gasoline,355.0HP 5.3L 8 Cylinder Engine Gasoline Fuel,6-Speed A/T,Black,Black,At least 1 accident or damage reported,Yes,21000.0,100000
Scion,tC Anniversary Edition,2014,"115,000 mi.",Gasoline,179.0HP 2.5L 4 Cylinder Engine Gasoline Fuel,6-Speed M/T,Silver,Silver,None reported,Yes,11495.0,100001
Ford,Mustang V6,2016,"54,000 mi.",Gasoline,300.0HP 3.7L V6 Cylinder Engine Gasoline Fuel,6-Speed A/T,White,Black,None reported,Yes,23999.0,100002
Maserati,Ghibli S GranLusso,2020,"12,118 mi.",Gasoline,424.0HP 3.0L V6 Cylinder Engine Gasoline Fuel,8-Speed A/T,Blue,Brown,None reported,Yes,52900.0,100003
Toyota,Corolla iM Base,2017,"41,932 mi.",Gasoline,137.0HP 1.8L 4 Cylinder Engine Gasoline Fuel,6-Speed M/T,Black,Black,None reported,Yes,18700.0,100004
Porsche,911 Carrera GTS,2022,"1,837 mi.",Gasoline,3.0L H6 24V GDI DOHC Twin Turbo,8-Speed Automatic with Auto-Shift,Aventurine Green Metallic,Agave Green,None reported,,179900.0,100005
Audi,A4 2.0T Titanium Premium,2019,"7,300 mi.",Gasoline,188.0HP 2.0L 4 Cylinder Engine Gasoline Fuel,7-Speed A/T,White,Gray,None reported,Yes,27900.0,100006
Mercedes-Benz,SL-Class SL 550,2014,"76,850 mi.",Gasoline,429.0HP 4.7L 8 Cylinder Engine Gasoline Fuel,7-Speed A/T,Brown,Beige,At least 1 accident or damage reported,Yes,32999.0,100007
Mercedes-Benz,E-Class E 350 4MATIC,2022,"9,006 mi.",Gasoline,255.0HP 2.0L 4 Cylinder Engine Gasoline Fuel,9-Speed A/T,Black,Black,None reported,Yes,56999.0,100008
Audi,A7 3.0T Premium,2019,"45,900 mi.",Hybrid,335.0HP 3.0L V6 Cylinder Engine Gasoline/Mild Electric Hybrid,Transmission w/Dual Shift Mode,Black,Black,At least 1 accident or damage reported,Yes,41500.0,100009
Chevrolet,Silverado 1500 LTZ,2019,"56,654 mi.",Gasoline,6.2L V8 16V GDI OHV,Automatic,Cajun Red Tintcoat,Jet Black,None reported,Yes,43860.0,100010
Jeep,Wrangler Unlimited X,2008,"136,731 mi.",Gasoline,202.0HP 3.8L V6 Cylinder Engine Gasoline Fuel,A/T,Yellow,Gray,None reported,Yes,15900.0,100011
Toyota,Tundra SR5,2019,"56,000 mi.",Gasoline,381.0HP 5.7L 8 Cylinder Engine Gasoline Fuel,6-Speed A/T,Blue,Black,None reported,Yes,42000.0,100012
RAM,ProMaster 2500 High Roof,2018,"10,339 mi.",Gasoline,280.0HP 3.6L V6 Cylinder Engine Gasoline Fuel,6-Speed A/T,White,Gray,None reported,Yes,36990.0,100013
Chevrolet,Corvette Z06 w/2LZ,2023,202 mi.,Gasoline,670.0HP 5.5L 8 Cylinder Engine Gasoline Fuel,Transmission w/Dual Shift Mode,White,Red,None reported,Yes,179000.0,100014
Honda,Pilot Black Edition,2022,"22,564 mi.",Gasoline,3.5 Liter,Automatic,Platinum White Pearl,Black,None reported,,44998.0,100015
Chevrolet,Corvette Grand Sport,2019,"13,100 mi.",Gasoline,460.0HP 6.2L 8 Cylinder Engine Gasoline Fuel,7-Speed M/T,Silver,Red,None reported,Yes,61950.0,100016
Cadillac,Escalade Platinum Edition,2012,"160,249 mi.",E85 Flex Fuel,403.0HP 6.2L 8 Cylinder Engine Flex Fuel Capability,A/T,Black,Black,None reported,Yes,12900.0,100017
Lexus,IS 250 Base,2011,"107,818 mi.",Gasoline,204.0HP 2.5L V6 Cylinder Engine Gasoline Fuel,6-Speed A/T,Gray,Beige,At least 1 accident or damage reported,Yes,11400.0,100018
BMW,530 i,2017,"37,000 mi.",Gasoline,248.0HP 2.0L 4 Cylinder Engine Gasoline Fuel,A/T,Gray,Black,None reported,Yes,31000.0,100019
BMW,335 i,2008,"98,000 mi.",Gasoline,300.0HP 3.0L Straight 6 Cylinder Engine Gasoline Fuel,Transmission w/Dual Shift Mode,Black,Brown,None reported,Yes,13998.0,100020
Lincoln,Corsair Standard,2022,"4,520 mi.",Gasoline,250.0HP 2.0L 4 Cylinder Engine Gasoline Fuel,8-Speed A/T,Beige,Beige,None reported,Yes,38500.0,100021
Lexus,GX 460 Luxury,2021,"17,710 mi.",Gasoline,301.0HP 4.6L 8 Cylinder Engine Gasoline Fuel,A/T,White,Red,None reported,Yes,59000.0,100022
Ford,E350 Super Duty Base,2006,"158,000 mi.",Gasoline,305.0HP 6.8L 10 Cylinder Engine Gasoline Fuel,A/T,White,Gray,At least 1 accident or damage reported,Yes,8500.0,100023
Tesla,Model X 75D,2016,"52,000 mi.",,518.0HP Electric Motor Electric Fuel System,A/T,Black,Beige,None reported,Yes,52000.0,100024
Cadillac,Escalade Platinum,2018,"49,273 mi.",Gasoline,420.0HP 6.2L 8 Cylinder Engine Gasoline Fuel,A/T,Red,Black,None reported,Yes,54000.0,100025
Toyota,Highlander Hybrid Limited Platinum,2017,"34,049 mi.",Hybrid,3.5L V6 24V PDI DOHC Hybrid,Automatic CVT,Shoreline Blue Pearl,Ash,None reported,,37999.0,100026
Toyota,Venza XLE,2013,"103,466 mi.",Gasoline,268.0HP 3.5L V6 Cylinder Engine Gasoline Fuel,A/T,White,Gray,At least 1 accident or damage reported,Yes,14200.0,100027
Honda,CR-V EX,2003,"224,000 mi.",Gasoline,160.0HP 2.4L 4 Cylinder Engine Gasoline Fuel,M/T,Black,Gray,None reported,Yes,3900.0,100028
Buick,Encore GX Essence,2022,"18,185 mi.",Gasoline,1.3L I3 12V GDI DOHC Turbo,Automatic CVT,Summit White,Whisper Beige,None reported,,31755.0,100029
Volvo,XC90 3.2,2011,"88,300 mi.",Gasoline,235.0HP 3.2L Straight 6 Cylinder Engine Gasoline Fuel,A/T,Blue,Beige,At least 1 accident or damage reported,Yes,11500.0,100030
BMW,M4 Base,2016,"62,500 mi.",Gasoline,425.0HP 3.0L Straight 6 Cylinder Engine Gasoline Fuel,7-Speed A/T,Black,Orange,At least 1 accident or damage reported,Yes,40500.0,100031
BMW,i8 Base,2015,"51,000 mi.",Plug-In Hybrid,357.0HP 1.5L 3 Cylinder Engine Plug-In Electric/Gas,Transmission w/Dual Shift Mode,Gray,Brown,None reported,Yes,53000.0,100032
Chevrolet,Camaro Base,2001,"64,776 mi.",Gasoline,200.0HP 3.8L V6 Cylinder Engine Gasoline Fuel,A/T,Black,Gray,None reported,Yes,7500.0,100033
Lexus,RX 350 RX 350 F SPORT Handling,2022,"14,330 mi.",Gasoline,3.5 Liter DOHC,Automatic,Black,Red,None reported,,54998.0,100034
MINI,Hardtop Cooper,2019,"19,850 mi.",Gasoline,134.0HP 1.5L 3 Cylinder Engine Gasoline Fuel,6-Speed A/T,Black,Black,None reported,Yes,24000.0,100035
Jeep,Wrangler Unlimited Sahara,2019,"59,692 mi.",Gasoline,285.0HP 3.6L V6 Cylinder Engine Gasoline Fuel,8-Speed A/T,Gray,Black,None reported,Yes,35900.0,100036
Ford,Explorer XLT,2022,"20,678 mi.",Gasoline,300.0HP 2.3L 4 Cylinder Engine Gasoline Fuel,A/T,Red,Black,None reported,Yes,46000.0,100037
Chevrolet,Camaro 2SS,2010,"8,949 mi.",Gasoline,426.0HP 6.2L 8 Cylinder Engine Gasoline Fuel,M/T,Yellow,Black,None reported,Yes,30000.0,100038
Chevrolet,Corvette Base,2004,"37,622 mi.",Gasoline,350.0HP 5.7L 8 Cylinder Engine Gasoline Fuel,A/T,Blue,Beige,None reported,Yes,25500.0,100039
Jeep,Gladiator Rubicon,2020,"38,000 mi.",Gasoline,285.0HP 3.6L V6 Cylinder Engine Gasoline Fuel,8-Speed A/T,Black,Black,None reported,Yes,45000.0,100040
Porsche,911 Carrera 4S,2014,"36,670 mi.",Gasoline,400.0HP 3.8L Flat 6 Cylinder Engine Gasoline Fuel,Transmission w/Dual Shift Mode,White,Black,None reported,Yes,82499.0,100041
Alfa,Romeo Giulia Ti,2019,"21,400 mi.",Gasoline,280.0HP 2.0L 4 Cylinder Engine Gasoline Fuel,8-Speed A/T,White,Black,None reported,Yes,28500.0,100042
Ford,Bronco Base,2022,"6,200 mi.",Gasoline,275.0HP 2.3L 4 Cylinder Engine Gasoline Fuel,7-Speed M/T,Black,Black,None reported,Yes,49000.0,100043
Land,Rover Range Rover 3.0L Supercharged HSE,2018,"73,101 mi.",Gasoline,380.0HP 3.0L V6 Cylinder Engine Gasoline Fuel,A/T,Blue,Beige,None reported,Yes,42950.0,100044
Cadillac,Escalade Premium Luxury,2022,"19,250 mi.",Gasoline,420.0HP 6.2L 8 Cylinder Engine Gasoline Fuel,10-Speed A/T,Black,Black,None reported,Yes,86999.0,100045
Land,Rover Defender SE,2023,"8,421 mi.",Hybrid,395.0HP 3.0L Straight 6 Cylinder Engine Gasoline/Mild Electric Hybrid,A/T,Black,White,None reported,Yes,90000.0,100046
Bentley,Continental GT Base,2009,"43,000 mi.",Gasoline,552.0HP 6.0L 12 Cylinder Engine Gasoline Fuel,A/T,Black,Black,None reported,Yes,48500.0,100047
Audi,Q5 2.0T Premium Plus,2019,"24,500 mi.",Gasoline,248.0HP 2.0L 4 Cylinder Engine Gasoline Fuel,A/T,Black,–,None reported,Yes,31000.0,100048
BMW,M8 Base,2020,"25,520 mi.",Gasoline,4.4L V8 32V GDI DOHC Twin Turbo,8-Speed Automatic,Brands Hatch Gray Metallic,Black,None reported,,84900.0,100049
Lincoln,Navigator L Reserve,2019,"49,131 mi.",Gasoline,3.5L V6 24V PDI DOHC Twin Turbo,10-Speed Automatic,Tan,–,,,55460.0,100050
Audi,A5 45 S line Premium Plus,2022,"24,500 mi.",Hybrid,261.0HP 2.0L 4 Cylinder Engine Gasoline/Mild Electric Hybrid,Transmission w/Dual Shift Mode,White,Black,None reported,Yes,47000.0,100051
Cadillac,Escalade Premium Luxury,2023,600 mi.,Gasoline,420.0HP 6.2L 8 Cylinder Engine Gasoline Fuel,A/T,Black,Black,None reported,Yes,103000.0,100052
BMW,M3 Base,2016,"55,250 mi.",Gasoline,425.0HP 3.0L Straight 6 Cylinder Engine Gasoline Fuel,6-Speed M/T,Blue,White,None reported,Yes,49999.0,100053
Toyota,4Runner SR5,2022,"28,377 mi.",Gasoline,4.0L V6 24V MPFI DOHC,5-Speed Automatic,Silver,Gray,None reported,,36999.0,100054
Mercedes-Benz,SL-Class SL 63 AMG,2011,"47,400 mi.",Gasoline,518.0HP 6.3L 8 Cylinder Engine Gasoline Fuel,7-Speed A/T,White,Black,At least 1 accident or damage reported,Yes,41000.0,100055
Volkswagen,Golf GTI 2.0T SE 4-Door,2019,"33,000 mi.",Gasoline,228.0HP 2.0L 4 Cylinder Engine Gasoline Fuel,6-Speed M/T,Black,Black,None reported,Yes,27500.0,100056
Toyota,Tacoma TRD Sport,2020,"41,199 mi.",Gasoline,3.5 Liter,6 Speed Mt,Black,Black/Gun Metal,None reported,,41598.0,100057
Chevrolet,Suburban 1500 LTZ,2015,"159,000 mi.",Gasoline,355.0HP 5.3L 8 Cylinder Engine Gasoline Fuel,6-Speed A/T,White,Beige,At least 1 accident or damage reported,Yes,26900.0,100058
Rivian,R1S Adventure Package,2023,"2,108 mi.",,835.0HP Electric Motor Electric Fuel System,1-Speed A/T,Silver,White,None reported,Yes,91000.0,100059
BMW,M3 Base,2012,"7,982 mi.",Gasoline,414.0HP 4.0L 8 Cylinder Engine Gasoline Fuel,7-Speed A/T,Silver,Red,,,51900.0,100060
INFINITI,G35 Base,2006,"94,000 mi.",Gasoline,280.0HP 3.5L V6 Cylinder Engine Gasoline Fuel,Transmission w/Dual Shift Mode,White,Gray,At least 1 accident or damage reported,Yes,10995.0,100061
Subaru,WRX STI Base,2017,"37,800 mi.",Gasoline,305.0HP 2.5L 4 Cylinder Engine Gasoline Fuel,6-Speed M/T,Blue,Black,None reported,Yes,32500.0,100062
BMW,M3 Base,2015,"65,800 mi.",Gasoline,425.0HP 3.0L Straight 6 Cylinder Engine Gasoline Fuel,Transmission w/Dual Shift Mode,White,Red,None reported,Yes,44950.0,100063
Ford,Flex SEL,2011,"149,000 mi.",Gasoline,262.0HP 3.5L V6 Cylinder Engine Gasoline Fuel,6-Speed A/T,Black,Beige,None reported,Yes,7999.0,100064
Dodge,Ram 1500 Quad Cab,2002,"179,000 mi.",Gasoline,245.0HP 5.9L 8 Cylinder Engine Gasoline Fuel,A/T,Black,Black,At least 1 accident or damage reported,Yes,6500.0,100065
BMW,428 i xDrive SULEV,2016,"77,000 mi.",Gasoline,240.0HP 2.0L 4 Cylinder Engine Gasoline Fuel,Transmission w/Dual Shift Mode,White,Red,At least 1 accident or damage reported,Yes,26999.0,100066
BMW,X1 xDrive28i,2019,"52,253 mi.",Gasoline,228.0HP 2.0L 4 Cylinder Engine Gasoline Fuel,Transmission w/Dual Shift Mode,White,Black,None reported,Yes,34500.0,100067
Dodge,Ram 1500 SRT-10 Quad Cab,2005,"138,450 mi.",Gasoline,500.0HP 8.3L 10 Cylinder Engine Gasoline Fuel,4-Speed A/T,Red,Black,At least 1 accident or damage reported,Yes,19000.0,100068
Ford,Explorer Limited,2020,"82,146 mi.",Gasoline,2.3L I4 16V GDI DOHC Turbo,10-Speed Automatic,Gray,Ebony,None reported,Yes,30825.0,100069
Buick,Enclave Premium,2016,"134,655 mi.",Gasoline,3.6L V6 24V GDI DOHC,6-Speed Automatic,Ebony Twilight Metallic,Ebony,None reported,Yes,18051.0,100070
Toyota,4Runner TRD Pro,2021,"35,048 mi.",Gasoline,4.0L V6 24V MPFI DOHC,5-Speed Automatic,Lunar Rock,Black / Graphite,None reported,,52590.0,100071
Acura,MDX 3.7L Advance,2013,"20,750 mi.",Gasoline,300.0HP 3.7L V6 Cylinder Engine Gasoline Fuel,6-Speed A/T,Black,Black,None reported,Yes,33000.0,100072
Ferrari,488 GTB Base,2018,"17,761 mi.",Gasoline,3.9L V8 32V GDI DOHC Twin Turbo,7-Speed Automatic with Auto-Shift,Rosso Corsa,Nero,None reported,,243900.0,100073
BMW,335 i,2010,"91,545 mi.",Gasoline,300.0HP 3.0L Straight 6 Cylinder Engine Gasoline Fuel,6-Speed A/T,Black,Black,None reported,Yes,13000.0,100074
BMW,ALPINA B7 ALPINA B7 xDrive,2020,"65,852 mi.",Gasoline,4.4 Liter Twin Turbo,Automatic,Black,Mocha,None reported,,68998.0,100075
Audi,A7 3.0T Prestige,2013,"87,066 mi.",Gasoline,310.0HP 3.0L V6 Cylinder Engine Gasoline Fuel,8-Speed A/T,Silver,Black,None reported,Yes,20999.0,100076
Subaru,Ascent Touring 7-Passenger,2021,"39,948 mi.",Gasoline,2.4L H4 16V GDI DOHC Turbo,Automatic CVT,Ice Silver Metallic,Black,None reported,Yes,36791.0,100077
Cadillac,ATS 3.6L Luxury,2013,"89,700 mi.",Gasoline,321.0HP 3.6L V6 Cylinder Engine Gasoline Fuel,6-Speed A/T,Black,Red,None reported,Yes,17999.0,100078
Chevrolet,Silverado 2500 High Country,2022,"18,860 mi.",Diesel,445.0HP 6.6L 8 Cylinder Engine Diesel Fuel,10-Speed A/T,Blue,Gray,None reported,Yes,74500.0,100079
Land,Rover Discovery Sport S R-Dynamic,2022,"23,568 mi.",Gasoline,2.0 Liter,Automatic,Firenze Red,Ebony,None reported,,44998.0,100080
Audi,Q8 55 Premium,2020,"34,300 mi.",Hybrid,335.0HP 3.0L V6 Cylinder Engine Gasoline/Mild Electric Hybrid,8-Speed A/T,Gray,Brown,None reported,Yes,52500.0,100081
Subaru,Impreza WRX,2012,"106,000 mi.",Gasoline,265.0HP 2.5L 4 Cylinder Engine Gasoline Fuel,M/T,Black,Black,None reported,Yes,15000.0,100082
Chevrolet,SSR Base,2005,"122,961 mi.",Gasoline,6.0L V8 16V MPFI OHV,4-Speed Automatic,Redline Red,Ebony,None reported,Yes,20995.0,100083
Mercedes-Benz,GLS 450 Base 4MATIC,2019,"33,481 mi.",Gasoline,3.0L V6 24V GDI DOHC Twin Turbo,9-Speed Automatic,Black,Almond Beige,None reported,,43999.0,100084
Tesla,Model S P100D,2018,"46,000 mi.",,518.0HP Electric Motor Electric Fuel System,A/T,White,Black,None reported,Yes,59500.0,100085
Chevrolet,Camaro 1SS,2022,"7,000 mi.",Gasoline,455.0HP 6.2L 8 Cylinder Engine Gasoline Fuel,6-Speed M/T,Blue,Black,None reported,Yes,50000.0,100086
Hummer,H3 Base,2007,"101,750 mi.",Gasoline,242.0HP 3.7L 5 Cylinder Engine Gasoline Fuel,A/T,White,Black,None reported,Yes,12900.0,100087
Toyota,Land Cruiser Base,2008,"175,000 mi.",Gasoline,381.0HP 5.7L 8 Cylinder Engine Gasoline Fuel,6-Speed A/T,Black,Beige,At least 1 accident or damage reported,Yes,37900.0,100088
Audi,A6 2.0T Sport,2018,"49,650 mi.",Gasoline,252.0HP 2.0L 4 Cylinder Engine Gasoline Fuel,A/T,Black,Black,At least 1 accident or damage reported,Yes,23750.0,100089
Mercedes-Benz,S-Class S500,2005,"175,722 mi.",Gasoline,302.0HP 5.0L 8 Cylinder Engine Gasoline Fuel,A/T,White,Beige,None reported,Yes,7000.0,100090
Volkswagen,Passat 2.0T SE,2020,"49,400 mi.",Gasoline,174.0HP 2.0L 4 Cylinder Engine Gasoline Fuel,6-Speed A/T,Black,Brown,None reported,Yes,20900.0,100091
RAM,1500 Big Horn,2021,"41,800 mi.",Diesel,260.0HP 3.0L V6 Cylinder Engine Diesel Fuel,8-Speed A/T,White,Black,None reported,Yes,44900.0,100092
Chevrolet,Corvette Stingray w/1LT,2023,"3,273 mi.",Gasoline,490.0HP 6.2L 8 Cylinder Engine Gasoline Fuel,Transmission w/Dual Shift Mode,Black,Red,None reported,Yes,78999.0,100093
Jaguar,F-TYPE S British Design Edition,2017,"34,150 mi.",Gasoline,380.0HP 3.0L V6 Cylinder Engine Gasoline Fuel,8-Speed A/T,Black,Black,None reported,Yes,45999.0,100094
Ford,F-150 XLT,2018,"72,393 mi.",Gasoline,325.0HP 2.7L V6 Cylinder Engine Gasoline Fuel,10-Speed A/T,Black,Black,None reported,Yes,35000.0,100095
Hyundai,Genesis 3.8,2015,"61,300 mi.",Gasoline,311.0HP 3.8L V6 Cylinder Engine Gasoline Fuel,8-Speed A/T,Silver,Gray,,,20150.0,100096
Mercedes-Benz,GL-Class GL 450 4MATIC,2012,"174,000 mi.",Gasoline,335.0HP 4.6L 8 Cylinder Engine Gasoline Fuel,7-Speed A/T,Black,Black,At least 1 accident or damage reported,Yes,11999.0,100097
Mercedes-Benz,GL-Class GL 450 4MATIC,2015,"84,000 mi.",Gasoline,362.0HP 3.0L V6 Cylinder Engine Gasoline Fuel,7-Speed A/T,Blue,Gray,None reported,Yes,20399.0,100098
Lexus,RX 350 Base,2011,"187,450 mi.",Gasoline,275.0HP 3.5L V6 Cylinder Engine Gasoline Fuel,A/T,Silver,Beige,At least 1 accident or damage reported,Yes,10400.0,100099
Dodge,Ram 1500 ST,2011,"134,000 mi.",Gasoline,390.0HP 5.7L 8 Cylinder Engine Gasoline Fuel,A/T,Black,Gray,At least 1 accident or damage reported,Yes,10500.0,100100
Volkswagen,ID.4 Pro S,2023,"1,716 mi.",,Battery Electric,Automatic,Gray,Gray w/Blue Bolsters,None reported,,39998.0,100101
Mercedes-Benz,GLC 300 GLC 300,2022,"16,983 mi.",Gasoline,2.0 Liter Turbo,Automatic,Black,Black,None reported,,40998.0,100102
INFINITI,QX60 Base,2018,"48,000 mi.",Gasoline,295.0HP 3.5L V6 Cylinder Engine Gasoline Fuel,CVT Transmission,Black,Black,None reported,Yes,27000.0,100103
Cadillac,Escalade Sport,2023,"8,532 mi.",Diesel,3.0L I6 24V DDI DOHC Turbo Diesel,10-Speed Automatic with Overdrive,Black Raven,Jet Black,None reported,,109900.0,100104
Audi,S5 3.0 Premium Plus,2012,"61,450 mi.",Gasoline,333.0HP 3.0L V6 Cylinder Engine Gasoline Fuel,7-Speed A/T,White,Gray,None reported,Yes,19500.0,100105
Chevrolet,Bolt EV LT,2018,"49,279 mi.",,200.0HP Electric Motor Electric Fuel System,1-Speed A/T,Red,Gray,None reported,Yes,17500.0,100106
Lexus,ES 350 Base,2016,"51,335 mi.",Gasoline,268.0HP 3.5L V6 Cylinder Engine Gasoline Fuel,6-Speed A/T,Silver,Black,At least 1 accident or damage reported,Yes,25995.0,100107
Mercedes-Benz,R-Class R 350 4MATIC,2008,"120,000 mi.",Gasoline,268.0HP 3.5L V6 Cylinder Engine Gasoline Fuel,7-Speed A/T,Silver,Black,None reported,Yes,8995.0,100108
BMW,230 i,2019,"30,000 mi.",Gasoline,248.0HP 2.0L 4 Cylinder Engine Gasoline Fuel,8-Speed A/T,Blue,Beige,At least 1 accident or damage reported,Yes,29000.0,100109
Chevrolet,Silverado 3500 High Country,2015,"77,500 mi.",Diesel,397.0HP 6.6L 8 Cylinder Engine Diesel Fuel,6-Speed A/T,Black,Brown,None reported,Yes,54000.0,100110
Dodge,Challenger R/T,2010,"100,100 mi.",–,–,Transmission w/Dual Shift Mode,Purple,Black,None reported,Yes,17000.0,100111
Mercedes-Benz,Metris Base,2020,"14,000 mi.",Gasoline,208.0HP 2.0L 4 Cylinder Engine Gasoline Fuel,7-Speed A/T,Black,Beige,None reported,Yes,48000.0,100112
Chevrolet,Express 3500 Base,2008,"144,000 mi.",Gasoline,323.0HP 6.0L 8 Cylinder Engine Gasoline Fuel,A/T,White,Gray,None reported,Yes,22000.0,100113
BMW,Z4 sDrive28i,2014,"15,889 mi.",Gasoline,240.0HP 2.0L 4 Cylinder Engine Gasoline Fuel,8-Speed A/T,Blue,Beige,None reported,Yes,34500.0,100114
Porsche,Cayman Base,2016,"10,431 mi.",Gasoline,275.0HP 2.7L Flat 6 Cylinder Engine Gasoline Fuel,7-Speed A/T,Red,Black,None reported,Yes,50999.0,100115
Ford,Bronco Outer Banks Advanced,2022,"12,000 mi.",Gasoline,315.0HP 2.7L V6 Cylinder Engine Gasoline Fuel,10-Speed A/T,Gray,Brown,At least 1 accident or damage reported,Yes,65999.0,100116
BMW,X6 xDrive40i,2020,"45,076 mi.",Gasoline,3.0 Liter Turbo,Automatic,Blue,Black,None reported,,57998.0,100117
Chevrolet,Camaro 2SS,2018,"42,780 mi.",Gasoline,455.0HP 6.2L 8 Cylinder Engine Gasoline Fuel,Transmission w/Dual Shift Mode,Black,Black,At least 1 accident or damage reported,Yes,41100.0,100118
Land,Rover Range Rover Sport HSE,2019,"52,300 mi.",Gasoline,340.0HP 3.0L V6 Cylinder Engine Gasoline Fuel,Transmission w/Dual Shift Mode,Black,Black,None reported,Yes,49900.0,100119
BMW,X6 xDrive40i,2023,"16,307 mi.",Hybrid,335.0HP 3.0L Straight 6 Cylinder Engine Gasoline/Mild Electric Hybrid,A/T,Red,White,None reported,Yes,71400.0,100120
Land,Rover Range Rover Evoque SE Premium,2018,"42,125 mi.",Gasoline,237.0HP 2.0L 4 Cylinder Engine Gasoline Fuel,Transmission w/Dual Shift Mode,White,Black,None reported,Yes,38999.0,100121
Lexus,RX 330 Base,2004,"151,896 mi.",Gasoline,230.0HP 3.3L V6 Cylinder Engine Gasoline Fuel,A/T,Silver,Gray,None reported,Yes,7900.0,100122
Cadillac,Escalade Luxury,2015,"99,897 mi.",Gasoline,420.0HP 6.2L 8 Cylinder Engine Gasoline Fuel,8-Speed A/T,Black,Black,None reported,Yes,26950.0,100123
Ford,Bronco Big Bend Advanced,2023,"11,500 mi.",Gasoline,315.0HP 2.7L V6 Cylinder Engine Gasoline Fuel,10-Speed A/T,Gray,Black,None reported,Yes,54490.0,100124
Audi,S4 Base,2007,"93,000 mi.",Gasoline,340.0HP 4.2L 8 Cylinder Engine Gasoline Fuel,6-Speed M/T,Black,Black,At least 1 accident or damage reported,Yes,10995.0,100125
Porsche,Cayenne S,2015,"52,111 mi.",Gasoline,420.0HP 3.6L V6 Cylinder Engine Gasoline Fuel,8-Speed A/T,Black,Black,At least 1 accident or damage reported,Yes,37500.0,100126
Porsche,Macan Base,2018,"82,300 mi.",Gasoline,252.0HP 2.0L 4 Cylinder Engine Gasoline Fuel,7-Speed A/T,Black,Black,None reported,Yes,35000.0,100127
Ferrari,Roma Base,2022,"2,250 mi.",Gasoline,611.0HP 3.9L 8 Cylinder Engine Gasoline Fuel,8-Speed A/T,Gray,Blue,None reported,Yes,259500.0,100128
Chevrolet,Avalanche 1500 LS,2005,"130,000 mi.",E85 Flex Fuel,295.0HP 5.3L 8 Cylinder Engine Flex Fuel Capability,A/T,Red,Gray,None reported,Yes,7200.0,100129
BMW,535 i xDrive,2014,"119,750 mi.",Gasoline,300.0HP 3.0L Straight 6 Cylinder Engine Gasoline Fuel,8-Speed A/T,White,Beige,None reported,Yes,15499.0,100130
Chevrolet,Camaro 1LT,2017,"74,000 mi.",Gasoline,275.0HP 2.0L 4 Cylinder Engine Gasoline Fuel,A/T,Yellow,Black,None reported,Yes,19800.0,100131
Ford,F-150 Tremor,2023,"5,500 mi.",Gasoline,400.0HP 3.5L V6 Cylinder Engine Gasoline Fuel,10-Speed A/T,Gray,Black,None reported,Yes,70000.0,100132
BMW,M235 i,2015,"81,000 mi.",Gasoline,320.0HP 3.0L Straight 6 Cylinder Engine Gasoline Fuel,6-Speed M/T,White,Red,None reported,Yes,27890.0,100133
Tesla,Model X 75D,2017,"94,100 mi.",,518.0HP Electric Motor Electric Fuel System,A/T,Black,Orange,At least 1 accident or damage reported,Yes,49900.0,100134
Maserati,Grecale Modena,2023,"3,721 mi.",Gasoline,2.0L I4 16V GDI DOHC Turbo,8-Speed Automatic,White,Red,None reported,Yes,69645.0,100135
Genesis,GV80 2.5T,2022,"7,523 mi.",Gasoline,2.5L I4 16V PDI DOHC Turbo,8-Speed Automatic,Black,Black,None reported,,54543.0,100136
Lincoln,MKS EcoBoost,2016,"38,100 mi.",Gasoline,365.0HP 3.5L V6 Cylinder Engine Gasoline Fuel,A/T,Silver,Beige,None reported,Yes,21000.0,100137
Ford,Ranger Sport SuperCab,2009,"166,200 mi.",Gasoline,207.0HP 4.0L V6 Cylinder Engine Gasoline Fuel,A/T,Blue,Gray,At least 1 accident or damage reported,Yes,6999.0,100138
Chevrolet,Silverado 1500 1LT,2018,"81,000 mi.",E85 Flex Fuel,285.0HP 4.3L V6 Cylinder Engine Flex Fuel Capability,A/T,Red,Gray,None reported,Yes,32000.0,100139
Audi,Q7 Premium Plus,2022,"22,588 mi.",Hybrid,3.0 Liter TFSI,Automatic,Navarra Blue,Saiga Beige,None reported,,52598.0,100140
Audi,SQ5 3.0T Premium,2020,"21,832 mi.",Gasoline,349.0HP 3.0L V6 Cylinder Engine Gasoline Fuel,8-Speed A/T,Blue,Black,None reported,Yes,42000.0,100141
Audi,RS 7 4.0T Performance Prestige,2017,"66,250 mi.",Gasoline,605.0HP 4.0L 8 Cylinder Engine Gasoline Fuel,8-Speed A/T,Gray,Gray,At least 1 accident or damage reported,Yes,59200.0,100142
Subaru,Impreza Premium,2022,"10,419 mi.",Gasoline,"2L H-4 gasoline direct injection, DOHC, variable valve control,",Variable,Crystal White Pearl,Black,At least 1 accident or damage reported,,24998.0,100143
Subaru,Legacy 2.5 GT spec.B,2008,"94,000 mi.",Gasoline,243.0HP 2.5L 4 Cylinder Engine Gasoline Fuel,6-Speed M/T,Gray,Blue,None reported,Yes,12500.0,100144
GMC,Yukon SLT,2018,"85,500 mi.",Gasoline,355.0HP 5.3L 8 Cylinder Engine Gasoline Fuel,A/T,Black,Black,At least 1 accident or damage reported,Yes,35899.0,100145
Nissan,Xterra S,2008,"100,900 mi.",Gasoline,261.0HP 4.0L V6 Cylinder Engine Gasoline Fuel,A/T,Black,Gray,None reported,Yes,6999.0,100146
Chevrolet,Silverado 1500 LT Trail Boss,2020,"49,000 mi.",Gasoline,355.0HP 5.3L 8 Cylinder Engine Gasoline Fuel,A/T,White,Black,None reported,Yes,44900.0,100147
Volkswagen,Jetta 1.4T R-Line,2019,"55,234 mi.",Gasoline,1.4L I4 16V GDI DOHC Turbo,8-Speed Automatic,Platinum Gray Metallic,Black / Gray,None reported,,19290.0,100148
Toyota,Avalon Touring,2016,"89,148 mi.",Gasoline,268.0HP 3.5L V6 Cylinder Engine Gasoline Fuel,A/T,Black,Black,None reported,Yes,17500.0,100149
Buick,Envision Preferred,2021,"20,104 mi.",Gasoline,2.0L I4 16V GDI DOHC Turbo,9-Speed Automatic,Burnished Bronze Metallic,Ebony,None reported,Yes,33295.0,100150
Audi,A6 55 Premium,2020,"25,300 mi.",Hybrid,335.0HP 3.0L V6 Cylinder Engine Gasoline/Mild Electric Hybrid,7-Speed A/T,White,Beige,None reported,Yes,39900.0,100151
Porsche,Cayman Base,2014,"52,000 mi.",Gasoline,275.0HP 2.7L Flat 6 Cylinder Engine Gasoline Fuel,Transmission w/Dual Shift Mode,Blue,Beige,At least 1 accident or damage reported,Yes,37000.0,100152
Tesla,Model 3,2018,"26,609 mi.",,Electric,Automatic,Gray,–,None reported,,36998.0,100153
Toyota,Highlander Hybrid Limited Platinum,2019,"46,000 mi.",Hybrid,306.0HP 3.5L V6 Cylinder Engine Gas/Electric Hybrid,CVT Transmission,Silver,Black,None reported,Yes,40000.0,100154
Ford,Fusion SE,2011,"114,323 mi.",Gasoline,175.0HP 2.5L 4 Cylinder Engine Gasoline Fuel,6-Speed A/T,Black,Black,None reported,Yes,6000.0,100155
Lexus,ES 350 Base,2016,"119,850 mi.",Gasoline,268.0HP 3.5L V6 Cylinder Engine Gasoline Fuel,A/T,White,Beige,None reported,Yes,19000.0,100156
GMC,Sierra 2500 AT4,2022,"31,681 mi.",Gasoline,6.6L V8 16V GDI OHV,Automatic,Cayenne Red Tintcoat,Jet Black,At least 1 accident or damage reported,,67963.0,100157
Ford,F-150 Platinum,2018,"92,000 mi.",Diesel,250.0HP 3.0L V6 Cylinder Engine Diesel Fuel,10-Speed A/T,Black,Black,At least 1 accident or damage reported,Yes,36500.0,100158
BMW,X3 sDrive30i,2021,"12,800 mi.",Gasoline,248.0HP 2.0L 4 Cylinder Engine Gasoline Fuel,A/T,Blue,Blue,None reported,Yes,39990.0,100159
Nissan,Frontier SV,2013,"67,000 mi.",Gasoline,261.0HP 4.0L V6 Cylinder Engine Gasoline Fuel,5-Speed A/T,Blue,Gray,None reported,Yes,15500.0,100160
Kia,Forte GT-Line,2022,"14,950 mi.",Gasoline,147.0HP 2.0L 4 Cylinder Engine Gasoline Fuel,A/T,Silver,Gray,At least 1 accident or damage reported,Yes,24000.0,100161
Acura,TLX w/A-Spec Package,2022,"14,896 mi.",Gasoline,2.0 Liter DOHC Turbo,2,Lunar Silver Metallic,Ebony,None reported,,39998.0,100162
BMW,M4 Competition xDrive,2022,"3,213 mi.",Gasoline,503.0HP 3.0L Straight 6 Cylinder Engine Gasoline Fuel,8-Speed A/T,Black,Red,None reported,Yes,89995.0,100163
Jeep,Gladiator Rubicon,2022,"27,300 mi.",Gasoline,285.0HP 3.6L V6 Cylinder Engine Gasoline Fuel,A/T,Green,Black,None reported,Yes,47500.0,100164
Audi,A8 4.0T,2014,"96,238 mi.",Gasoline,420.0HP 4.0L 8 Cylinder Engine Gasoline Fuel,Transmission w/Dual Shift Mode,Black,Black,At least 1 accident or damage reported,Yes,22500.0,100165
RAM,1500 Big Horn,2021,"24,000 mi.",Hybrid,395.0HP 5.7L 8 Cylinder Engine Gasoline/Mild Electric Hybrid,A/T,Silver,Black,None reported,Yes,42000.0,100166
Audi,Q5 S line Premium Plus,2022,"13,895 mi.",Hybrid,2.0 Liter TFSI,Automatic,Daytona Gray,Black,None reported,,44998.0,100167
Lexus,RX 350 F Sport Performance,2020,"53,750 mi.",Gasoline,295.0HP 3.5L V6 Cylinder Engine Gasoline Fuel,A/T,Black,Red,None reported,Yes,32600.0,100168
Chevrolet,Camaro 2SS,2023,"2,300 mi.",Gasoline,455.0HP 6.2L 8 Cylinder Engine Gasoline Fuel,6-Speed M/T,Red,Black,None reported,Yes,51500.0,100169
Honda,Accord Hybrid Touring,2017,"96,400 mi.",Hybrid,212.0HP 2.0L 4 Cylinder Engine Gas/Electric Hybrid,CVT Transmission,White,Beige,At least 1 accident or damage reported,Yes,18500.0,100170
Lexus,RC F Base,2015,"51,400 mi.",Gasoline,467.0HP 5.0L 8 Cylinder Engine Gasoline Fuel,8-Speed A/T,Silver,Gray,None reported,Yes,43000.0,100171
Dodge,Durango GT,2017,"34,845 mi.",Gasoline,295.0HP 3.6L V6 Cylinder Engine Gasoline Fuel,A/T,White,Black,At least 1 accident or damage reported,Yes,30000.0,100172
Ford,Mustang GT,2011,"133,504 mi.",Gasoline,412.0HP 5.0L 8 Cylinder Engine Gasoline Fuel,6-Speed M/T,Black,Black,None reported,Yes,23500.0,100173
Jeep,Wagoneer Series III,2022,"17,381 mi.",Gasoline,5.7L V8 16V MPFI OHV,8-Speed Automatic,Velvet Red Pearlcoat,Global Black,None reported,Yes,69685.0,100174
Porsche,Cayenne S,2016,"76,200 mi.",Gasoline,420.0HP 3.6L V6 Cylinder Engine Gasoline Fuel,Transmission w/Dual Shift Mode,Gray,Beige,None reported,Yes,42000.0,100175
Toyota,Land Cruiser Base,1997,"213,000 mi.",Gasoline,212.0HP 4.5L Straight 6 Cylinder Engine Gasoline Fuel,4-Speed A/T,White,Beige,None reported,Yes,26500.0,100176
Kia,Optima EX,2015,"109,580 mi.",Gasoline,192.0HP 2.4L 4 Cylinder Engine Gasoline Fuel,6-Speed A/T,Red,Black,At least 1 accident or damage reported,Yes,11900.0,100177
Kia,Telluride EX,2022,"14,676 mi.",Gasoline,3.8L V6 24V GDI DOHC,8-Speed Automatic,Dark Moss,Gray,None reported,,46787.0,100178
BMW,M3 Base,2011,"98,200 mi.",Gasoline,414.0HP 4.0L 8 Cylinder Engine Gasoline Fuel,7-Speed A/T,White,Black,None reported,Yes,27000.0,100179
Tesla,Model 3 Long Range,2021,"23,749 mi.",,Electric,1-Speed Automatic,White,Black,None reported,,35999.0,100180
Jaguar,XJ8 L,2000,"45,000 mi.",Gasoline,290.0HP 4.0L 8 Cylinder Engine Gasoline Fuel,A/T,Silver,Beige,None reported,Yes,12500.0,100181
Chrysler,300 S,2014,"121,500 mi.",Gasoline,363.0HP 5.7L 8 Cylinder Engine Gasoline Fuel,5-Speed A/T,Blue,Black,None reported,Yes,15999.0,100182
INFINITI,Q50 Premium,2014,"79,785 mi.",Gasoline,328.0HP 3.7L V6 Cylinder Engine Gasoline Fuel,7-Speed A/T,Red,White,At least 1 accident or damage reported,Yes,16488.0,100183
Jeep,Grand Cherokee Limited,2020,"47,500 mi.",Gasoline,293.0HP 3.6L V6 Cylinder Engine Gasoline Fuel,A/T,Purple,Black,None reported,Yes,31000.0,100184
Chevrolet,Suburban 1500 LT,2008,"162,750 mi.",Gasoline,320.0HP 5.3L 8 Cylinder Engine Gasoline Fuel,Transmission Overdrive Switch,White,Black,At least 1 accident or damage reported,Yes,7200.0,100185
Ford,F-250 XL SuperCab H/D,1993,"115,000 mi.",–,–,A/T,Red,Gray,None reported,Yes,21900.0,100186
Subaru,Crosstrek 2.0i Limited,2018,"74,600 mi.",Gasoline,152.0HP 2.0L 4 Cylinder Engine Gasoline Fuel,Transmission w/Dual Shift Mode,Blue,Black,None reported,Yes,24000.0,100187
Land,Rover Range Rover Velar R-Dynamic SE,2019,"75,897 mi.",Gasoline,2.0 Liter,Automatic,Black,Black,None reported,,35998.0,100188
Buick,LaCrosse Leather,2014,"125,559 mi.",Gasoline,304.0HP 3.6L V6 Cylinder Engine Gasoline Fuel,A/T,White,Beige,At least 1 accident or damage reported,Yes,11200.0,100189
Toyota,Highlander XLE,2023,"8,727 mi.",Gasoline,2.4L I4 16V PDI DOHC Turbo,8-Speed Automatic,Ruby Flare Pearl,Black,None reported,,44596.0,100190
Porsche,718 Cayman GT4,2021,"2,100 mi.",Gasoline,414.0HP 4.0L Flat 6 Cylinder Engine Gasoline Fuel,6-Speed M/T,Yellow,Black,,,136900.0,100191
Honda,Civic Si,2012,"47,245 mi.",Gasoline,201.0HP 2.4L 4 Cylinder Engine Gasoline Fuel,6-Speed M/T,White,Black,None reported,Yes,19600.0,100192
Chevrolet,Corvette Stingray w/2LT,2023,"5,200 mi.",Gasoline,490.0HP 6.2L 8 Cylinder Engine Gasoline Fuel,8-Speed A/T,White,Red,None reported,Yes,88900.0,100193
Mazda,MX-5 Miata Grand Touring,2012,"33,576 mi.",Gasoline,167.0HP 2.0L 4 Cylinder Engine Gasoline Fuel,6-Speed M/T,Red,Beige,None reported,Yes,18900.0,100194
Mercedes-Benz,C-Class C 300 4MATIC,2021,"19,000 mi.",Gasoline,255.0HP 2.0L 4 Cylinder Engine Gasoline Fuel,A/T,Blue,Beige,None reported,Yes,37999.0,100195
BMW,X5 3.0i,2004,"140,000 mi.",Gasoline,225.0HP 3.0L Straight 6 Cylinder Engine Gasoline Fuel,Transmission w/Dual Shift Mode,Black,Beige,None reported,Yes,6730.0,100196
Audi,R8 5.2 V10,2018,"8,940 mi.",Gasoline,5.2L V10 40V PDI DOHC,7-Speed Automatic with Auto-Shift,Tango Red Metallic,Black,None reported,,144900.0,100197
Mercedes-Benz,AMG GLC 43 AMG GLC 43,2021,"10,483 mi.",Gasoline,3.0 Liter Twin Turbo,Automatic,Graphite Grey Metallic,Black w/Red Stitching,None reported,,60998.0,100198
Tesla,Model Y Performance,2022,"24,115 mi.",,455.0HP Electric Motor Electric Fuel System,A/T,Gray,White,None reported,Yes,46500.0,100199
Toyota,Highlander XLE,2022,"4,437 mi.",Gasoline,295.0HP 3.5L V6 Cylinder Engine Gasoline Fuel,Transmission w/Dual Shift Mode,Gray,Black,None reported,Yes,42000.0,100200
Tesla,Model 3 Long Range,2021,"18,000 mi.",,Electric Motor Electric Fuel System,A/T,Black,Black,None reported,Yes,42500.0,100201
Land,Rover Range Rover Sport HST MHEV,2020,"52,000 mi.",Hybrid,395.0HP 3.0L Straight 6 Cylinder Engine Gasoline/Mild Electric Hybrid,8-Speed A/T,Gray,Black,None reported,Yes,55000.0,100202
Ford,F-150 XLT,2018,"67,650 mi.",Gasoline,375.0HP 3.5L V6 Cylinder Engine Gasoline Fuel,A/T,Blue,Gray,None reported,Yes,30000.0,100203
Mercedes-Benz,SLK-Class SLK 250,2015,"49,000 mi.",Gasoline,201.0HP 1.8L 4 Cylinder Engine Gasoline Fuel,7-Speed A/T,Blue,Beige,None reported,Yes,23500.0,100204
Mercedes-Benz,AMG C 43 Base,2017,"53,500 mi.",Gasoline,362.0HP 3.0L V6 Cylinder Engine Gasoline Fuel,9-Speed A/T,White,Brown,At least 1 accident or damage reported,Yes,33999.0,100205
Chevrolet,Silverado 1500 LT Crew Cab,2006,"215,000 mi.",Gasoline,345.0HP 6.0L 8 Cylinder Engine Gasoline Fuel,A/T,Black,Black,At least 1 accident or damage reported,Yes,6995.0,100206
INFINITI,Q60 3.0t Red Sport 400,2022,"3,300 mi.",Gasoline,400.0HP 3.0L V6 Cylinder Engine Gasoline Fuel,Transmission w/Dual Shift Mode,Red,Black,None reported,Yes,54000.0,100207
Audi,RS 4 4.2 quattro L,2008,"146,500 mi.",Gasoline,420.0HP 4.2L 8 Cylinder Engine Gasoline Fuel,6-Speed M/T,Red,Black,At least 1 accident or damage reported,Yes,30000.0,100208
Lexus,GX 460 Premium,2017,"82,975 mi.",Gasoline,301.0HP 4.6L 8 Cylinder Engine Gasoline Fuel,A/T,White,Beige,None reported,Yes,31000.0,100209
Mercedes-Benz,E-Class E 350,2022,"14,100 mi.",Gasoline,255.0HP 2.0L 4 Cylinder Engine Gasoline Fuel,9-Speed A/T,Gray,Black,None reported,Yes,53000.0,100210
Tesla,Model Y Performance,2020,"27,500 mi.",,455.0HP Electric Motor Electric Fuel System,A/T,Gray,White,None reported,Yes,44000.0,100211
Mercedes-Benz,GLE 450 GLE 450,2022,"24,906 mi.",Hybrid,3.0 Liter Turbo,Automatic,Selenite Grey Metallic,Black,None reported,,63998.0,100212
GMC,Yukon SLE,2016,"83,858 mi.",Gasoline,355.0HP 5.3L 8 Cylinder Engine Gasoline Fuel,6-Speed A/T,Blue,Gray,At least 1 accident or damage reported,Yes,27633.0,100213
BMW,X4 M Competition,2020,"18,362 mi.",Gasoline,503.0HP 3.0L Straight 6 Cylinder Engine Gasoline Fuel,A/T,Black,Orange,None reported,Yes,60000.0,100214
Lincoln,MKZ Hybrid Base,2014,"78,568 mi.",Hybrid,188.0HP 2.0L 4 Cylinder Engine Gas/Electric Hybrid,A/T,Blue,Beige,None reported,Yes,15500.0,100215
RAM,2500 Powerwagon,2013,"84,220 mi.",Gasoline,383.0HP 5.7L 8 Cylinder Engine Gasoline Fuel,6-Speed A/T,White,Gray,At least 1 accident or damage reported,Yes,26500.0,100216
Mazda,CX-7 Sport,2009,"113,000 mi.",Gasoline,244.0HP 2.3L 4 Cylinder Engine Gasoline Fuel,6-Speed A/T,Gray,Black,None reported,Yes,5499.0,100217
Mercedes-Benz,E-Class E 350 4MATIC,2011,"199,000 mi.",Gasoline,268.0HP 3.5L V6 Cylinder Engine Gasoline Fuel,7-Speed A/T,Silver,Black,None reported,Yes,9250.0,100218
Subaru,Outback 3.6R Limited,2016,"87,092 mi.",Gasoline,256.0HP 3.6L Flat 6 Cylinder Engine Gasoline Fuel,A/T,Blue,Black,At least 1 accident or damage reported,Yes,19500.0,100219
Lincoln,MKT Base,2016,"140,200 mi.",Gasoline,303.0HP 3.7L V6 Cylinder Engine Gasoline Fuel,6-Speed A/T,Black,Black,None reported,Yes,10500.0,100220
BMW,330 i xDrive,2018,"74,381 mi.",Gasoline,248.0HP 2.0L 4 Cylinder Engine Gasoline Fuel,8-Speed A/T,White,Brown,At least 1 accident or damage reported,Yes,22995.0,100221
Chevrolet,Silverado 1500 LS,2003,"110,000 mi.",Gasoline,270.0HP 4.8L 8 Cylinder Engine Gasoline Fuel,A/T,Green,Beige,None reported,Yes,8900.0,100222
Ford,Edge SEL,2021,"56,946 mi.",Gasoline,2.0L I4 16V GDI DOHC Turbo,8-Speed Automatic,Silver,Ebony,None reported,Yes,26299.0,100223
BMW,M4 Base,2015,"98,000 mi.",Gasoline,425.0HP 3.0L Straight 6 Cylinder Engine Gasoline Fuel,Transmission w/Dual Shift Mode,Black,Orange,None reported,Yes,32999.0,100224
Porsche,Panamera 2,2011,"37,200 mi.",Gasoline,300.0HP 3.6L V6 Cylinder Engine Gasoline Fuel,7-Speed A/T,Black,Beige,None reported,Yes,27500.0,100225
Audi,A6 3.2 quattro,2008,"202,000 mi.",Gasoline,255.0HP 3.2L V6 Cylinder Engine Gasoline Fuel,A/T,Blue,Gray,At least 1 accident or damage reported,Yes,5700.0,100226
Land,Rover LR4 HSE LUX Landmark Edition,2016,"144,000 mi.",Gasoline,340.0HP 3.0L V6 Cylinder Engine Gasoline Fuel,8-Speed A/T,Black,Black,At least 1 accident or damage reported,Yes,18000.0,100227
Acura,TL 3.7,2012,"70,000 mi.",Gasoline,305.0HP 3.7L V6 Cylinder Engine Gasoline Fuel,A/T,Black,Black,At least 1 accident or damage reported,Yes,15051.0,100228
Acura,MDX w/Technology Package,2022,"30,177 mi.",Gasoline,3.5L 24V SOHC I-VTEC V6,2,Majestic Black Pearl,Espresso,None reported,,46598.0,100229
Ford,F-150 Raptor,2021,"32,957 mi.",Gasoline,3.5L V6 24V PDI DOHC Twin Turbo,10-Speed Automatic,Oxford White,Black,None reported,,77900.0,100230
Audi,R8 5.2 V10 performance,2020,"12,245 mi.",Gasoline,5.2L V10 40V PDI DOHC,7-Speed Automatic with Auto-Shift,Daytona Gray Pearl Effect w/ Black Roof,Black / Express Red,None reported,,187900.0,100231
RAM,1500 Classic Warlock,2019,"19,000 mi.",E85 Flex Fuel,3.6L V6 24V MPFI DOHC Flexible Fuel,8-Speed Automatic,Diamond Black,Diesel Gray / Black,At least 1 accident or damage reported,,33242.0,100232
Toyota,Corolla LE,2016,"17,500 mi.",Gasoline,132.0HP 1.8L 4 Cylinder Engine Gasoline Fuel,A/T,Red,Gray,None reported,Yes,15100.0,100233
Acura,MDX 3.5L Technology Package,2014,"111,650 mi.",Gasoline,290.0HP 3.5L V6 Cylinder Engine Gasoline Fuel,6-Speed A/T,Green,Beige,At least 1 accident or damage reported,Yes,17500.0,100234
Mazda,CX-9 Signature,2018,"19,500 mi.",Gasoline,227.0HP 2.5L 4 Cylinder Engine Gasoline Fuel,Transmission w/Dual Shift Mode,White,Brown,None reported,Yes,32250.0,100235
Nissan,370Z Base,2009,"79,893 mi.",Gasoline,332.0HP 3.7L V6 Cylinder Engine Gasoline Fuel,7-Speed A/T,Silver,Black,None reported,Yes,15900.0,100236
Volkswagen,CC Sport,2012,"131,986 mi.",Gasoline,200.0HP 2.0L 4 Cylinder Engine Gasoline Fuel,M/T,White,Black,At least 1 accident or damage reported,Yes,9000.0,100237
Porsche,911 Turbo,2018,"28,470 mi.",Gasoline,540.0HP 3.8L Flat 6 Cylinder Engine Gasoline Fuel,Transmission w/Dual Shift Mode,White,Black,At least 1 accident or damage reported,Yes,147500.0,100238
BMW,X6 M Base,2017,"25,000 mi.",Gasoline,567.0HP 4.4L 8 Cylinder Engine Gasoline Fuel,Transmission w/Dual Shift Mode,White,Red,At least 1 accident or damage reported,Yes,65000.0,100239
BMW,530e Base,2022,"22,700 mi.",Plug-In Hybrid,288.0HP 2.0L 4 Cylinder Engine Plug-In Electric/Gas,A/T,White,Black,None reported,Yes,47000.0,100240
Ford,F-350 Lariat Crew Cab Super Duty DRW,2005,"176,691 mi.",Diesel,325.0HP 6.0L 8 Cylinder Engine Diesel Fuel,A/T,White,Beige,At least 1 accident or damage reported,Yes,13000.0,100241
Honda,S2000 CR,2008,"44,300 mi.",Gasoline,237.0HP 2.2L 4 Cylinder Engine Gasoline Fuel,M/T,Yellow,Black,None reported,Yes,62000.0,100242
Ford,Explorer XLT,2020,"17,000 mi.",Gasoline,300.0HP 2.3L 4 Cylinder Engine Gasoline Fuel,10-Speed A/T,Blue,Black,At least 1 accident or damage reported,Yes,21000.0,100243
Kia,Telluride SX,2020,"69,185 mi.",Gasoline,3.8L V6 24V GDI DOHC,8-Speed Automatic,Ebony Black,Gray,None reported,,37405.0,100244
Lexus,ES 350 Base,2016,"39,700 mi.",Gasoline,268.0HP 3.5L V6 Cylinder Engine Gasoline Fuel,6-Speed A/T,White,Beige,None reported,Yes,25500.0,100245
Mercedes-Benz,S-Class S 560,2018,"45,791 mi.",Gasoline,463.0HP 4.0L 8 Cylinder Engine Gasoline Fuel,9-Speed A/T,Gray,Gray,None reported,Yes,52000.0,100246
Mercedes-Benz,AMG G 63 Base,2019,"19,593 mi.",Gasoline,4.0 Liter Twin Turbo,Automatic,Black,Black,None reported,,159998.0,100247
Porsche,911 Carrera Cabriolet,2001,"21,450 mi.",Gasoline,300.0HP 3.4L Flat 6 Cylinder Engine Gasoline Fuel,6-Speed M/T,Black,Black,None reported,Yes,36000.0,100248
Ford,Mustang Mach-E GT,2022,"7,661 mi.",,Electric,1-Speed Automatic,Star White,Black Onyx,None reported,,49599.0,100249
INFINITI,QX60 Luxe,2020,"38,400 mi.",Gasoline,295.0HP 3.5L V6 Cylinder Engine Gasoline Fuel,A/T,Blue,Beige,None reported,Yes,32100.0,100250
Toyota,Tundra SR5,2022,"29,322 mi.",Gasoline,3.4L V6 24V PDI DOHC Twin Turbo,10-Speed Automatic,Gray,Black,None reported,,44999.0,100251
Lexus,IS 300 Base,2018,"50,992 mi.",Gasoline,260.0HP 3.5L V6 Cylinder Engine Gasoline Fuel,A/T,White,Gray,At least 1 accident or damage reported,Yes,28000.0,100252
Cadillac,Escalade ESV Luxury,2016,"116,500 mi.",Gasoline,420.0HP 6.2L 8 Cylinder Engine Gasoline Fuel,8-Speed A/T,Black,Brown,At least 1 accident or damage reported,Yes,30500.0,100253
Maserati,Quattroporte Base,2006,"51,000 mi.",Gasoline,394.0HP 4.2L 8 Cylinder Engine Gasoline Fuel,Transmission w/Dual Shift Mode,Blue,Beige,At least 1 accident or damage reported,Yes,18000.0,100254
Lexus,ES 300h Base,2013,"87,001 mi.",Hybrid,200.0HP 2.5L 4 Cylinder Engine Gas/Electric Hybrid,CVT Transmission,Gold,Beige,None reported,Yes,17995.0,100255
Kia,Sportage LX,2023,"13,000 mi.",Gasoline,187.0HP 2.5L 4 Cylinder Engine Gasoline Fuel,A/T,White,Black,None reported,Yes,31900.0,100256
Ferrari,F12berlinetta Base,2016,"14,770 mi.",Gasoline,6.3L V12 48V GDI DOHC,7-Speed Automatic with Auto-Shift,Gray,–,None reported,,254900.0,100257
Porsche,911 Carrera,2008,"132,500 mi.",Gasoline,325.0HP 3.6L Flat 6 Cylinder Engine Gasoline Fuel,6-Speed M/T,Black,Black,None reported,Yes,35000.0,100258
BMW,M240 i,2018,"61,000 mi.",Gasoline,335.0HP 3.0L Straight 6 Cylinder Engine Gasoline Fuel,6-Speed M/T,Blue,Black,At least 1 accident or damage reported,Yes,34000.0,100259
Tesla,Model X Long Range,2022,"7,500 mi.",,670.0HP Electric Motor Electric Fuel System,A/T,Silver,Black,None reported,Yes,84000.0,100260
BMW,X4 xDrive30i,2022,"34,800 mi.",Gasoline,248.0HP 2.0L 4 Cylinder Engine Gasoline Fuel,A/T,Blue,Brown,None reported,Yes,46000.0,100261
Ford,Explorer Limited,2022,"17,500 mi.",Hybrid,318.0HP 3.3L V6 Cylinder Engine Gas/Electric Hybrid,10-Speed A/T,White,Black,None reported,Yes,46000.0,100262
Mercedes-Benz,Sprinter Normal Roof,2013,"39,748 mi.",Diesel,188.0HP 3.0L V6 Cylinder Engine Diesel Fuel,A/T,Silver,Black,At least 1 accident or damage reported,Yes,54995.0,100263
BMW,430 i,2021,"9,472 mi.",Gasoline,255.0HP 2.0L 4 Cylinder Engine Gasoline Fuel,A/T,White,Blue,None reported,Yes,51000.0,100264
Kia,EV6 Wind,2022,"11,945 mi.",,111.2Ah / FR 70kW / RR 160kW (697V),Automatic,Glacier,Black,None reported,,38998.0,100265
Mitsubishi,Outlander Sport 2.4 SE,2016,"131,193 mi.",Gasoline,2.4L I4 16V MPFI DOHC,Automatic CVT,Black,Black,None reported,Yes,11970.0,100266
Jaguar,F-PACE 30t R-Sport,2019,"34,365 mi.",Gasoline,2.0 Liter,Automatic,Yulong,Ebony,None reported,,59598.0,100267
Lamborghini,Huracan EVO Base,2020,"6,246 mi.",Gasoline,5.2L V10 40V GDI DOHC,7-Speed Automatic with Auto-Shift,Nero Noctis,Nero Ade,None reported,Yes,267950.0,100268
Ford,F-150 XL,2021,"88,883 mi.",Gasoline,2.7L V6 24V PDI DOHC Twin Turbo,10-Speed Automatic,Agate Black Metallic,Black,None reported,Yes,33172.0,100269
Mazda,Mazda6 Grand Touring Reserve,2019,"41,997 mi.",Gasoline,227.0HP 2.5L 4 Cylinder Engine Gasoline Fuel,6-Speed A/T,Black,Black,None reported,Yes,24995.0,100270
Chevrolet,Corvette Stingray w/2LT,2021,"3,053 mi.",Gasoline,490.0HP 6.2L 8 Cylinder Engine Gasoline Fuel,Transmission w/Dual Shift Mode,Silver,Gray,None reported,Yes,83900.0,100271
Cadillac,Escalade ESV Luxury,2020,"120,000 mi.",Gasoline,420.0HP 6.2L 8 Cylinder Engine Gasoline Fuel,10-Speed A/T,Black,Black,None reported,Yes,55000.0,100272
BMW,i3 Base w/Range Extender,2014,"29,553 mi.",,170.0HP 0.65L Electric Motor Electric Fuel System,1-Speed A/T,Black,Gray,None reported,Yes,12800.0,100273
Hyundai,Santa Fe SEL,2021,"2,905 mi.",Gasoline,2.5L I4 16V PDI DOHC,8-Speed Automatic,Shimmering Silver,Black,None reported,,27599.0,100274
Mercedes-Benz,Sprinter 3500 High Roof,2022,105 mi.,Diesel,161.0HP 2.0L 4 Cylinder Engine Diesel Fuel,7-Speed A/T,Black,Orange,None reported,Yes,200000.0,100275
Ford,Thunderbird Deluxe,2004,"39,000 mi.",Gasoline,280.0HP 3.9L 8 Cylinder Engine Gasoline Fuel,A/T,Black,Beige,,,22000.0,100276
Land,Rover Range Rover Sport Supercharged,2008,"140,600 mi.",Gasoline,390.0HP 4.2L 8 Cylinder Engine Gasoline Fuel,6-Speed A/T,Red,Beige,None reported,Yes,7500.0,100277
Nissan,370Z Touring,2012,"65,000 mi.",Gasoline,332.0HP 3.7L V6 Cylinder Engine Gasoline Fuel,6-Speed M/T,Gray,Black,None reported,Yes,21500.0,100278
Maserati,Levante GTS,2021,"19,513 mi.",Gasoline,3.8L V8 32V GDI DOHC Twin Turbo,8-Speed Automatic,Black,Red / Black,At least 1 accident or damage reported,Yes,84645.0,100279
Volkswagen,e-Golf SE,2016,"41,615 mi.",,115.0HP Electric Motor Electric Fuel System,1-Speed A/T,Blue,Gray,None reported,Yes,12000.0,100280
Volkswagen,Golf Auto TSI S,2015,"107,543 mi.",Gasoline,170.0HP 1.8L 4 Cylinder Engine Gasoline Fuel,Transmission w/Dual Shift Mode,Black,Black,None reported,Yes,13200.0,100281
Honda,CR-V EX-L,2016,"73,549 mi.",Gasoline,2.4L I4 16V GDI DOHC,Automatic CVT,Mountain Air Metallic,Black,At least 1 accident or damage reported,,20848.0,100282
Chevrolet,Suburban RST,2022,"21,400 mi.",Diesel,277.0HP 3.0L Straight 6 Cylinder Engine Diesel Fuel,10-Speed A/T,Gray,Black,None reported,Yes,69000.0,100283
Volkswagen,Atlas 3.6L SEL Premium,2021,"36,311 mi.",Gasoline,3.6L V6 24V GDI DOHC,8-Speed Automatic,Deep Black Pearl Effect,Titan Black / Quarzit,None reported,Yes,39127.0,100284
BMW,328 i xDrive,2013,"52,000 mi.",Gasoline,240.0HP 2.0L 4 Cylinder Engine Gasoline Fuel,Transmission w/Dual Shift Mode,White,Beige,None reported,Yes,17500.0,100285
MINI,Cooper S Base,2007,"110,022 mi.",Gasoline,172.0HP 1.6L 4 Cylinder Engine Gasoline Fuel,6-Speed M/T,Silver,Black,None reported,Yes,6250.0,100286
Honda,Civic Si Base,2020,"6,025 mi.",Gasoline,205.0HP 1.5L 4 Cylinder Engine Gasoline Fuel,6-Speed M/T,Gray,Gray,None reported,Yes,27500.0,100287
Buick,Envision Essence,2020,"27,340 mi.",Gasoline,2.5L I4 16V GDI DOHC,6-Speed Automatic,Summit White,Ebony,None reported,,31700.0,100288
Chevrolet,Silverado 1500 LT Extended Cab,2002,"118,500 mi.",Gasoline,285.0HP 5.3L 8 Cylinder Engine Gasoline Fuel,A/T,Silver,Black,At least 1 accident or damage reported,Yes,5900.0,100289
Toyota,Tacoma TRD Pro,2018,"28,800 mi.",Gasoline,"3.5L V-6 port/direct injection, DOHC, VVT-iE variable valve cont","Manual, 6-Spd",–,Black,None reported,,42900.0,100290
Mercedes-Benz,S-Class S 550,2016,"78,101 mi.",Gasoline,449.0HP 4.7L 8 Cylinder Engine Gasoline Fuel,7-Speed A/T,Black,Black,None reported,Yes,34500.0,100291
Ford,Edge Sport,2016,"92,000 mi.",Gasoline,315.0HP 2.7L V6 Cylinder Engine Gasoline Fuel,6-Speed A/T,White,Black,None reported,Yes,19995.0,100292
Nissan,NV200 S,2019,"52,000 mi.",Gasoline,131.0HP 2.0L 4 Cylinder Engine Gasoline Fuel,CVT Transmission,Black,Gray,At least 1 accident or damage reported,Yes,19500.0,100293
Ford,Transit Connect XLT,2015,"194,454 mi.",Gasoline,169.0HP 2.5L 4 Cylinder Engine Gasoline Fuel,6-Speed A/T,White,Black,None reported,Yes,9888.0,100294
Mercedes-Benz,AMG GT C,2020,"15,000 mi.",Gasoline,550.0HP 4.0L 8 Cylinder Engine Gasoline Fuel,7-Speed A/T,Gray,Black,None reported,Yes,129000.0,100295
Lexus,LS 460 L,2007,"127,980 mi.",Gasoline,380.0HP 4.6L 8 Cylinder Engine Gasoline Fuel,8-Speed A/T,Blue,Beige,None reported,Yes,9999.0,100296
Mercedes-Benz,AMG GLS 63 4MATIC,2022,"4,102 mi.",Hybrid,603.0HP 4.0L 8 Cylinder Engine Gasoline/Mild Electric Hybrid,9-Speed A/T,Black,Black,None reported,Yes,144664.0,100297
Toyota,Tundra SR5 Access Cab,2005,"209,500 mi.",Gasoline,282.0HP 4.7L 8 Cylinder Engine Gasoline Fuel,5-Speed A/T,Blue,Gray,None reported,Yes,8500.0,100298
BMW,330 i xDrive,2017,"75,000 mi.",Gasoline,248.0HP 2.0L 4 Cylinder Engine Gasoline Fuel,A/T,Blue,Black,None reported,Yes,20000.0,100299
Audi,A6 3.0T Prestige,2014,"89,500 mi.",Gasoline,310.0HP 3.0L V6 Cylinder Engine Gasoline Fuel,Transmission w/Dual Shift Mode,Gray,Black,None reported,Yes,18000.0,100300
Toyota,Prius v Three,2016,"86,300 mi.",Hybrid,134.0HP 1.8L 4 Cylinder Engine Gas/Electric Hybrid,A/T,Gray,Black,At least 1 accident or damage reported,Yes,18000.0,100301
Chevrolet,Suburban Z71,2022,"36,555 mi.",Gasoline,5.3L V8 16V GDI OHV,Automatic,Summit White,Jet Black,None reported,Yes,64288.0,100302
Tesla,Model S P100D,2017,"103,000 mi.",,Electric Motor Electric Fuel System,1-Speed A/T,Black,White,None reported,Yes,36000.0,100303
Chevrolet,Tahoe LT,2017,"61,720 mi.",E85 Flex Fuel,5.3 Liter,Automatic,Silver,Jet Black,At least 1 accident or damage reported,,39998.0,100304
Lexus,RX 350 F Sport,2018,"26,100 mi.",Gasoline,295.0HP 3.5L V6 Cylinder Engine Gasoline Fuel,8-Speed A/T,Gray,Red,None reported,Yes,37899.0,100305
Dodge,Challenger SRT Hellcat,2020,"12,700 mi.",Gasoline,717.0HP 6.2L 8 Cylinder Engine Gasoline Fuel,8-Speed A/T,Black,Black,At least 1 accident or damage reported,Yes,69900.0,100306
Mercedes-Benz,SL-Class SL 550,2013,"115,000 mi.",Gasoline,429.0HP 4.6L 8 Cylinder Engine Gasoline Fuel,Transmission w/Dual Shift Mode,Black,Black,At least 1 accident or damage reported,Yes,36000.0,100307
Genesis,GV70 3.5T Sport,2022,"12,900 mi.",Gasoline,375.0HP 3.5L V6 Cylinder Engine Gasoline Fuel,8-Speed A/T,Gray,White,None reported,Yes,53000.0,100308
Acura,RDX w/A-Spec Package,2023,"3,959 mi.",Gasoline,2.0 Liter DOHC Turbo,Automatic,White,Black,None reported,,48998.0,100309
Jeep,Wrangler Unlimited 4xe Sahara,2022,"10,500 mi.",Plug-In Hybrid,375.0HP 2.0L 4 Cylinder Engine Plug-In Electric/Gas,8-Speed A/T,Green,Beige,None reported,Yes,49999.0,100310
Genesis,G90 3.3T Premium,2021,"9,950 mi.",Gasoline,365.0HP 3.3L V6 Cylinder Engine Gasoline Fuel,8-Speed A/T,Silver,Blue,None reported,Yes,53950.0,100311
Chevrolet,Tahoe LS,2005,"170,000 mi.",Gasoline,285.0HP 4.8L 8 Cylinder Engine Gasoline Fuel,4-Speed A/T,Silver,Gray,At least 1 accident or damage reported,Yes,9000.0,100312
Mercedes-Benz,E-Class E 350,2014,"53,500 mi.",Gasoline,302.0HP 3.5L V6 Cylinder Engine Gasoline Fuel,A/T,Black,Brown,None reported,Yes,24500.0,100313
Jeep,Grand Cherokee L Limited,2022,"18,333 mi.",Gasoline,3.6L V6 24V MPFI DOHC,8-Speed Automatic,Velvet Red Pearlcoat,Global Black,None reported,,41599.0,100314
Honda,Pilot EX-L,2011,"175,000 mi.",Gasoline,250.0HP 3.5L V6 Cylinder Engine Gasoline Fuel,5-Speed A/T,Black,Gray,None reported,Yes,9000.0,100315
Toyota,Matrix XR,2004,"173,452 mi.",Gasoline,130.0HP 1.8L 4 Cylinder Engine Gasoline Fuel,4-Speed A/T,Silver,Black,At least 1 accident or damage reported,Yes,4000.0,100316
Volvo,S80 T6,2009,"97,615 mi.",Gasoline,281.0HP 3.0L Straight 6 Cylinder Engine Gasoline Fuel,6-Speed A/T,Black,Gray,None reported,Yes,10500.0,100317
Honda,Pilot EX-L,2020,"44,000 mi.",Gasoline,280.0HP 3.5L V6 Cylinder Engine Gasoline Fuel,A/T,White,Black,None reported,Yes,34999.0,100318
Ford,F-150 Lightning LARIAT,2022,470 mi.,,563.0HP Electric Motor Electric Fuel System,1-Speed A/T,White,Gray,None reported,Yes,71900.0,100319
Dodge,Caliber Express,2010,"102,681 mi.",Gasoline,158.0HP 2.0L 4 Cylinder Engine Gasoline Fuel,M/T,Red,Black,None reported,Yes,6000.0,100320
Chevrolet,Cruze LT,2012,"148,377 mi.",Gasoline,138.0HP 1.4L 4 Cylinder Engine Gasoline Fuel,6-Speed A/T,Blue,Black,,,5500.0,100321
Mazda,CX-5 Grand Touring,2021,"62,377 mi.",Gasoline,2.5L I4 16V,6-Speed Automatic,Jet Black Mica,Black,None reported,Yes,26288.0,100322
Nissan,Frontier SV,2012,"96,600 mi.",Gasoline,261.0HP 4.0L V6 Cylinder Engine Gasoline Fuel,A/T,Beige,Black,At least 1 accident or damage reported,Yes,17000.0,100323
Nissan,Armada SL,2022,"14,735 mi.",Gasoline,5.6 Liter,Automatic,White,Black,None reported,,50998.0,100324
Pontiac,Solstice GXP,2007,"47,000 mi.",Gasoline,260.0HP 2.0L 4 Cylinder Engine Gasoline Fuel,5-Speed M/T,Black,Black,None reported,Yes,13300.0,100325
Plymouth,Prowler Base,2001,"22,300 mi.",Gasoline,253.0HP 3.5L V6 Cylinder Engine Gasoline Fuel,4-Speed A/T,Blue,Gray,None reported,Yes,28500.0,100326
Mercedes-Benz,E-Class E55 AMG,2005,"131,000 mi.",Gasoline,469.0HP 5.4L 8 Cylinder Engine Gasoline Fuel,5-Speed A/T,Gray,Black,None reported,Yes,16500.0,100327
Volkswagen,Golf GTI 2.0T SE w/Performance Package 4-Door,2016,"59,250 mi.",Gasoline,220.0HP 2.0L 4 Cylinder Engine Gasoline Fuel,Transmission w/Dual Shift Mode,Gray,Black,None reported,Yes,18999.0,100328
Ford,F-350 Lariat Super Duty Crew Cab,2009,"130,200 mi.",Diesel,350.0HP 6.4L 8 Cylinder Engine Diesel Fuel,5-Speed A/T,White,Beige,None reported,Yes,28900.0,100329
Dodge,Dart SE,2013,"153,250 mi.",Gasoline,160.0HP 1.4L 4 Cylinder Engine Gasoline Fuel,6-Speed A/T,Silver,Black,None reported,Yes,4399.0,100330
RAM,1500 Laramie,2022,"15,741 mi.",Gasoline,5.7L V8 16V MPFI OHV,8-Speed Automatic,Flame Red Clearcoat,Black,None reported,,45999.0,100331
Mercedes-Benz,AMG GLE 63 S Coupe 4MATIC,2018,"71,500 mi.",Gasoline,577.0HP 5.5L 8 Cylinder Engine Gasoline Fuel,7-Speed A/T,White,White,None reported,Yes,61000.0,100332
Audi,Q4 e-tron 50 Premium Plus,2022,250 mi.,,295.0HP Electric Motor Electric Fuel System,1-Speed A/T,Gray,Black,None reported,Yes,52000.0,100333
Chevrolet,Suburban LTZ,2016,"110,000 mi.",E85 Flex Fuel,355.0HP 5.3L 8 Cylinder Engine Flex Fuel Capability,A/T,Brown,Brown,None reported,Yes,30999.0,100334
Nissan,Titan S,2017,"20,220 mi.",Gasoline,390.0HP 5.6L 8 Cylinder Engine Gasoline Fuel,7-Speed A/T,White,Gray,None reported,Yes,32324.0,100335
Chevrolet,Tahoe LTZ,2015,"102,200 mi.",Gasoline,355.0HP 5.3L 8 Cylinder Engine Gasoline Fuel,A/T,Silver,Black,None reported,Yes,25000.0,100336
Ford,Bronco Sport Outer Banks,2021,"15,198 mi.",Gasoline,1.5L I3 12V PDI DOHC Turbo,8-Speed Automatic,Blue,Navy Pier,None reported,Yes,31621.0,100337
Mazda,Mazda3 i Touring,2014,"118,500 mi.",Gasoline,155.0HP 2.0L 4 Cylinder Engine Gasoline Fuel,M/T,Silver,Black,At least 1 accident or damage reported,Yes,11500.0,100338
Ford,Escape XLT,2007,"133,300 mi.",Gasoline,153.0HP 2.3L 4 Cylinder Engine Gasoline Fuel,4-Speed A/T,Silver,Silver,None reported,Yes,3000.0,100339
Mazda,Mazda6 Signature,2021,"11,737 mi.",Gasoline,2.5L I4 16V GDI DOHC Turbo,6-Speed Automatic,Soul Red Crystal Metallic,Deep Chestnut,None reported,Yes,33687.0,100340
Jeep,Compass Trailhawk,2018,"31,000 mi.",Gasoline,180.0HP 2.4L 4 Cylinder Engine Gasoline Fuel,9-Speed A/T,Gray,Black,None reported,Yes,22000.0,100341
Volvo,XC60 T5 R-Design,2019,"43,500 mi.",Gasoline,250.0HP 2.0L 4 Cylinder Engine Gasoline Fuel,Transmission w/Dual Shift Mode,Gray,Black,None reported,Yes,30000.0,100342
Toyota,Land Cruiser Base,2016,"61,500 mi.",Gasoline,381.0HP 5.7L 8 Cylinder Engine Gasoline Fuel,8-Speed A/T,White,Black,None reported,Yes,63500.0,100343
Mercedes-Benz,Maybach S 580 4MATIC,2022,"4,760 mi.",Gasoline,4.0L V8 32V GDI DOHC Twin Turbo,9-Speed Automatic,Diamond White,Black,None reported,Yes,229000.0,100344
Audi,Q5 S line Premium Plus,2022,"10,071 mi.",Hybrid,2.0 Liter TFSI,Automatic,Mythos Black Metallic,Black,None reported,,40598.0,100345
Cadillac,Escalade EXT Base,2007,"99,000 mi.",Gasoline,403.0HP 6.2L 8 Cylinder Engine Gasoline Fuel,6-Speed A/T,Black,Black,None reported,Yes,22999.0,100346
Jeep,Wrangler Unlimited Rubicon,2022,"1,750 mi.",Gasoline,285.0HP 3.6L V6 Cylinder Engine Gasoline Fuel,8-Speed A/T,Gray,Brown,None reported,Yes,65500.0,100347
Jeep,Wrangler Sport,2020,"26,315 mi.",Gasoline,2.0L I4 16V GDI DOHC Turbo,8-Speed Automatic,Black Clearcoat,Black,None reported,Yes,31871.0,100348
Ford,F-250 Lariat,2018,"120,000 mi.",Diesel,450.0HP 6.7L 8 Cylinder Engine Diesel Fuel,6-Speed A/T,Silver,Black,At least 1 accident or damage reported,Yes,55000.0,100349
Jaguar,F-TYPE R,2018,"39,900 mi.",Gasoline,550.0HP 5.0L 8 Cylinder Engine Gasoline Fuel,8-Speed A/T,White,Black,None reported,Yes,53600.0,100350
McLaren,570S Spider,2020,"8,700 mi.",Gasoline,562.0HP 3.8L 8 Cylinder Engine Gasoline Fuel,Transmission w/Dual Shift Mode,Black,Black,None reported,Yes,185000.0,100351
Lexus,IS 250 Base,2010,"132,700 mi.",Gasoline,204.0HP 2.5L V6 Cylinder Engine Gasoline Fuel,A/T,Black,Black,At least 1 accident or damage reported,Yes,10700.0,100352
GMC,Acadia SLT-1,2019,"51,300 mi.",Gasoline,193.0HP 2.5L 4 Cylinder Engine Gasoline Fuel,6-Speed A/T,Black,Black,At least 1 accident or damage reported,Yes,25500.0,100353
Ferrari,GTC4Lusso T,2018,"31,000 mi.",Gasoline,602.0HP 3.9L 8 Cylinder Engine Gasoline Fuel,A/T,White,Red,None reported,Yes,197499.0,100354
Porsche,Taycan,2022,"2,116 mi.",,Electric,Automatic,Black,Black,None reported,,90998.0,100355
Volkswagen,Golf GTI 2.0T SE 4-Door,2016,"87,892 mi.",Gasoline,210.0HP 2.0L 4 Cylinder Engine Gasoline Fuel,6-Speed M/T,Gray,Black,None reported,Yes,16000.0,100356
BMW,740e xDrive iPerformance,2019,"33,214 mi.",Plug-In Hybrid,322.0HP 2.0L 4 Cylinder Engine Plug-In Electric/Gas,A/T,White,Black,None reported,Yes,43500.0,100357
Jaguar,XJ8 Base,2004,"134,000 mi.",Gasoline,294.0HP 4.2L 8 Cylinder Engine Gasoline Fuel,6-Speed A/T,Black,Beige,At least 1 accident or damage reported,Yes,9500.0,100358
Jeep,Grand Cherokee L Laredo,2022,"22,109 mi.",Gasoline,3.6L V6 24V MPFI DOHC,Automatic,Bright White Clearcoat,Global Black,,,43389.0,100359
Chrysler,200 Limited,2015,"95,271 mi.",E85 Flex Fuel,184.0HP 2.4L 4 Cylinder Engine Flex Fuel Capability,A/T,Black,Black,,,12468.0,100360
Aston,Martin DBS Superleggera,2019,"22,770 mi.",Gasoline,715.0HP 5.2L 12 Cylinder Engine Gasoline Fuel,8-Speed A/T,Silver,Black,None reported,Yes,184606.0,100361
Chevrolet,Tahoe LT,2018,"55,000 mi.",Gasoline,355.0HP 5.3L 8 Cylinder Engine Gasoline Fuel,6-Speed A/T,Black,Black,None reported,Yes,37900.0,100362
Honda,Crosstour EX-L,2012,"90,742 mi.",Gasoline,192.0HP 2.4L 4 Cylinder Engine Gasoline Fuel,A/T,Gray,Gray,None reported,Yes,12980.0,100363
Chrysler,200 C,2015,"44,000 mi.",E85 Flex Fuel,295.0HP 3.6L V6 Cylinder Engine Flex Fuel Capability,A/T,White,Black,At least 1 accident or damage reported,Yes,12700.0,100364
Jeep,Gladiator Rubicon,2020,"27,981 mi.",Gasoline,285.0HP 3.6L V6 Cylinder Engine Gasoline Fuel,A/T,Red,Black,None reported,Yes,47500.0,100365
GMC,Yukon XL Denali,2018,"45,617 mi.",Gasoline,420.0HP 6.2L 8 Cylinder Engine Gasoline Fuel,A/T,White,Gray,None reported,Yes,51000.0,100366
Maserati,MC20 MC20,2022,"1,220 mi.",Gasoline,"Nettuno 3L V-6 port/direct injection, DOHC, variable valve contr","Automatic, 8-Spd Dual-Clutch",–,–,None reported,,238900.0,100367
Dodge,Ram 1500 Laramie Mega Cab,2006,"300,183 mi.",Gasoline,345.0HP 5.7L 8 Cylinder Engine Gasoline Fuel,A/T,Silver,Gray,At least 1 accident or damage reported,Yes,10900.0,100368
Lamborghini,Murcielago Base,2006,"10,000 mi.",Gasoline,571.0HP 6.2L 12 Cylinder Engine Gasoline Fuel,A/T,Red,Black,None reported,Yes,259000.0,100369
GMC,Yukon SLT,2010,"194,500 mi.",E85 Flex Fuel,320.0HP 5.3L 8 Cylinder Engine Flex Fuel Capability,6-Speed A/T,White,Beige,At least 1 accident or damage reported,Yes,9500.0,100370
Toyota,Camry Hybrid Base,2011,"133,121 mi.",Hybrid,147.0HP 2.4L 4 Cylinder Engine Gas/Electric Hybrid,A/T,White,White,At least 1 accident or damage reported,Yes,7900.0,100371
Tesla,Model Y Long Range,2022,"12,055 mi.",,425.0HP Electric Motor Electric Fuel System,A/T,Blue,Black,None reported,Yes,44400.0,100372
Ferrari,F430 Berlinetta,2005,"38,686 mi.",Gasoline,483.0HP 4.3L 8 Cylinder Engine Gasoline Fuel,Transmission w/Dual Shift Mode,White,Red,None reported,Yes,99999.0,100373
Maserati,Grecale Modena,2023,"2,200 mi.",Hybrid,325.0HP 2.0L 4 Cylinder Engine Gasoline/Mild Electric Hybrid,Transmission w/Dual Shift Mode,Black,Red,None reported,Yes,75000.0,100374
Cadillac,Escalade ESV Premium Luxury,2021,"53,169 mi.",Gasoline,420.0HP 6.2L 8 Cylinder Engine Gasoline Fuel,A/T,Black,Black,None reported,Yes,81500.0,100375
Dodge,Sprinter 2500,2007,"189,719 mi.",Diesel,3.0L V6 Cylinder Engine Diesel Fuel,5-Speed A/T,White,Gray,At least 1 accident or damage reported,Yes,14000.0,100376
Cadillac,SRX Standard,2016,"48,000 mi.",Gasoline,308.0HP 3.6L V6 Cylinder Engine Gasoline Fuel,6-Speed A/T,White,Black,At least 1 accident or damage reported,Yes,24995.0,100377
Lexus,RC 350 F Sport,2021,"23,436 mi.",Gasoline,311.0HP 3.5L V6 Cylinder Engine Gasoline Fuel,6-Speed A/T,Black,Black,None reported,Yes,41927.0,100378
Honda,Pilot EX-L,2016,"80,500 mi.",Gasoline,280.0HP 3.5L V6 Cylinder Engine Gasoline Fuel,6-Speed A/T,Gray,Black,None reported,Yes,23000.0,100379
BMW,X5 PHEV xDrive45e,2023,"3,099 mi.",Plug-In Hybrid,389.0HP 3.0L Straight 6 Cylinder Engine Plug-In Electric/Gas,8-Speed A/T,Black,Black,None reported,Yes,74995.0,100380
Hyundai,Genesis Coupe 3.8 Base,2016,"45,303 mi.",Gasoline,348.0HP 3.8L V6 Cylinder Engine Gasoline Fuel,8-Speed A/T,White,Black,None reported,Yes,20999.0,100381
Tesla,Model S 75D,2016,"102,260 mi.",,518.0HP Electric Motor Electric Fuel System,1-Speed A/T,White,Black,None reported,Yes,31300.0,100382
Lexus,LC 500 Base,2022,"6,875 mi.",Gasoline,471.0HP 5.0L 8 Cylinder Engine Gasoline Fuel,A/T,White,Black,None reported,Yes,89000.0,100383
Acura,RDX Technology Package,2020,"31,015 mi.",Gasoline,2.0L I4 16V GDI DOHC Turbo,10-Speed Automatic,Silver,Ebony,None reported,Yes,36570.0,100384
Mercedes-Benz,C-Class C 63 AMG,2014,"84,500 mi.",Gasoline,451.0HP 6.2L 8 Cylinder Engine Gasoline Fuel,7-Speed A/T,White,Black,None reported,Yes,41500.0,100385
Kia,Telluride SX,2023,"9,822 mi.",Gasoline,3.8L V6 24V GDI DOHC,8-Speed Automatic,Midnight Black,Gray,None reported,,50998.0,100386
Toyota,4Runner Limited,2018,"95,000 mi.",Gasoline,270.0HP 4.0L V6 Cylinder Engine Gasoline Fuel,A/T,Silver,Brown,None reported,Yes,33000.0,100387
Ford,F-150 XL,2014,"27,300 mi.",Gasoline,365.0HP 3.5L V6 Cylinder Engine Gasoline Fuel,6-Speed A/T,Gray,Gray,None reported,Yes,21500.0,100388
Lincoln,Navigator L Reserve,2019,"67,073 mi.",Gasoline,450.0HP 3.5L V6 Cylinder Engine Gasoline Fuel,10-Speed A/T,Black,Black,At least 1 accident or damage reported,Yes,47999.0,100389
BMW,740 Li,2012,"85,252 mi.",Gasoline,326.0HP 3.0L Straight 6 Cylinder Engine Gasoline Fuel,6-Speed A/T,Black,Black,None reported,Yes,18500.0,100390
Ford,Fusion SE,2018,"75,600 mi.",Gasoline,181.0HP 1.5L 4 Cylinder Engine Gasoline Fuel,A/T,Blue,Black,At least 1 accident or damage reported,Yes,14950.0,100391
Volvo,XC90 T6 Momentum,2018,"62,000 mi.",Gasoline,316.0HP 2.0L 4 Cylinder Engine Gasoline Fuel,8-Speed A/T,Silver,Black,None reported,Yes,30500.0,100392
Ford,F-150 Raptor,2021,"28,260 mi.",Gasoline,450.0HP 3.5L V6 Cylinder Engine Gasoline Fuel,10-Speed A/T,Blue,Blue,None reported,Yes,72950.0,100393
Lexus,LS 500 F Sport,2018,"15,055 mi.",Gasoline,416.0HP 3.5L V6 Cylinder Engine Gasoline Fuel,A/T,White,Black,None reported,Yes,59000.0,100394
Mercury,Marauder Base,2004,"56,600 mi.",Gasoline,302.0HP 4.6L 8 Cylinder Engine Gasoline Fuel,Transmission Overdrive Switch,Silver,Black,None reported,Yes,23000.0,100395
Ford,F-350 Lariat,2015,"162,000 mi.",Diesel,440.0HP 6.7L 8 Cylinder Engine Diesel Fuel,Transmission w/Dual Shift Mode,Red,Beige,None reported,Yes,32000.0,100396
Porsche,Panamera Turbo,2015,"67,210 mi.",Gasoline,520.0HP 4.8L 8 Cylinder Engine Gasoline Fuel,Transmission w/Dual Shift Mode,Blue,Beige,At least 1 accident or damage reported,Yes,51950.0,100397
Subaru,Outback Touring XT,2021,"33,500 mi.",Gasoline,260.0HP 2.4L 4 Cylinder Engine Gasoline Fuel,CVT Transmission,Blue,Brown,None reported,Yes,34000.0,100398
RAM,1500 Sport,2012,"113,500 mi.",Gasoline,390.0HP 5.7L 8 Cylinder Engine Gasoline Fuel,A/T,Black,Black,None reported,Yes,17900.0,100399
BMW,M5 Base,2018,"20,500 mi.",Gasoline,600.0HP 4.4L 8 Cylinder Engine Gasoline Fuel,8-Speed A/T,Silver,Black,None reported,Yes,67000.0,100400
INFINITI,QX56 Base,2011,"130,921 mi.",Gasoline,400.0HP 5.6L 8 Cylinder Engine Gasoline Fuel,Transmission Overdrive Switch,White,Beige,None reported,Yes,12000.0,100401
Nissan,Maxima SV,2022,"36,466 mi.",Gasoline,3.5L V6 24V GDI DOHC,Automatic CVT,Brilliant Silver Metallic,Charcoal,None reported,,24980.0,100402
Porsche,911 Turbo Cabriolet,2009,"13,500 mi.",Gasoline,480.0HP 3.6L Flat 6 Cylinder Engine Gasoline Fuel,6-Speed M/T,Gray,Black,None reported,Yes,130000.0,100403
Chrysler,Sebring LX,2008,"67,303 mi.",Gasoline,173.0HP 2.4L 4 Cylinder Engine Gasoline Fuel,A/T,Blue,Blue,None reported,Yes,4900.0,100404
Kia,Sorento LX V6,2019,"86,204 mi.",Gasoline,3.3L V6 24V GDI DOHC,8-Speed Automatic,Sparkling Silver,Satin Black,At least 1 accident or damage reported,,20708.0,100405
Lexus,LX 600 F SPORT,2023,"1,185 mi.",Gasoline,409.0HP 3.4L V6 Cylinder Engine Gasoline Fuel,10-Speed A/T,Black,Black,None reported,Yes,120990.0,100406
BMW,M3 CS,2018,"38,000 mi.",Gasoline,453.0HP 3.0L Straight 6 Cylinder Engine Gasoline Fuel,A/T,White,Black,None reported,Yes,60500.0,100407
BMW,M240 i xDrive,2022,"2,010 mi.",Gasoline,382.0HP 3.0L Straight 6 Cylinder Engine Gasoline Fuel,A/T,Purple,Black,None reported,Yes,55000.0,100408
Chevrolet,Camaro 2SS,2018,"8,660 mi.",Gasoline,455.0HP 6.2L 8 Cylinder Engine Gasoline Fuel,8-Speed A/T,White,Black,None reported,Yes,45000.0,100409
Ford,Explorer Platinum,2020,"64,552 mi.",Gasoline,3.0L V6 24V GDI DOHC Twin Turbo,10-Speed Automatic,Iconic Silver Metallic,Ebony,At least 1 accident or damage reported,Yes,36750.0,100410
Lexus,LX 570 Three-Row,2021,"25,997 mi.",Gasoline,383.0HP 5.7L 8 Cylinder Engine Gasoline Fuel,A/T,Green,Brown,None reported,Yes,87000.0,100411
Ford,F-150 SVT Raptor,2014,"89,988 mi.",Gasoline,411.0HP 6.2L 8 Cylinder Engine Gasoline Fuel,A/T,Red,Red,At least 1 accident or damage reported,Yes,42500.0,100412
Audi,A7 Premium,2012,"54,000 mi.",Gasoline,310.0HP 3.0L V6 Cylinder Engine Gasoline Fuel,8-Speed A/T,Black,Brown,At least 1 accident or damage reported,Yes,36880.0,100413
Porsche,Carrera GT Base,2005,"4,400 mi.",Gasoline,605.0HP 5.7L 10 Cylinder Engine Gasoline Fuel,6-Speed M/T,Gray,Black,None reported,Yes,1599000.0,100414
Mazda,Mazda6 Touring,2021,"52,253 mi.",Gasoline,2.5L I4 16V GDI DOHC,6-Speed Automatic,Snowflake White Pearl,Black,At least 1 accident or damage reported,Yes,25215.0,100415
Mercedes-Benz,S-Class S 560 4MATIC,2018,"103,069 mi.",Gasoline,4.0 Liter,Automatic,Anthracite Blue Metallic,Silk Beige/Espresso Brown,None reported,,40998.0,100416
Mercedes-Benz,E-Class E 350,2014,"35,000 mi.",Gasoline,302.0HP 3.5L V6 Cylinder Engine Gasoline Fuel,7-Speed A/T,Red,Beige,None reported,Yes,29998.0,100417
Porsche,911 Turbo Cabriolet,2008,"10,900 mi.",Gasoline,480.0HP 3.6L Flat 6 Cylinder Engine Gasoline Fuel,6-Speed M/T,Black,Black,None reported,Yes,129000.0,100418
Audi,RS 7 4.0T Prestige,2016,"64,800 mi.",Gasoline,560.0HP 4.0L 8 Cylinder Engine Gasoline Fuel,8-Speed A/T,White,Brown,None reported,Yes,50000.0,100419
INFINITI,Q40 Base,2015,"143,250 mi.",Gasoline,328.0HP 3.7L V6 Cylinder Engine Gasoline Fuel,Transmission w/Dual Shift Mode,Silver,Black,None reported,Yes,11500.0,100420
Ford,F-150 Platinum,2015,"85,000 mi.",Gasoline,365.0HP 3.5L V6 Cylinder Engine Gasoline Fuel,6-Speed A/T,White,Black,None reported,Yes,31000.0,100421
Volvo,XC70 3.2,2008,"46,700 mi.",Gasoline,235.0HP 3.2L Straight 6 Cylinder Engine Gasoline Fuel,6-Speed A/T,White,Beige,,,11400.0,100422
Cadillac,ATS 2.5L,2013,"63,172 mi.",Gasoline,202.0HP 2.5L 4 Cylinder Engine Gasoline Fuel,A/T,Black,Black,At least 1 accident or damage reported,Yes,12995.0,100423
BMW,X3 xDrive30i,2020,"43,000 mi.",Gasoline,248.0HP 2.0L 4 Cylinder Engine Gasoline Fuel,A/T,Gray,Brown,At least 1 accident or damage reported,Yes,40000.0,100424
Nissan,GT-R Premium,2009,"60,747 mi.",Gasoline,480.0HP 3.8L V6 Cylinder Engine Gasoline Fuel,6-Speed A/T,White,–,At least 1 accident or damage reported,Yes,71999.0,100425
Kia,Sportage X-Pro,2023,459 mi.,Gasoline,2.5L I4 16V PDI DOHC,8-Speed Automatic,Jungle Green,Black,None reported,,36998.0,100426
Land,Rover Range Rover Autobiography,2023,"1,148 mi.",Gasoline,4.4L V8 32V GDI DOHC Twin Turbo,Automatic,Carpathian Grey,Ebony,None reported,,193063.0,100427
Tesla,Model Y Long Range,2022,"4,665 mi.",,Dual Motor - Standard,Automatic,Silver,Black,None reported,,46598.0,100428
MINI,Countryman Cooper S ALL4,2014,"79,000 mi.",Gasoline,181.0HP 1.6L 4 Cylinder Engine Gasoline Fuel,Transmission w/Dual Shift Mode,White,Black,None reported,Yes,17000.0,100429
Alfa,Romeo Stelvio Ti Sport,2018,"37,045 mi.",Gasoline,280.0HP 2.0L 4 Cylinder Engine Gasoline Fuel,Transmission w/Dual Shift Mode,White,Red,At least 1 accident or damage reported,Yes,26600.0,100430
BMW,X6 M Base,2023,"7,000 mi.",Gasoline,600.0HP 4.4L 8 Cylinder Engine Gasoline Fuel,Transmission w/Dual Shift Mode,Gray,Gray,None reported,Yes,144900.0,100431
Toyota,Camry Solara SLE,2008,"73,000 mi.",Gasoline,210.0HP 3.3L V6 Cylinder Engine Gasoline Fuel,5-Speed A/T,Blue,Beige,At least 1 accident or damage reported,Yes,11500.0,100432
Ford,F-150 XLT SuperCab,2004,"187,000 mi.",Gasoline,300.0HP 5.4L 8 Cylinder Engine Gasoline Fuel,A/T,Beige,Beige,None reported,Yes,6299.0,100433
Audi,Q5 2.0T Premium Plus,2013,"111,773 mi.",Gasoline,211.0HP 2.0L 4 Cylinder Engine Gasoline Fuel,8-Speed A/T,Brown,Beige,None reported,Yes,17000.0,100434
Ford,Mustang GT Premium,2018,"26,840 mi.",Gasoline,460.0HP 5.0L 8 Cylinder Engine Gasoline Fuel,6-Speed M/T,White,Black,None reported,Yes,42500.0,100435
Ford,Transit-350 XL,2018,"95,000 mi.",E85 Flex Fuel,275.0HP 3.7L V6 Cylinder Engine Flex Fuel Capability,A/T,White,Gray,None reported,Yes,43000.0,100436
Chevrolet,Suburban Premier,2017,"166,549 mi.",Gasoline,355.0HP 5.3L 8 Cylinder Engine Gasoline Fuel,6-Speed A/T,White,Beige,At least 1 accident or damage reported,Yes,24950.0,100437
GMC,Sierra 1500 Limited Elevation,2022,"24,900 mi.",Gasoline,310.0HP 2.7L 4 Cylinder Engine Gasoline Fuel,8-Speed A/T,Black,Black,None reported,Yes,49900.0,100438
Chevrolet,Cruze LT,2012,"194,000 mi.",Gasoline,138.0HP 1.4L 4 Cylinder Engine Gasoline Fuel,6-Speed A/T,Gray,White,At least 1 accident or damage reported,Yes,4900.0,100439
Volvo,XC60 T6 Inscription,2019,"58,600 mi.",Gasoline,330.0HP 2.0L 4 Cylinder Engine Gasoline Fuel,A/T,White,White,At least 1 accident or damage reported,Yes,29000.0,100440
Porsche,Panamera Turbo,2010,"63,000 mi.",Gasoline,500.0HP 4.8L 8 Cylinder Engine Gasoline Fuel,7-Speed A/T,Black,Beige,At least 1 accident or damage reported,Yes,38500.0,100441
Mercedes-Benz,AMG GT 63 S 4-Door,2020,"40,000 mi.",Gasoline,630.0HP 4.0L 8 Cylinder Engine Gasoline Fuel,9-Speed A/T,Black,Red,None reported,Yes,112500.0,100442
Chevrolet,Corvette Base,2005,"143,095 mi.",Gasoline,400.0HP 6.0L 8 Cylinder Engine Gasoline Fuel,4-Speed A/T,Red,Black,None reported,Yes,16000.0,100443
Subaru,Forester 2.5i Limited,2015,"90,000 mi.",Gasoline,170.0HP 2.5L 4 Cylinder Engine Gasoline Fuel,CVT Transmission,Silver,Gray,None reported,Yes,16000.0,100444
BMW,M6 Base,2015,"37,000 mi.",Gasoline,560.0HP 4.4L 8 Cylinder Engine Gasoline Fuel,Transmission w/Dual Shift Mode,Silver,Silver,None reported,Yes,45950.0,100445
Chevrolet,Camaro 2SS,2018,"26,000 mi.",Gasoline,455.0HP 6.2L 8 Cylinder Engine Gasoline Fuel,8-Speed A/T,White,Black,None reported,Yes,39000.0,100446
Lincoln,MKX Base,2010,"156,000 mi.",Gasoline,265.0HP 3.5L V6 Cylinder Engine Gasoline Fuel,6-Speed A/T,Black,Black,At least 1 accident or damage reported,Yes,5900.0,100447
INFINITI,QX60 Base,2016,"71,000 mi.",Gasoline,265.0HP 3.5L V6 Cylinder Engine Gasoline Fuel,A/T,Black,Black,None reported,Yes,21500.0,100448
Porsche,911 Carrera S Cabriolet,2007,"28,844 mi.",Gasoline,3.8L H6 24V MPFI DOHC,6-Speed Manual,White,Beige,,,69995.0,100449
Kia,Optima Hybrid EX,2013,"104,994 mi.",Hybrid,199.0HP 2.4L 4 Cylinder Engine Gas/Electric Hybrid,6-Speed A/T,Black,Beige,None reported,Yes,9000.0,100450
Saturn,Vue Hybrid Base,2009,"115,000 mi.",Hybrid,172.0HP 2.4L 4 Cylinder Engine Gas/Electric Hybrid,A/T,Blue,Beige,None reported,Yes,4400.0,100451
Mercedes-Benz,E-Class AMG E 53,2020,"23,044 mi.",Hybrid,3.0 Liter Turbo,Automatic,Emerald Green Metallic,Black/Saddle Brown,None reported,,72598.0,100452
Ford,Mustang V6 Premium,2013,"62,500 mi.",Gasoline,305.0HP 3.7L V6 Cylinder Engine Gasoline Fuel,6-Speed M/T,Black,Black,None reported,Yes,16000.0,100453
Rolls-Royce,Ghost Base,2016,"8,755 mi.",Gasoline,563.0HP 6.6L 12 Cylinder Engine Gasoline Fuel,A/T,Black,Black,None reported,Yes,166900.0,100454
Volvo,S60 T6 Momentum,2020,"46,250 mi.",Gasoline,2.0L I4 16V GDI DOHC,8-Speed Automatic,White,Charcoal,At least 1 accident or damage reported,Yes,27800.0,100455
Chevrolet,Silverado 2500 LT H/D Extended Cab,2006,"169,000 mi.",Diesel,360.0HP 6.6L 8 Cylinder Engine Diesel Fuel,6-Speed A/T,White,Gray,None reported,Yes,19500.0,100456
Mercedes-Benz,C-Class C 300 4MATIC,2020,"14,220 mi.",Gasoline,255.0HP 2.0L 4 Cylinder Engine Gasoline Fuel,9-Speed A/T,Blue,Beige,None reported,Yes,35500.0,100457
BMW,740 i,2018,"40,989 mi.",Gasoline,320.0HP 3.0L Straight 6 Cylinder Engine Gasoline Fuel,8-Speed A/T,Black,Gold,None reported,Yes,35000.0,100458
Lincoln,MKZ Reserve,2017,"37,375 mi.",Gasoline,400.0HP 3.0L V6 Cylinder Engine Gasoline Fuel,6-Speed A/T,Blue,Brown,None reported,Yes,27500.0,100459
Nissan,GT-R Premium,2013,"101,000 mi.",Gasoline,545.0HP 3.8L V6 Cylinder Engine Gasoline Fuel,Transmission w/Dual Shift Mode,White,Black,None reported,Yes,59000.0,100460
Dodge,Durango SLT,2004,"143,000 mi.",Gasoline,335.0HP 5.7L 8 Cylinder Engine Gasoline Fuel,A/T,Beige,Beige,None reported,Yes,3200.0,100461
Jeep,Gladiator Sport,2021,"15,520 mi.",Gasoline,3.6L V6 24V MPFI DOHC,8-Speed Automatic,Sting Gray Clearcoat,Black,None reported,Yes,40459.0,100462
Chevrolet,Traverse Premier,2023,"11,806 mi.",Gasoline,310.0HP 3.6L V6 Cylinder Engine Gasoline Fuel,9-Speed A/T,White,Black,None reported,Yes,47000.0,100463
Lamborghini,Aventador S Base,2018,"5,858 mi.",Gasoline,729.0HP 6.5L 12 Cylinder Engine Gasoline Fuel,7-Speed A/T,White,Gray,None reported,Yes,491836.0,100464
Chevrolet,Traverse High Country,2020,"56,247 mi.",Gasoline,3.6L V6 24V GDI DOHC,9-Speed Automatic,Stone Gray Metallic,Jet Black,None reported,Yes,39244.0,100465
BMW,M8 Gran Coupe Competition,2023,"2,900 mi.",Gasoline,617.0HP 4.4L 8 Cylinder Engine Gasoline Fuel,8-Speed A/T,Green,Gray,None reported,Yes,117500.0,100466
Chevrolet,Trailblazer LS,2021,"24,965 mi.",Gasoline,1.2L I3 12V GDI DOHC Turbo,Automatic CVT,Mosaic Black Metallic,Jet Black,At least 1 accident or damage reported,Yes,22995.0,100467
Hyundai,Santa Fe SE,2007,"145,000 mi.",Gasoline,242.0HP 3.3L V6 Cylinder Engine Gasoline Fuel,A/T,Blue,Gray,At least 1 accident or damage reported,Yes,4200.0,100468
Land,Rover Range Rover HSE,2012,"102,800 mi.",Gasoline,385.0HP 5.0L 8 Cylinder Engine Gasoline Fuel,A/T,Gold,Brown,None reported,Yes,16000.0,100469
BMW,M8 Competition,2020,"10,906 mi.",Gasoline,4.4 Liter Twin Turbo,Automatic,Donington Grey Metallic,Black,None reported,,96998.0,100470
Toyota,bZ4X Limited,2023,"6,548 mi.",,Electric,Automatic,Wind Chill Pearl,Black,None reported,,41999.0,100471
Jeep,Wrangler Unlimited Rubicon,2013,"181,830 mi.",Gasoline,285.0HP 3.6L V6 Cylinder Engine Gasoline Fuel,6-Speed M/T,Black,Black,None reported,Yes,21000.0,100472
Ford,Excursion Limited,2001,"239,000 mi.",Gasoline,310.0HP 6.8L 10 Cylinder Engine Gasoline Fuel,A/T,White,–,None reported,Yes,8000.0,100473
Genesis,G80 3.8,2020,"23,600 mi.",Gasoline,311.0HP 3.8L V6 Cylinder Engine Gasoline Fuel,A/T,Blue,Gray,None reported,Yes,31900.0,100474
Lincoln,MKC Reserve,2016,"100,000 mi.",Gasoline,240.0HP 2.0L 4 Cylinder Engine Gasoline Fuel,Transmission w/Dual Shift Mode,White,White,None reported,Yes,24000.0,100475
Dodge,Ram 2500 SLT Quad Cab,2003,"114,000 mi.",Gasoline,345.0HP 5.7L 8 Cylinder Engine Gasoline Fuel,5-Speed A/T,White,Beige,At least 1 accident or damage reported,Yes,10700.0,100476
FIAT,500 Lounge,2013,"85,458 mi.",Gasoline,101.0HP 1.4L 4 Cylinder Engine Gasoline Fuel,A/T,White,Beige,None reported,Yes,9000.0,100477
INFINITI,G37 x,2012,"120,000 mi.",Gasoline,328.0HP 3.7L V6 Cylinder Engine Gasoline Fuel,Transmission w/Dual Shift Mode,Red,Black,At least 1 accident or damage reported,Yes,14500.0,100478
Audi,A6 55 Premium Plus,2023,"6,581 mi.",Gasoline,"3L V-6 gasoline direct injection, DOHC, variable valve control,","Automatic, 7-Spd S tronic Dual-Clutch",Chronos Gray Metallic,Black,None reported,,59900.0,100479
Porsche,911 Carrera 4S,2017,"31,500 mi.",Gasoline,420.0HP 3.0L Flat 6 Cylinder Engine Gasoline Fuel,7-Speed A/T,Blue,Red,None reported,Yes,97555.0,100480
Buick,Enclave Leather,2015,"89,726 mi.",Gasoline,288.0HP 3.6L V6 Cylinder Engine Gasoline Fuel,A/T,White,Brown,None reported,Yes,16000.0,100481
Lexus,CT 200h Premium,2014,"125,519 mi.",Hybrid,134.0HP 1.8L 4 Cylinder Engine Gas/Electric Hybrid,CVT Transmission,Black,Black,At least 1 accident or damage reported,Yes,16000.0,100482
Porsche,Boxster GTS,2016,"40,350 mi.",Gasoline,330.0HP 3.4L Flat 6 Cylinder Engine Gasoline Fuel,7-Speed A/T,Gray,Black,None reported,Yes,67995.0,100483
Dodge,Durango SRT 392,2022,"31,917 mi.",Gasoline,475.0HP 6.4L 8 Cylinder Engine Gasoline Fuel,8-Speed A/T,Gray,Black,None reported,Yes,64683.0,100484
Rolls-Royce,Cullinan,2022,115 mi.,Gasoline,6.7L V12 48V GDI DOHC Twin Turbo,8-Speed Automatic,–,Grace White,None reported,Yes,449995.0,100485
INFINITI,QX80 SENSORY,2023,"8,600 mi.",Gasoline,400.0HP 5.6L 8 Cylinder Engine Gasoline Fuel,7-Speed A/T,Black,Brown,,,78990.0,100486
Ford,Focus SE,2017,"91,000 mi.",E85 Flex Fuel,160.0HP 2.0L 4 Cylinder Engine Flex Fuel Capability,6-Speed A/T,Gray,Black,None reported,Yes,12500.0,100487
Ford,Bronco Outer Banks Advanced,2023,"3,400 mi.",Gasoline,275.0HP 2.3L 4 Cylinder Engine Gasoline Fuel,10-Speed A/T,Gray,Gray,None reported,Yes,57000.0,100488
Acura,RSX Type S,2002,"80,000 mi.",Gasoline,200.0HP 2.0L 4 Cylinder Engine Gasoline Fuel,6-Speed M/T,Beige,Beige,At least 1 accident or damage reported,Yes,8500.0,100489
Tesla,Model 3 Long Range,2022,"22,457 mi.",,Electric,Automatic,Midnight Silver Metallic,Black,None reported,,40036.0,100490
Hyundai,Sonata Hybrid Base,2012,"154,000 mi.",Hybrid,206.0HP 2.4L 4 Cylinder Engine Gas/Electric Hybrid,A/T,Green,Gray,At least 1 accident or damage reported,Yes,8500.0,100491
Acura,TL Technology,2013,"89,190 mi.",Gasoline,305.0HP 3.7L V6 Cylinder Engine Gasoline Fuel,6-Speed A/T,Gray,White,At least 1 accident or damage reported,Yes,15499.0,100492
GMC,Acadia Denali,2021,"47,907 mi.",Gasoline,3.6L V6 24V GDI DOHC,9-Speed Automatic,Ebony Twilight Metallic,Jet Black,None reported,Yes,38436.0,100493
Honda,Accord Crosstour EX-L,2010,"145,000 mi.",Gasoline,271.0HP 3.5L V6 Cylinder Engine Gasoline Fuel,A/T,Green,Black,None reported,Yes,9000.0,100494
Audi,A6 2.0T Premium Plus,2016,"68,000 mi.",Gasoline,252.0HP 2.0L 4 Cylinder Engine Gasoline Fuel,Transmission w/Dual Shift Mode,White,Black,At least 1 accident or damage reported,Yes,20000.0,100495
Ford,F-250 Lariat,2017,"128,000 mi.",Diesel,440.0HP 6.7L 8 Cylinder Engine Diesel Fuel,6-Speed A/T,Gray,Black,None reported,Yes,50000.0,100496
Chevrolet,Tahoe LT,2021,"71,536 mi.",Gasoline,5.3L V8 16V GDI OHV,10-Speed Automatic,Black,Jet Black,None reported,Yes,49685.0,100497
Mercedes-Benz,G-Class G 550 4MATIC,2020,"45,000 mi.",Gasoline,416.0HP 4.0L 8 Cylinder Engine Gasoline Fuel,A/T,Black,Black,None reported,Yes,133000.0,100498
Subaru,Impreza 2.0i Premium,2017,"160,000 mi.",Gasoline,152.0HP 2.0L 4 Cylinder Engine Gasoline Fuel,A/T,White,Beige,At least 1 accident or damage reported,Yes,7750.0,100499
Porsche,718 Spyder Base,2022,"4,700 mi.",Gasoline,414.0HP 4.0L Flat 6 Cylinder Engine Gasoline Fuel,6-Speed M/T,White,Black,None reported,Yes,134000.0,100500
Mercedes-Benz,SL-Class SL 550,2014,"127,500 mi.",Gasoline,429.0HP 4.7L 8 Cylinder Engine Gasoline Fuel,Transmission w/Dual Shift Mode,White,White,None reported,Yes,29000.0,100501
Mercedes-Benz,S-Class S 450 4MATIC,2018,"72,500 mi.",Gasoline,362.0HP 3.0L V6 Cylinder Engine Gasoline Fuel,A/T,Black,Black,None reported,Yes,60000.0,100502
Volvo,S40 T5,2005,"257,700 mi.",Gasoline,218.0HP 2.5L 5 Cylinder Engine Gasoline Fuel,6-Speed M/T,Red,Beige,None reported,Yes,3550.0,100503
GMC,Acadia Denali,2015,"74,864 mi.",Gasoline,288.0HP 3.6L V6 Cylinder Engine Gasoline Fuel,A/T,Gray,Beige,None reported,Yes,19780.0,100504
Chevrolet,Corvette Stingray w/2LT,2022,"7,900 mi.",Gasoline,490.0HP 6.2L 8 Cylinder Engine Gasoline Fuel,8-Speed A/T,White,Red,None reported,Yes,92500.0,100505
Nissan,370Z Touring,2009,"37,500 mi.",Gasoline,332.0HP 3.7L V6 Cylinder Engine Gasoline Fuel,6-Speed M/T,Silver,Orange,None reported,Yes,21500.0,100506
Acura,Integra LS,1998,"120,000 mi.",Gasoline,140.0HP 1.8L 4 Cylinder Engine Gasoline Fuel,4-Speed A/T,Red,–,At least 1 accident or damage reported,Yes,5500.0,100507
Chevrolet,Impala 1LT,2019,"99,941 mi.",Gasoline,3.6L V6 24V GDI DOHC,6-Speed Automatic,Silver Ice Metallic,Jet Black,None reported,Yes,17816.0,100508
Hummer,H2 Base,2005,"110,900 mi.",Gasoline,325.0HP 6.0L 8 Cylinder Engine Gasoline Fuel,A/T,Gray,Black,None reported,Yes,19500.0,100509
Chevrolet,Camaro 1LT,2019,"9,111 mi.",Gasoline,3.6L V6 GDI DOHC,8-Speed Automatic,Summit White,Jet Black,None reported,,27599.0,100510
Land,Rover Range Rover Sport 3.0L Supercharged HSE,2017,"95,212 mi.",Gasoline,340.0HP 3.0L V6 Cylinder Engine Gasoline Fuel,8-Speed A/T,Brown,Beige,None reported,Yes,31599.0,100511
Chevrolet,Silverado 1500 1LZ,2014,"111,095 mi.",E85 Flex Fuel,355.0HP 5.3L 8 Cylinder Engine Flex Fuel Capability,6-Speed A/T,White,Black,At least 1 accident or damage reported,Yes,26000.0,100512
Audi,Q5 S line Premium,2022,"18,099 mi.",Hybrid,2.0 Liter TFSI,Automatic,Daytona Gray,Gray,None reported,,40798.0,100513
Volvo,XC90 Hybrid T8 R-Design,2018,"40,000 mi.",Plug-In Hybrid,400.0HP 2.0L 4 Cylinder Engine Plug-In Electric/Gas,Transmission w/Dual Shift Mode,Black,Black,None reported,Yes,42000.0,100514
Saturn,Sky Red Line,2008,"37,000 mi.",Gasoline,260.0HP 2.0L 4 Cylinder Engine Gasoline Fuel,A/T,Blue,Black,None reported,Yes,14995.0,100515
Jaguar,F-TYPE R,2015,"26,000 mi.",Gasoline,550.0HP 5.0L 8 Cylinder Engine Gasoline Fuel,8-Speed A/T,Blue,Red,None reported,Yes,52500.0,100516
Audi,A8 4.0,2020,"35,999 mi.",Hybrid,4.0 Liter Turbo,Automatic,Mythos Black Metallic,Sarder Brown,None reported,,59598.0,100517
BMW,X1 sDrive28i,2014,"50,100 mi.",Gasoline,240.0HP 2.0L 4 Cylinder Engine Gasoline Fuel,A/T,Brown,Beige,None reported,Yes,10795.0,100518
Toyota,Highlander Base,2001,"231,581 mi.",Gasoline,220.0HP 3.0L V6 Cylinder Engine Gasoline Fuel,A/T,Beige,Beige,None reported,Yes,4300.0,100519
Mercedes-Benz,AMG GLA 45 Base 4MATIC,2018,"51,700 mi.",Gasoline,375.0HP 2.0L 4 Cylinder Engine Gasoline Fuel,Transmission w/Dual Shift Mode,White,Black,None reported,Yes,32000.0,100520
INFINITI,FX50 Base,2009,"190,120 mi.",Gasoline,390.0HP 5.0L 8 Cylinder Engine Gasoline Fuel,7-Speed A/T,Gray,Black,At least 1 accident or damage reported,Yes,12500.0,100521
Volvo,XC90 Recharge Plug-In Hybrid T8 Inscription 7 Passenger,2022,"9,408 mi.",Hybrid,2.0L I4 16V GDI DOHC Hybrid,8-Speed Automatic,Black,Gray,None reported,,61999.0,100522
Audi,S4 3.0T Premium Plus,2013,"91,877 mi.",Gasoline,333.0HP 3.0L V6 Cylinder Engine Gasoline Fuel,A/T,Black,Red,At least 1 accident or damage reported,Yes,24000.0,100523
Tesla,Model Y Performance,2021,"17,500 mi.",,455.0HP Electric Motor Electric Fuel System,A/T,Gray,White,None reported,Yes,45000.0,100524
Jeep,Grand Cherokee WK Laredo X,2022,"11,164 mi.",Gasoline,293.0HP 3.6L V6 Cylinder Engine Gasoline Fuel,8-Speed A/T,Black,Black,None reported,Yes,37500.0,100525
Ford,Mustang Mach-E Select,2023,923 mi.,,Standard Range Battery,Automatic,Rapid Red Metallic Tinted Clearcoat,Black Onyx,None reported,,46998.0,100526
Mercedes-Benz,GLC 300 GLC 300,2021,"12,771 mi.",Gasoline,2.0 Liter Turbo,Automatic,Black,–,None reported,,42598.0,100527
Jeep,Grand Cherokee Laredo,2012,"166,000 mi.",E85 Flex Fuel,290.0HP 3.6L V6 Cylinder Engine Flex Fuel Capability,A/T,White,Gray,At least 1 accident or damage reported,Yes,13000.0,100528
Chevrolet,Impala Base,2004,"64,500 mi.",Gasoline,180.0HP 3.4L V6 Cylinder Engine Gasoline Fuel,A/T,Beige,Beige,None reported,Yes,5900.0,100529
Dodge,Ram 1500 ST,2011,"188,000 mi.",Gasoline,210.0HP 3.7L V6 Cylinder Engine Gasoline Fuel,A/T,Silver,Black,At least 1 accident or damage reported,Yes,8500.0,100530
Kia,Telluride SX,2020,"38,000 mi.",Gasoline,291.0HP 3.8L V6 Cylinder Engine Gasoline Fuel,8-Speed A/T,Green,Beige,None reported,Yes,41999.0,100531
Chevrolet,Avalanche 1500 LT,2012,"148,000 mi.",E85 Flex Fuel,320.0HP 5.3L 8 Cylinder Engine Flex Fuel Capability,A/T,Black,Black,None reported,Yes,18000.0,100532
Mitsubishi,Lancer Evolution GSR,2012,"33,000 mi.",Gasoline,291.0HP 2.0L 4 Cylinder Engine Gasoline Fuel,5-Speed M/T,Black,Black,None reported,Yes,34999.0,100533
Land,Rover Range Rover Velar P250 SE R-Dynamic,2018,"65,680 mi.",Gasoline,247.0HP 2.0L 4 Cylinder Engine Gasoline Fuel,A/T,Silver,Black,At least 1 accident or damage reported,Yes,34900.0,100534
Nissan,Xterra S,2012,"80,000 mi.",Gasoline,261.0HP 4.0L V6 Cylinder Engine Gasoline Fuel,A/T,Black,Gray,None reported,Yes,14800.0,100535
Karma,Revero Base,2018,"20,760 mi.",,403.0HP 2.0L Electric Motor Electric Fuel System,A/T,White,Black,None reported,Yes,55500.0,100536
Jeep,Wrangler Sport,2010,"149,460 mi.",Gasoline,202.0HP 3.8L V6 Cylinder Engine Gasoline Fuel,4-Speed A/T,Black,Black,None reported,Yes,10700.0,100537
Ford,Mustang Mach-E Select,2021,"18,000 mi.",,266.0HP Electric Motor Electric Fuel System,A/T,Blue,Black,None reported,Yes,39499.0,100538
Porsche,Macan S,2015,"80,300 mi.",Gasoline,340.0HP 3.0L V6 Cylinder Engine Gasoline Fuel,7-Speed A/T,Gray,Beige,None reported,Yes,23999.0,100539
Land,Rover Range Rover P525 Westminster,2021,"17,945 mi.",Gasoline,5.0L V8 32V GDI DOHC Supercharged,8-Speed Automatic,Santorini Black Metallic,Ebony,None reported,,89900.0,100540
Jeep,Grand Wagoneer Base,2023,"3,752 mi.",Gasoline,6.4L V8 16V MPFI OHV,8-Speed Automatic,Ember Pearlcoat,Global Black,None reported,Yes,84620.0,100541
Honda,Civic EX,2008,"190,640 mi.",Gasoline,140.0HP 1.8L 4 Cylinder Engine Gasoline Fuel,5-Speed M/T,Silver,Silver,At least 1 accident or damage reported,Yes,5500.0,100542
Ford,Bronco Badlands Advanced,2022,"17,000 mi.",Gasoline,315.0HP 2.7L V6 Cylinder Engine Gasoline Fuel,10-Speed A/T,White,Black,None reported,Yes,69999.0,100543
Hyundai,Santa Cruz 2.5T Limited,2022,"22,829 mi.",Gasoline,2.5L I4 16V PDI DOHC Turbo,Automatic,Hampton Gray,Black,None reported,,34580.0,100544
Land,Rover Range Rover Sport SVR,2018,"56,006 mi.",Gasoline,575.0HP 5.0L 8 Cylinder Engine Gasoline Fuel,Transmission w/Dual Shift Mode,Silver,White,None reported,Yes,59000.0,100545
Porsche,Cayman Base,2007,"75,137 mi.",Gasoline,245.0HP 2.7L Flat 6 Cylinder Engine Gasoline Fuel,M/T,Black,Gray,At least 1 accident or damage reported,Yes,24999.0,100546
Nissan,Rogue Sport S,2021,"24,000 mi.",Gasoline,141.0HP 2.0L 4 Cylinder Engine Gasoline Fuel,A/T,Gray,Black,None reported,Yes,25500.0,100547
Cadillac,DTS Base,2010,"49,620 mi.",Gasoline,275.0HP 4.6L 8 Cylinder Engine Gasoline Fuel,A/T,White,Gray,None reported,Yes,10499.0,100548
Jeep,Liberty Sport,2003,"103,000 mi.",Gasoline,210.0HP 3.7L V6 Cylinder Engine Gasoline Fuel,A/T,Black,Gray,None reported,Yes,5200.0,100549
INFINITI,Q60 3.0T Premium,2017,"107,380 mi.",Gasoline,300.0HP 3.0L V6 Cylinder Engine Gasoline Fuel,7-Speed A/T,Black,Gray,At least 1 accident or damage reported,Yes,17500.0,100550
Subaru,Outback 2.5i Limited,2015,"162,000 mi.",Gasoline,175.0HP 2.5L 4 Cylinder Engine Gasoline Fuel,CVT Transmission,Gray,Black,None reported,Yes,13999.0,100551
Lexus,ES 350 Base,2008,"146,000 mi.",Gasoline,272.0HP 3.5L V6 Cylinder Engine Gasoline Fuel,A/T,Red,Beige,None reported,Yes,8995.0,100552
Porsche,Panamera 4,2011,"85,000 mi.",Gasoline,300.0HP 3.6L V6 Cylinder Engine Gasoline Fuel,A/T,Gray,Beige,,,21500.0,100553
Mercedes-Benz,AMG GT 53 Base,2021,"17,994 mi.",Gasoline,3.0L I6 24V GDI DOHC Turbo,9-Speed Automatic,–,–,None reported,Yes,87500.0,100554
Jeep,Cherokee X,2022,"9,601 mi.",Gasoline,3.2L V6 24V MPFI DOHC,Automatic,Sting Gray Clearcoat,Black,None reported,,33498.0,100555
Ford,Transit Connect XL w/Rear Symmetrical Doors,2022,"22,985 mi.",Gasoline,169.0HP 2.5L 4 Cylinder Engine Gasoline Fuel,A/T,White,Gray,None reported,Yes,33500.0,100556
Porsche,Cayenne GTS,2009,"135,606 mi.",Gasoline,405.0HP 4.8L 8 Cylinder Engine Gasoline Fuel,Transmission w/Dual Shift Mode,Black,Black,None reported,Yes,15000.0,100557
Acura,RSX Type S,2006,"71,400 mi.",Gasoline,201.0HP 2.0L 4 Cylinder Engine Gasoline Fuel,6-Speed M/T,Black,Gray,,,14990.0,100558
Land,Rover Range Rover Sport 3.0L Supercharged HSE,2017,"67,000 mi.",Gasoline,340.0HP 3.0L V6 Cylinder Engine Gasoline Fuel,8-Speed A/T,Gray,Beige,None reported,Yes,35999.0,100559
Land,Rover Range Rover SV Autobiography Dynamic SWB,2020,"16,754 mi.",Gasoline,557.0HP 5.0L 8 Cylinder Engine Gasoline Fuel,8-Speed A/T,White,White,None reported,Yes,112000.0,100560
Toyota,RAV4 Hybrid XLE,2019,"54,000 mi.",Hybrid,219.0HP 2.5L 4 Cylinder Engine Gas/Electric Hybrid,CVT Transmission,Gray,Gray,None reported,Yes,33000.0,100561
Hummer,H2 Base,2003,"149,961 mi.",Gasoline,316.0HP 6.0L 8 Cylinder Engine Gasoline Fuel,A/T,Beige,Beige,At least 1 accident or damage reported,Yes,12500.0,100562
Mercedes-Benz,C-Class C 300 Luxury,2015,"102,000 mi.",Gasoline,241.0HP 2.0L 4 Cylinder Engine Gasoline Fuel,7-Speed A/T,Black,Black,None reported,Yes,17000.0,100563
GMC,Sierra 2500 Base,2019,"58,000 mi.",E85 Flex Fuel,360.0HP 6.0L 8 Cylinder Engine Flex Fuel Capability,A/T,Silver,Beige,None reported,Yes,36500.0,100564
Hyundai,Elantra GLS,2010,"107,000 mi.",Gasoline,138.0HP 2.0L 4 Cylinder Engine Gasoline Fuel,4-Speed A/T,Blue,Blue,At least 1 accident or damage reported,Yes,6250.0,100565
Jeep,Grand Cherokee L Overland,2022,"31,804 mi.",Gasoline,3.6L V6 24V MPFI DOHC,Automatic,Silver Zynith,Global Black,At least 1 accident or damage reported,Yes,48995.0,100566
Jeep,Wrangler Unlimited Sport,2020,"33,060 mi.",Gasoline,285.0HP 3.6L V6 Cylinder Engine Gasoline Fuel,8-Speed A/T,White,Black,None reported,Yes,36500.0,100567
Mercedes-Benz,S-Class S 550 4MATIC,2016,"72,784 mi.",Gasoline,449.0HP 4.7L 8 Cylinder Engine Gasoline Fuel,7-Speed A/T,Blue,White,None reported,Yes,34900.0,100568
Ford,F-150 XLT,2023,"2,823 mi.",Gasoline,3.5L V6 24V PDI DOHC Twin Turbo,Automatic,Iconic Silver Metallic,Black,None reported,Yes,58504.0,100569
RAM,ProMaster 2500 High Roof,2019,"31,681 mi.",Gasoline,280.0HP 3.6L V6 Cylinder Engine Gasoline Fuel,A/T,White,Black,At least 1 accident or damage reported,Yes,33500.0,100570
Ford,Mustang EcoBoost,2021,"17,300 mi.",Gasoline,310.0HP 2.3L 4 Cylinder Engine Gasoline Fuel,10-Speed A/T,Yellow,Black,None reported,Yes,31000.0,100571
Audi,Q8 55 Premium Plus,2021,"14,750 mi.",Hybrid,335.0HP 3.0L V6 Cylinder Engine Gasoline/Mild Electric Hybrid,Transmission w/Dual Shift Mode,Silver,Black,None reported,Yes,61059.0,100572
Mercedes-Benz,C-Class C 300,2019,"40,000 mi.",Gasoline,255.0HP 2.0L 4 Cylinder Engine Gasoline Fuel,A/T,Blue,Black,None reported,Yes,27900.0,100573
Toyota,Mirai Limited,2021,"44,000 mi.",not supported,182.0HP Electric Motor Hydrogen Fuel,A/T,Gray,Black,None reported,Yes,18500.0,100574
Hyundai,Genesis 3.8,2010,"98,700 mi.",Gasoline,290.0HP 3.8L V6 Cylinder Engine Gasoline Fuel,Transmission w/Dual Shift Mode,Beige,Beige,None reported,Yes,10340.0,100575
Mercedes-Benz,E-Class E 550,2016,"49,643 mi.",Gasoline,402.0HP 4.7L 8 Cylinder Engine Gasoline Fuel,7-Speed A/T,White,Black,At least 1 accident or damage reported,Yes,33995.0,100576
Audi,R8 5.2 V10 plus,2017,"61,000 mi.",Gasoline,610.0HP 5.2L 10 Cylinder Engine Gasoline Fuel,Transmission w/Dual Shift Mode,Gray,Black,None reported,Yes,140000.0,100577
Chevrolet,Camaro 2SS,2016,"164,000 mi.",Gasoline,455.0HP 6.2L 8 Cylinder Engine Gasoline Fuel,8-Speed A/T,Black,Red,None reported,Yes,21500.0,100578
Ford,F-150 XLT,2012,"207,100 mi.",Gasoline,365.0HP 3.5L V6 Cylinder Engine Gasoline Fuel,6-Speed A/T,Black,Gray,At least 1 accident or damage reported,Yes,15000.0,100579
INFINITI,QX80 Base,2016,"60,000 mi.",Gasoline,400.0HP 5.6L 8 Cylinder Engine Gasoline Fuel,7-Speed A/T,Silver,Beige,At least 1 accident or damage reported,Yes,25950.0,100580
Honda,S2000 Base,2002,"110,500 mi.",Gasoline,240.0HP 2.0L 4 Cylinder Engine Gasoline Fuel,6-Speed M/T,Yellow,Red,None reported,Yes,27000.0,100581
Lexus,LS 460 Crafted Line,2015,"74,500 mi.",Gasoline,386.0HP 4.6L 8 Cylinder Engine Gasoline Fuel,Transmission w/Dual Shift Mode,White,Red,None reported,Yes,33900.0,100582
Ford,Expedition Max XLT,2018,"105,674 mi.",Gasoline,375.0HP 3.5L V6 Cylinder Engine Gasoline Fuel,10-Speed A/T,White,Beige,None reported,Yes,34995.0,100583
Porsche,Cayenne E-Hybrid S,2016,"96,000 mi.",Plug-In Hybrid,416.0HP 3.0L V6 Cylinder Engine Plug-In Electric/Gas,Transmission w/Dual Shift Mode,White,Red,At least 1 accident or damage reported,Yes,23000.0,100584
Audi,S8 4.0T Plus,2017,"54,300 mi.",Gasoline,605.0HP 4.0L 8 Cylinder Engine Gasoline Fuel,8-Speed A/T,Black,Black,None reported,Yes,53500.0,100585
Nissan,Titan SV,2021,"27,598 mi.",Gasoline,5.6L V8 32V GDI DOHC,9-Speed Automatic,Black,Black,None reported,,39884.0,100586
Toyota,Highlander Hybrid Limited Platinum,2019,"13,828 mi.",Hybrid,306.0HP 3.5L V6 Cylinder Engine Gas/Electric Hybrid,CVT Transmission,Blue,Black,None reported,Yes,43000.0,100587
Porsche,Cayenne AWD,2020,"37,500 mi.",Gasoline,335.0HP 3.0L V6 Cylinder Engine Gasoline Fuel,8-Speed A/T,White,Black,None reported,Yes,59900.0,100588
BMW,X3 xDrive30i,2021,"27,000 mi.",Gasoline,248.0HP 2.0L 4 Cylinder Engine Gasoline Fuel,8-Speed A/T,Black,Brown,None reported,Yes,38400.0,100589
Ford,Utility Police Interceptor Base,2017,"118,000 mi.",Gasoline,365.0HP 3.5L V6 Cylinder Engine Gasoline Fuel,6-Speed A/T,Black,Black,None reported,Yes,15000.0,100590
Audi,A7 3.0T Premium Plus,2018,"45,843 mi.",Gasoline,340.0HP 3.0L V6 Cylinder Engine Gasoline Fuel,A/T,Silver,Black,None reported,Yes,37000.0,100591
BMW,750 i,2008,"94,653 mi.",Gasoline,360.0HP 4.8L 8 Cylinder Engine Gasoline Fuel,A/T,Green,Green,At least 1 accident or damage reported,Yes,7300.0,100592
Jeep,Wrangler Unlimited Sahara,2020,"76,313 mi.",Gasoline,2.0L I4 16V GDI DOHC Turbo,8-Speed Automatic,Hellayella Clearcoat,Black,None reported,Yes,35234.0,100593
Ford,Mustang V6,2016,"87,248 mi.",Gasoline,300.0HP 3.7L V6 Cylinder Engine Gasoline Fuel,6-Speed A/T,Black,Black,None reported,Yes,19999.0,100594
Subaru,Impreza WRX Base,2013,"113,000 mi.",Gasoline,265.0HP 2.5L 4 Cylinder Engine Gasoline Fuel,5-Speed M/T,Blue,Black,At least 1 accident or damage reported,Yes,16000.0,100595
Chevrolet,Express 1500 Cargo,2004,"152,000 mi.",Gasoline,195.0HP 4.3L V6 Cylinder Engine Gasoline Fuel,A/T,White,Gray,At least 1 accident or damage reported,Yes,7999.0,100596
Toyota,GR86 Premium,2022,"1,050 mi.",Gasoline,228.0HP 2.4L 4 Cylinder Engine Gasoline Fuel,6-Speed A/T,Gray,Black,None reported,Yes,40000.0,100597
Chevrolet,Tahoe Premier,2020,"137,000 mi.",Gasoline,355.0HP 5.3L 8 Cylinder Engine Gasoline Fuel,6-Speed A/T,Black,Black,None reported,Yes,46000.0,100598
Jaguar,XF 25t Prestige,2018,"37,777 mi.",Gasoline,247.0HP 2.0L 4 Cylinder Engine Gasoline Fuel,Transmission w/Dual Shift Mode,Black,Black,None reported,Yes,32500.0,100599
Toyota,Tacoma PreRunner,2008,"202,055 mi.",Gasoline,236.0HP 4.0L V6 Cylinder Engine Gasoline Fuel,A/T,Silver,Gray,At least 1 accident or damage reported,Yes,8500.0,100600
Subaru,Impreza 2.0i Sport,2017,"44,000 mi.",Gasoline,152.0HP 2.0L 4 Cylinder Engine Gasoline Fuel,5-Speed M/T,Red,Black,None reported,Yes,23500.0,100601
Lexus,RC 350 Base,2015,"48,000 mi.",Gasoline,306.0HP 3.5L V6 Cylinder Engine Gasoline Fuel,Transmission w/Dual Shift Mode,Orange,Red,None reported,Yes,32900.0,100602
Tesla,Model Y Long Range,2023,"10,000 mi.",,425.0HP Electric Motor Electric Fuel System,A/T,Blue,Black,None reported,Yes,48000.0,100603
Kia,Forte GT-Line,2023,"15,500 mi.",Gasoline,147.0HP 2.0L 4 Cylinder Engine Gasoline Fuel,CVT Transmission,White,Black,At least 1 accident or damage reported,Yes,24500.0,100604
Audi,SQ5 3.0T Premium Plus,2016,"60,000 mi.",Gasoline,354.0HP 3.0L V6 Cylinder Engine Gasoline Fuel,Transmission w/Dual Shift Mode,Black,Black,At least 1 accident or damage reported,Yes,24700.0,100605
Tesla,Model S Long Range,2022,"28,000 mi.",,670.0HP Electric Motor Electric Fuel System,1-Speed A/T,Gray,White,None reported,Yes,68750.0,100606
Ford,Expedition Timberline,2022,"23,300 mi.",Gasoline,440.0HP 3.5L V6 Cylinder Engine Gasoline Fuel,10-Speed A/T,Green,Green,None reported,Yes,67500.0,100607
Ford,F-150 XLT,2018,"98,000 mi.",Gasoline,375.0HP 3.5L V6 Cylinder Engine Gasoline Fuel,10-Speed A/T,White,–,At least 1 accident or damage reported,Yes,25500.0,100608
Ford,Explorer XLT,2017,"53,000 mi.",E85 Flex Fuel,290.0HP 3.5L V6 Cylinder Engine Flex Fuel Capability,6-Speed A/T,Red,Gray,At least 1 accident or damage reported,Yes,25000.0,100609
Aston,Martin DBS Superleggera,2021,"2,165 mi.",Gasoline,5.2L V12 48V GDI DOHC Twin Turbo,8-Speed Automatic,Black,Black,None reported,Yes,279950.0,100610
BMW,750 i,2015,"70,700 mi.",Gasoline,445.0HP 4.4L 8 Cylinder Engine Gasoline Fuel,8-Speed A/T,Blue,Black,At least 1 accident or damage reported,Yes,23000.0,100611
Chevrolet,Traverse Premier,2020,"52,000 mi.",Gasoline,310.0HP 3.6L V6 Cylinder Engine Gasoline Fuel,A/T,White,Black,None reported,Yes,35800.0,100612
Volvo,XC90 T6 Momentum,2018,"90,641 mi.",Gasoline,2.0L I4 16V GDI DOHC,8-Speed Automatic,White,Amber,None reported,,25999.0,100613
Jeep,Wrangler Unlimited 4xe Sahara,2021,"33,704 mi.",Hybrid,2.0L I4 16V GDI DOHC Turbo Hybrid,8-Speed Automatic,Bright White Clearcoat,Black,None reported,,42998.0,100614
MINI,Cooper S Clubman Base,2009,"137,600 mi.",Gasoline,172.0HP 1.6L 4 Cylinder Engine Gasoline Fuel,6-Speed M/T,Gold,Black,None reported,Yes,6880.0,100615
BMW,740 i,2016,"57,939 mi.",Gasoline,320.0HP 3.0L Straight 6 Cylinder Engine Gasoline Fuel,8-Speed A/T,Gray,Black,None reported,Yes,27500.0,100616
Jeep,Gladiator Freedom,2021,"30,630 mi.",Gasoline,3.6 Liter,Automatic,Hydro Blue Pearlcoat,Black,None reported,,39998.0,100617
BMW,M3 Competition,2022,"14,269 mi.",Gasoline,503.0HP 3.0L Straight 6 Cylinder Engine Gasoline Fuel,8-Speed A/T,Gray,Orange,None reported,Yes,80000.0,100618
Mazda,CX-9 Grand Touring,2010,"155,000 mi.",Gasoline,273.0HP 3.7L V6 Cylinder Engine Gasoline Fuel,6-Speed A/T,Silver,Black,None reported,Yes,8300.0,100619
Volkswagen,Atlas 3.6L SE w/Technology,2018,"48,210 mi.",Gasoline,276.0HP 3.6L V6 Cylinder Engine Gasoline Fuel,Transmission w/Dual Shift Mode,Silver,Black,None reported,Yes,24999.0,100620
Chrysler,300 Touring,2005,"119,000 mi.",Gasoline,250.0HP 3.5L V6 Cylinder Engine Gasoline Fuel,A/T,Blue,Beige,None reported,Yes,3500.0,100621
BMW,Z4 sDrive28i,2014,"70,000 mi.",Gasoline,240.0HP 2.0L 4 Cylinder Engine Gasoline Fuel,A/T,White,Beige,At least 1 accident or damage reported,Yes,20000.0,100622
Ford,F-150 Lightning XLT,2023,208 mi.,,563.0HP Electric Motor Electric Fuel System,A/T,Gray,Gold,None reported,Yes,89000.0,100623
Chevrolet,Camaro 1LT,2021,"18,000 mi.",Gasoline,335.0HP 3.6L V6 Cylinder Engine Gasoline Fuel,10-Speed A/T,White,Black,At least 1 accident or damage reported,Yes,30000.0,100624
Cadillac,XT6 Sport AWD,2020,"24,114 mi.",Gasoline,3.6L V6 24V GDI DOHC,9-Speed Automatic,Garnet Red Metallic,Jet Black,At least 1 accident or damage reported,,49427.0,100625
Kia,Telluride LX,2023,"5,500 mi.",Gasoline,291.0HP 3.8L V6 Cylinder Engine Gasoline Fuel,8-Speed A/T,Silver,Black,None reported,Yes,40000.0,100626
Ford,Expedition Max King Ranch,2021,"37,594 mi.",Gasoline,3.5L V6 24V PDI DOHC Twin Turbo,10-Speed Automatic,Black,Mesa,None reported,Yes,62595.0,100627
BMW,M3 Base,2008,"77,800 mi.",Gasoline,414.0HP 4.0L 8 Cylinder Engine Gasoline Fuel,M/T,Red,Black,None reported,Yes,28500.0,100628
Hyundai,Sonata GLS,2010,"135,000 mi.",Gasoline,168.0HP 2.4L 4 Cylinder Engine Gasoline Fuel,Transmission w/Dual Shift Mode,Blue,Gray,None reported,Yes,3999.0,100629
BMW,X6 M Base,2021,"18,000 mi.",Gasoline,600.0HP 4.4L 8 Cylinder Engine Gasoline Fuel,8-Speed A/T,Black,Black,None reported,Yes,94000.0,100630
RAM,1500 Laramie,2019,"107,714 mi.",Gasoline,5.7L V8 16V MPFI OHV,8-Speed Automatic,Diamond Black,Black,None reported,Yes,34918.0,100631
Cadillac,Escalade ESV Sport,2021,"4,500 mi.",Gasoline,420.0HP 6.2L 8 Cylinder Engine Gasoline Fuel,10-Speed A/T,White,Beige,,,105000.0,100632
Chevrolet,Silverado 2500 H/D,2001,"167,000 mi.",Gasoline,300.0HP 6.0L 8 Cylinder Engine Gasoline Fuel,4-Speed A/T,White,Gray,At least 1 accident or damage reported,Yes,6500.0,100633
BMW,M4 Competition xDrive,2023,"1,120 mi.",Gasoline,503.0HP 3.0L Straight 6 Cylinder Engine Gasoline Fuel,8-Speed A/T,Gray,White,None reported,Yes,92900.0,100634
Audi,Q5 2.0T Premium Plus,2016,"52,105 mi.",E85 Flex Fuel,220.0HP 2.0L 4 Cylinder Engine Flex Fuel Capability,A/T,White,Beige,At least 1 accident or damage reported,Yes,20499.0,100635
Ford,Mustang EcoBoost Premium,2018,"34,000 mi.",–,–,A/T,Blue,Gray,At least 1 accident or damage reported,Yes,25000.0,100636
Jeep,Wrangler Sahara,2008,"140,000 mi.",Gasoline,202.0HP 3.8L V6 Cylinder Engine Gasoline Fuel,A/T,Silver,–,At least 1 accident or damage reported,Yes,9000.0,100637
Mitsubishi,Eclipse Spyder GT,2007,"136,400 mi.",Gasoline,260.0HP 3.8L V6 Cylinder Engine Gasoline Fuel,5-Speed A/T,Red,Gray,At least 1 accident or damage reported,Yes,6750.0,100638
Audi,Q3 2.0T Premium Plus,2015,"155,382 mi.",Gasoline,200.0HP 2.0L 4 Cylinder Engine Gasoline Fuel,A/T,Brown,Gray,At least 1 accident or damage reported,Yes,13500.0,100639
Jeep,Wrangler Sport,2017,"38,200 mi.",Gasoline,285.0HP 3.6L V6 Cylinder Engine Gasoline Fuel,A/T,Red,–,None reported,Yes,29500.0,100640
Land,Rover Range Rover 5.0L Supercharged Autobiography LWB,2018,"36,632 mi.",Gasoline,518.0HP 5.0L 8 Cylinder Engine Gasoline Fuel,8-Speed A/T,Blue,Blue,,,72567.0,100641
Mercedes-Benz,AMG C 43 AMG C 43 4MATIC,2019,"33,500 mi.",Gasoline,385.0HP 3.0L V6 Cylinder Engine Gasoline Fuel,9-Speed A/T,Red,Black,None reported,Yes,45770.0,100642
Toyota,Land Cruiser,2016,"50,361 mi.",Gasoline,5.7 Liter,Automatic,Silver,Black,None reported,,65998.0,100643
BMW,750 Li xDrive,2012,"103,000 mi.",Gasoline,407.0HP 4.4L 8 Cylinder Engine Gasoline Fuel,6-Speed A/T,Black,Black,None reported,Yes,16000.0,100644
Ford,F-150 Lariat,2013,"102,000 mi.",Gasoline,365.0HP 3.5L V6 Cylinder Engine Gasoline Fuel,6-Speed A/T,White,Black,None reported,Yes,23000.0,100645
BMW,135 i,2008,"87,000 mi.",Gasoline,300.0HP 3.0L Straight 6 Cylinder Engine Gasoline Fuel,A/T,White,Beige,None reported,Yes,15300.0,100646
Ford,F-250 XLT,2014,"59,459 mi.",Diesel,400.0HP 6.7L 8 Cylinder Engine Diesel Fuel,6-Speed A/T,Black,Silver,At least 1 accident or damage reported,Yes,40999.0,100647
Tesla,Model 3 Standard Range Plus,2019,"42,094 mi.",,Electric Motor Electric Fuel System,A/T,White,White,None reported,Yes,32000.0,100648
Acura,MDX 3.7L Advance,2011,"137,200 mi.",Gasoline,300.0HP 3.7L V6 Cylinder Engine Gasoline Fuel,Transmission w/Dual Shift Mode,White,Gray,None reported,Yes,12000.0,100649
Hyundai,Sonata Sport,2017,"84,129 mi.",Gasoline,2.4L I4 16V GDI DOHC,6-Speed Automatic,Phantom Black,Graphite,None reported,,14599.0,100650
BMW,435 i,2014,"80,211 mi.",Gasoline,300.0HP 3.0L Straight 6 Cylinder Engine Gasoline Fuel,A/T,Gray,Red,At least 1 accident or damage reported,Yes,17995.0,100651
Toyota,Land Cruiser Base,2010,"269,885 mi.",Gasoline,381.0HP 5.7L 8 Cylinder Engine Gasoline Fuel,6-Speed A/T,Black,Beige,At least 1 accident or damage reported,Yes,22500.0,100652
BMW,X1 xDrive28i,2020,"18,200 mi.",Gasoline,228.0HP 2.0L 4 Cylinder Engine Gasoline Fuel,A/T,White,Beige,At least 1 accident or damage reported,Yes,29500.0,100653
Tesla,Model Y Performance,2020,"39,000 mi.",,455.0HP Electric Motor Electric Fuel System,1-Speed A/T,Silver,Black,None reported,Yes,43000.0,100654
Jeep,Wrangler Sport,2016,"74,139 mi.",Gasoline,285.0HP 3.6L V6 Cylinder Engine Gasoline Fuel,6-Speed M/T,Red,Black,None reported,Yes,23000.0,100655
BMW,328 i,2011,"67,500 mi.",Gasoline,230.0HP 3.0L Straight 6 Cylinder Engine Gasoline Fuel,6-Speed A/T,White,Beige,None reported,Yes,18000.0,100656
Toyota,Land Cruiser Base,1998,"160,000 mi.",Gasoline,230.0HP 4.7L 8 Cylinder Engine Gasoline Fuel,4-Speed A/T,White,Beige,At least 1 accident or damage reported,Yes,12490.0,100657
Lincoln,Aviator Luxury,2005,"140,000 mi.",Gasoline,302.0HP 4.6L 8 Cylinder Engine Gasoline Fuel,A/T,Black,Beige,None reported,Yes,2000.0,100658
Jeep,Wrangler Sport,2011,"109,646 mi.",Gasoline,3.8L V6 12V MPFI OHV,4-Speed Automatic,Mango Tango Pearlcoat,Black,None reported,,16998.0,100659
Mercedes-Benz,GLS 450 Base 4MATIC,2017,"46,100 mi.",Gasoline,362.0HP 3.0L V6 Cylinder Engine Gasoline Fuel,9-Speed A/T,Black,Beige,At least 1 accident or damage reported,Yes,33000.0,100660
Mercedes-Benz,C-Class C 300 4MATIC Sport,2013,"98,000 mi.",Gasoline,248.0HP 3.5L V6 Cylinder Engine Gasoline Fuel,A/T,White,Beige,At least 1 accident or damage reported,Yes,15500.0,100661
Kia,K5 GT-Line,2022,"10,971 mi.",Gasoline,1.6L I4 16V GDI DOHC Turbo,8-Speed Automatic,Passion Red,Black,None reported,,29998.0,100662
Lincoln,Navigator Reserve,2016,"125,000 mi.",Gasoline,380.0HP 3.5L V6 Cylinder Engine Gasoline Fuel,Transmission w/Dual Shift Mode,Gray,Beige,None reported,Yes,26500.0,100663
Porsche,718 Boxster S,2018,"50,000 mi.",Gasoline,350.0HP 2.5L 4 Cylinder Engine Gasoline Fuel,A/T,Blue,Black,At least 1 accident or damage reported,Yes,55000.0,100664
Lincoln,Navigator L Reserve,2019,"64,855 mi.",Gasoline,450.0HP 3.5L V6 Cylinder Engine Gasoline Fuel,10-Speed A/T,Silver,Beige,None reported,Yes,46995.0,100665
Cadillac,XT5 Luxury,2019,"44,692 mi.",Gasoline,3.6L V6 24V GDI DOHC,8-Speed Automatic,Bronze Dune Metallic,Shara Beige,None reported,,32368.0,100666
Chevrolet,Tahoe Premier,2021,"41,050 mi.",Gasoline,355.0HP 5.3L 8 Cylinder Engine Gasoline Fuel,10-Speed A/T,Gray,Gray,None reported,Yes,62900.0,100667
MINI,Countryman Cooper,2020,"74,725 mi.",Gasoline,1.5L I3 12V GDI DOHC Turbo,7-Speed Automatic with Auto-Shift,Black,Black,None reported,Yes,21612.0,100668
Mercedes-Benz,SL-Class SL500 Roadster,2005,"127,000 mi.",Gasoline,302.0HP 5.0L 8 Cylinder Engine Gasoline Fuel,7-Speed A/T,White,Beige,None reported,Yes,14000.0,100669
Jaguar,XK8 Base,2000,"40,000 mi.",Gasoline,290.0HP 4.0L 8 Cylinder Engine Gasoline Fuel,5-Speed A/T,Blue,Beige,None reported,Yes,15400.0,100670
GMC,Yukon SLT,2017,"92,031 mi.",Gasoline,355.0HP 5.3L 8 Cylinder Engine Gasoline Fuel,A/T,White,Beige,At least 1 accident or damage reported,Yes,30000.0,100671
Lexus,ES 350 Base,2016,"53,900 mi.",Gasoline,268.0HP 3.5L V6 Cylinder Engine Gasoline Fuel,A/T,Red,Beige,None reported,Yes,27500.0,100672
BMW,X6 M Base,2016,"52,375 mi.",Gasoline,567.0HP 4.4L 8 Cylinder Engine Gasoline Fuel,8-Speed A/T,White,Brown,At least 1 accident or damage reported,Yes,48600.0,100673
Audi,S5 3.0T Prestige,2013,"37,500 mi.",Gasoline,333.0HP 3.0L V6 Cylinder Engine Gasoline Fuel,7-Speed A/T,Black,Black,None reported,Yes,26000.0,100674
Ford,Fusion Hybrid SE Hybrid,2013,"126,225 mi.",Hybrid,188.0HP 2.0L 4 Cylinder Engine Gas/Electric Hybrid,CVT Transmission,Silver,Black,At least 1 accident or damage reported,Yes,11500.0,100675
RAM,1500 Laramie,2022,"34,121 mi.",Gasoline,5.7L V8 16V MPFI OHV,Automatic,Granite Crystal Clearcoat Metallic,Black,None reported,,48190.0,100676
Mercedes-Benz,M-Class ML 350 4MATIC,2014,"75,073 mi.",E85 Flex Fuel,302.0HP 3.5L V6 Cylinder Engine Flex Fuel Capability,7-Speed A/T,Gray,Black,None reported,Yes,21500.0,100677
INFINITI,QX80 Luxe,2020,"69,000 mi.",Gasoline,400.0HP 5.6L 8 Cylinder Engine Gasoline Fuel,A/T,Gray,Black,None reported,Yes,31450.0,100678
Cadillac,ATS 2.0L Turbo,2018,"32,000 mi.",Gasoline,272.0HP 2.0L 4 Cylinder Engine Gasoline Fuel,A/T,Gray,Black,None reported,Yes,22999.0,100679
Kia,Optima EX,2019,"68,166 mi.",Gasoline,"1.6L I-4 gasoline direct injection, DOHC, variable valve control",Automatic,Ebony Black,Black,None reported,,20818.0,100680
Porsche,Cayenne Platinum Edition,2018,"50,166 mi.",Gasoline,3.6L V6 24V GDI DOHC,8-Speed Automatic,White,Black,At least 1 accident or damage reported,Yes,43550.0,100681
Chevrolet,Bolt EUV Premier,2022,"31,000 mi.",,200.0HP Electric Motor Electric Fuel System,1-Speed A/T,Red,White,None reported,Yes,36000.0,100682
Toyota,Tundra Limited,2022,"3,959 mi.",Gasoline,389.0HP 3.4L V6 Cylinder Engine Gasoline Fuel,10-Speed A/T,Blue,Gray,None reported,Yes,55000.0,100683
Ford,F-350 Lariat,2018,"66,281 mi.",Diesel,450.0HP 6.7L 8 Cylinder Engine Diesel Fuel,Transmission w/Dual Shift Mode,Gray,Black,None reported,Yes,63500.0,100684
Chevrolet,Silverado 1500 High Country,2020,"88,161 mi.",Gasoline,6.2L V8 16V GDI OHV,Automatic,Iridescent Pearl Tricoat,Jet Black,At least 1 accident or damage reported,Yes,48889.0,100685
Lexus,GX 460 Base,2018,"64,000 mi.",Gasoline,301.0HP 4.6L 8 Cylinder Engine Gasoline Fuel,6-Speed A/T,Red,Brown,None reported,Yes,37300.0,100686
Alfa,Romeo Giulia Ti,2020,"23,339 mi.",Gasoline,2.0L I4 16V GDI SOHC Turbo,8-Speed Automatic,Rosso,Black,,,34645.0,100687
Porsche,911 GT3,2022,"1,750 mi.",Gasoline,502.0HP 4.0L Flat 6 Cylinder Engine Gasoline Fuel,7-Speed A/T,White,Black,None reported,Yes,275000.0,100688
Mercedes-Benz,C-Class C 300 4MATIC,2016,"90,189 mi.",Gasoline,241.0HP 2.0L 4 Cylinder Engine Gasoline Fuel,A/T,White,–,At least 1 accident or damage reported,Yes,17995.0,100689
Bentley,Continental GT Base,2007,"72,166 mi.",Gasoline,552.0HP 6.0L 12 Cylinder Engine Gasoline Fuel,A/T,Black,Black,At least 1 accident or damage reported,Yes,35995.0,100690
Volkswagen,CC 2.0T Sport,2016,"76,495 mi.",Gasoline,200.0HP 2.0L 4 Cylinder Engine Gasoline Fuel,A/T,White,Black,At least 1 accident or damage reported,Yes,13000.0,100691
Porsche,Boxster S,2005,"65,750 mi.",Gasoline,280.0HP 3.2L Flat 6 Cylinder Engine Gasoline Fuel,A/T,Blue,Gray,None reported,Yes,21750.0,100692
Mazda,CX-30 Premium Package,2021,"18,385 mi.",Gasoline,2.5L I4 16V GDI DOHC,6-Speed Automatic,Soul Red Crystal Metallic,White / Brown,None reported,Yes,29255.0,100693
Bentley,Continental GT Base,2012,"79,089 mi.",E85 Flex Fuel,567.0HP 6.0L 12 Cylinder Engine Flex Fuel Capability,A/T,White,Beige,None reported,Yes,46999.0,100694
Ford,F-150 Lariat,2016,"117,000 mi.",Gasoline,365.0HP 3.5L V6 Cylinder Engine Gasoline Fuel,A/T,White,Black,None reported,Yes,26500.0,100695
Kia,Telluride SX,2022,"26,716 mi.",Gasoline,"LAMBDA II 3.8L V-6 gasoline direct injection, DOHC, D-CVVT varia",Automatic,Dark Moss,Black,None reported,,47541.0,100696
Chevrolet,Corvette Stingray w/3LT,2021,"2,700 mi.",Gasoline,490.0HP 6.2L 8 Cylinder Engine Gasoline Fuel,Transmission w/Dual Shift Mode,Blue,Blue,None reported,Yes,85950.0,100697
Land,Rover Range Rover Evoque Base,2012,"92,080 mi.",Gasoline,240.0HP 2.0L 4 Cylinder Engine Gasoline Fuel,6-Speed A/T,Gray,Black,None reported,Yes,14500.0,100698
Mercedes-Benz,C-Class C300 4MATIC,2022,"13,177 mi.",Gasoline,2.0 Liter Turbo,Automatic,White,Silk Beige/Black,None reported,,44798.0,100699
Jaguar,F-TYPE V6 S,2014,"62,194 mi.",Gasoline,3.0 Liter SC ULEV,Automatic,Black,Black,None reported,,32998.0,100700
Chevrolet,Corvette Base,2008,"51,855 mi.",Gasoline,430.0HP 6.2L 8 Cylinder Engine Gasoline Fuel,6-Speed A/T,Red,Red,None reported,Yes,35900.0,100701
Bentley,Continental GT W12,2017,"14,684 mi.",Gasoline,582.0HP 6.0L 12 Cylinder Engine Gasoline Fuel,8-Speed A/T,White,White,None reported,Yes,130000.0,100702
Porsche,Cayenne Base,2018,"70,455 mi.",Gasoline,300.0HP 3.6L V6 Cylinder Engine Gasoline Fuel,8-Speed A/T,White,Black,None reported,Yes,45855.0,100703
Kia,Telluride S,2020,"74,026 mi.",Gasoline,3.8L V6 24V GDI DOHC,8-Speed Automatic,Sangria Red,Black,None reported,,32913.0,100704
Subaru,Impreza WRX Sti Special Edition,2010,"8,700 mi.",Gasoline,305.0HP 2.5L 4 Cylinder Engine Gasoline Fuel,6-Speed M/T,Gray,Black,None reported,Yes,39900.0,100705
Chevrolet,Tahoe LT,2018,"75,000 mi.",Gasoline,355.0HP 5.3L 8 Cylinder Engine Gasoline Fuel,6-Speed A/T,Silver,Black,None reported,Yes,36000.0,100706
Hyundai,Genesis Coupe 3.8 Base,2015,"60,000 mi.",Gasoline,348.0HP 3.8L V6 Cylinder Engine Gasoline Fuel,Transmission w/Dual Shift Mode,Black,Black,None reported,Yes,17000.0,100707
Porsche,Cayenne Turbo,2020,"39,611 mi.",Gasoline,4.0L V8 32V GDI DOHC Twin Turbo,8-Speed Automatic,Quartzite Grey Metallic,Black,None reported,,89900.0,100708
Ford,Transit Connect XLT,2010,"72,000 mi.",Gasoline,136.0HP 2.0L 4 Cylinder Engine Gasoline Fuel,A/T,White,Gray,At least 1 accident or damage reported,Yes,10900.0,100709
Land,Rover Range Rover Sport Supercharged,2013,"57,000 mi.",Gasoline,510.0HP 5.0L 8 Cylinder Engine Gasoline Fuel,Transmission w/Dual Shift Mode,White,Beige,None reported,Yes,26000.0,100710
BMW,535 i xDrive,2015,"58,664 mi.",Gasoline,300.0HP 3.0L Straight 6 Cylinder Engine Gasoline Fuel,8-Speed A/T,Blue,Gray,At least 1 accident or damage reported,Yes,20950.0,100711
Chevrolet,Silverado 1500 RST,2020,"19,200 mi.",Gasoline,355.0HP 5.3L 8 Cylinder Engine Gasoline Fuel,10-Speed A/T,Gray,Black,None reported,Yes,69999.0,100712
Ford,Mustang EcoBoost Premium,2017,"41,650 mi.",Gasoline,310.0HP 2.3L 4 Cylinder Engine Gasoline Fuel,A/T,Blue,Black,None reported,Yes,23600.0,100713
Jeep,Compass Sport,2010,"179,700 mi.",Gasoline,172.0HP 2.4L 4 Cylinder Engine Gasoline Fuel,A/T,Black,Gray,At least 1 accident or damage reported,Yes,4500.0,100714
Ford,Explorer Eddie Bauer,2010,"144,200 mi.",Gasoline,210.0HP 4.0L V6 Cylinder Engine Gasoline Fuel,5-Speed A/T,Black,Beige,None reported,Yes,9999.0,100715
BMW,M3 CS,2024,124 mi.,Gasoline,543.0HP 3.0L Straight 6 Cylinder Engine Gasoline Fuel,Transmission w/Dual Shift Mode,Green,Black,None reported,Yes,145000.0,100716
Mercedes-Benz,SLC 300 Base,2018,"33,000 mi.",Gasoline,241.0HP 2.0L 4 Cylinder Engine Gasoline Fuel,9-Speed A/T,Red,Black,At least 1 accident or damage reported,Yes,29900.0,100717
Chevrolet,Trailblazer LS,2021,"20,497 mi.",Gasoline,1.3L I3 12V GDI DOHC Turbo,9-Speed Automatic,Pacific Blue Metallic,Black,None reported,,22999.0,100718
Land,Rover Range Rover Sport 5.0L Supercharged Dynamic,2017,"53,000 mi.",Gasoline,510.0HP 5.0L 8 Cylinder Engine Gasoline Fuel,Transmission w/Dual Shift Mode,Black,Beige,None reported,Yes,47500.0,100719
Ford,Edge Sport,2011,"132,000 mi.",Gasoline,305.0HP 3.7L V6 Cylinder Engine Gasoline Fuel,Transmission w/Dual Shift Mode,Black,Black,At least 1 accident or damage reported,Yes,10999.0,100720
Kia,Stinger GT1,2019,"37,226 mi.",Gasoline,"3.3L V-6 gasoline direct injection, DOHC, D-CVVT variable valve",Automatic,Snow White Pearl,Black,None reported,,34998.0,100721
Jaguar,F-TYPE R,2017,"58,000 mi.",Gasoline,550.0HP 5.0L 8 Cylinder Engine Gasoline Fuel,A/T,Black,Black,None reported,Yes,51500.0,100722
Audi,Q5 Premium,2023,"2,425 mi.",Hybrid,2.0 Liter TFSI,Automatic,Mythos Black,–,None reported,,42998.0,100723
Honda,Civic EX,2013,"107,000 mi.",Gasoline,140.0HP 1.8L 4 Cylinder Engine Gasoline Fuel,A/T,Silver,Black,None reported,Yes,14000.0,100724
Chevrolet,Corvette Base,2010,"23,133 mi.",Gasoline,430.0HP 6.2L 8 Cylinder Engine Gasoline Fuel,6-Speed M/T,White,Black,None reported,Yes,35000.0,100725
BMW,X5 M Base,2012,"118,000 mi.",Gasoline,555.0HP 4.4L 8 Cylinder Engine Gasoline Fuel,Transmission w/Dual Shift Mode,White,Orange,At least 1 accident or damage reported,Yes,17000.0,100726
Ford,Fusion Hybrid Base,2012,"158,366 mi.",Hybrid,191.0HP 2.5L 4 Cylinder Engine Gas/Electric Hybrid,A/T,Gray,Black,At least 1 accident or damage reported,Yes,8250.0,100727
Kia,Forte GT-Line,2021,"24,534 mi.",Gasoline,147.0HP 2.0L 4 Cylinder Engine Gasoline Fuel,CVT Transmission,White,Black,None reported,Yes,21900.0,100728
Mercedes-Benz,GLA 250 Base 4MATIC,2018,"56,578 mi.",E85 Flex Fuel,208.0HP 2.0L 4 Cylinder Engine Flex Fuel Capability,7-Speed A/T,White,Black,None reported,Yes,20900.0,100729
Jaguar,XF S,2017,"55,000 mi.",Gasoline,380.0HP 3.0L V6 Cylinder Engine Gasoline Fuel,Transmission w/Dual Shift Mode,Gray,Red,None reported,Yes,34000.0,100730
Chevrolet,Equinox LT,2011,"130,000 mi.",Gasoline,264.0HP 3.0L V6 Cylinder Engine Gasoline Fuel,6-Speed A/T,Brown,Black,At least 1 accident or damage reported,Yes,7000.0,100731
Dodge,Challenger SRT Hellcat,2016,"8,228 mi.",Gasoline,707.0HP 6.2L 8 Cylinder Engine Gasoline Fuel,8-Speed A/T,Blue,Black,None reported,Yes,62500.0,100732
GMC,Yukon Denali,2021,"30,022 mi.",Gasoline,420.0HP 6.2L 8 Cylinder Engine Gasoline Fuel,A/T,Blue,Black,At least 1 accident or damage reported,Yes,74500.0,100733
Land,Rover Discovery Sport SE,2017,"48,200 mi.",Gasoline,240.0HP 2.0L 4 Cylinder Engine Gasoline Fuel,9-Speed A/T,White,Gray,None reported,Yes,24998.0,100734
Ford,Expedition Timberline,2023,"8,911 mi.",Gasoline,3.5L V6 24V PDI DOHC Twin Turbo,10-Speed Automatic,Dark Matter Metallic,Black Onyx,At least 1 accident or damage reported,Yes,77430.0,100735
Lexus,ES 350 Base,2011,"132,000 mi.",Gasoline,272.0HP 3.5L V6 Cylinder Engine Gasoline Fuel,A/T,Black,Beige,None reported,Yes,9999.0,100736
BMW,M760 i xDrive,2019,"14,806 mi.",Gasoline,601.0HP 6.6L 12 Cylinder Engine Gasoline Fuel,Transmission w/Dual Shift Mode,Black,Black,At least 1 accident or damage reported,Yes,81330.0,100737
BMW,330e iPerformance,2017,"52,500 mi.",Plug-In Hybrid,247.0HP 2.0L 4 Cylinder Engine Plug-In Electric/Gas,Transmission w/Dual Shift Mode,Blue,Black,At least 1 accident or damage reported,Yes,24950.0,100738
Toyota,Yaris L,2012,"129,355 mi.",Gasoline,106.0HP 1.5L 4 Cylinder Engine Gasoline Fuel,4-Speed A/T,Black,Gray,At least 1 accident or damage reported,Yes,7950.0,100739
Porsche,Macan S,2020,"19,701 mi.",Gasoline,3.0 Liter,Automatic,–,–,None reported,,55998.0,100740
Lincoln,Nautilus Reserve,2021,"19,700 mi.",Gasoline,335.0HP 2.7L V6 Cylinder Engine Gasoline Fuel,A/T,White,Beige,None reported,Yes,48000.0,100741
Chrysler,300 S,2016,"100,574 mi.",Gasoline,300.0HP 3.6L V6 Cylinder Engine Gasoline Fuel,8-Speed A/T,Black,Black,At least 1 accident or damage reported,Yes,17500.0,100742
Ford,Edge Titanium,2016,"101,387 mi.",Gasoline,245.0HP 2.0L 4 Cylinder Engine Gasoline Fuel,6-Speed A/T,Black,Beige,At least 1 accident or damage reported,Yes,16000.0,100743
Land,Rover Range Rover SWB,2020,"29,000 mi.",Hybrid,355.0HP 3.0L Straight 6 Cylinder Engine Gasoline/Mild Electric Hybrid,A/T,Black,Black,None reported,Yes,70000.0,100744
Porsche,911 Carrera S,2013,"39,000 mi.",Gasoline,400.0HP 3.8L Flat 6 Cylinder Engine Gasoline Fuel,7-Speed A/T,Blue,Black,None reported,Yes,73000.0,100745
Mercedes-Benz,AMG GLE 43 4MATIC Coupe,2019,"28,755 mi.",Gasoline,385.0HP 3.0L V6 Cylinder Engine Gasoline Fuel,9-Speed A/T,Black,Black,None reported,Yes,61350.0,100746
RAM,1500 Big Horn,2021,"70,968 mi.",Gasoline,395.0HP 5.7L 8 Cylinder Engine Gasoline Fuel,8-Speed A/T,Black,Black,None reported,Yes,34000.0,100747
Tesla,Model X P90D,2016,"91,000 mi.",,691.0HP Electric Motor Electric Fuel System,A/T,Silver,White,None reported,Yes,39500.0,100748
Toyota,C-HR LE,2020,"14,065 mi.",Gasoline,2.0L I4 16V MPFI DOHC,Automatic CVT,Gray,Black,At least 1 accident or damage reported,Yes,27671.0,100749
Ford,Mustang GT,2008,"64,500 mi.",Gasoline,300.0HP 4.6L 8 Cylinder Engine Gasoline Fuel,5-Speed M/T,Black,Red,At least 1 accident or damage reported,Yes,16000.0,100750
Chevrolet,Tahoe LTZ,2014,"196,300 mi.",E85 Flex Fuel,320.0HP 5.3L 8 Cylinder Engine Flex Fuel Capability,6-Speed A/T,Black,Black,None reported,Yes,10995.0,100751
Audi,A8 L 55,2019,"23,350 mi.",Hybrid,335.0HP 3.0L V6 Cylinder Engine Gasoline/Mild Electric Hybrid,Transmission w/Dual Shift Mode,Black,Brown,None reported,Yes,48000.0,100752
Ford,Expedition Platinum,2019,"51,300 mi.",Gasoline,3.5L V6 24V GDI DOHC Twin Turbo,10-Speed Automatic,White,Platinum,None reported,Yes,48295.0,100753
Land,Rover Discovery Sport HSE,2016,"49,083 mi.",Gasoline,2.0L I4 16V GDI DOHC Turbo,9-Speed Automatic,Indus Silver,Ebony,None reported,,21590.0,100754
Cadillac,Escalade ESV Base,2009,"152,068 mi.",E85 Flex Fuel,403.0HP 6.2L 8 Cylinder Engine Flex Fuel Capability,6-Speed A/T,White,Black,At least 1 accident or damage reported,Yes,12350.0,100755
Mercedes-Benz,SL-Class SL 550,2015,"11,249 mi.",Gasoline,429.0HP 4.7L 8 Cylinder Engine Gasoline Fuel,7-Speed A/T,White,Beige,None reported,Yes,54500.0,100756
BMW,X5 xDrive35i,2016,"89,000 mi.",Gasoline,300.0HP 3.0L Straight 6 Cylinder Engine Gasoline Fuel,8-Speed A/T,Black,Black,None reported,Yes,24000.0,100757
Land,Rover Defender X-Dynamic SE,2023,"6,204 mi.",Hybrid,3.0 Liter,Automatic,Eiger Grey,–,None reported,,79998.0,100758
Toyota,RAV4 SE,2016,"108,130 mi.",Gasoline,176.0HP 2.5L 4 Cylinder Engine Gasoline Fuel,Transmission w/Dual Shift Mode,Gray,Orange,None reported,Yes,18500.0,100759
Mercedes-Benz,CLA-Class CLA 250,2014,"83,315 mi.",Gasoline,208.0HP 2.0L 4 Cylinder Engine Gasoline Fuel,A/T,White,White,None reported,Yes,15000.0,100760
Ford,F-350 King Ranch,2015,"92,421 mi.",Diesel,440.0HP 6.7L 8 Cylinder Engine Diesel Fuel,6-Speed A/T,White,Brown,None reported,Yes,51900.0,100761
Audi,S6 4.0T Prestige,2013,"53,900 mi.",Gasoline,420.0HP 4.0L 8 Cylinder Engine Gasoline Fuel,7-Speed A/T,Black,Black,,,27450.0,100762
Acura,TSX Technology,2011,"187,883 mi.",Gasoline,201.0HP 2.4L 4 Cylinder Engine Gasoline Fuel,A/T,Red,Beige,None reported,Yes,5500.0,100763
Bentley,Continental GT W12,2021,"16,146 mi.",Gasoline,"6L W-12 port/direct injection, DOHC, variable valve control, twi",Automatic,Fountain Blue,Linen,None reported,,239991.0,100764
Mercedes-Benz,EQS 450+ Base,2022,"16,238 mi.",,329.0HP Electric Motor Electric Fuel System,1-Speed A/T,White,Beige,None reported,Yes,62479.0,100765
Kia,Sorento LX,2021,"54,200 mi.",Gasoline,191.0HP 2.5L 4 Cylinder Engine Gasoline Fuel,A/T,White,Black,None reported,Yes,23800.0,100766
Ford,F-250 XLT SuperCab Super Duty,2008,"149,460 mi.",Diesel,350.0HP 6.4L 8 Cylinder Engine Diesel Fuel,A/T,Blue,Gray,At least 1 accident or damage reported,Yes,12240.0,100767
Ford,F-150 XLT,2021,"24,207 mi.",Gasoline,2.7L V6 24V PDI DOHC Twin Turbo,10-Speed Automatic,Black,–,None reported,Yes,43430.0,100768
Porsche,911 Carrera S,2013,"56,985 mi.",Gasoline,400.0HP 3.8L Flat 6 Cylinder Engine Gasoline Fuel,7-Speed A/T,Blue,Gray,None reported,Yes,65900.0,100769
Chevrolet,Silverado 1500 Limited Custom,2022,"30,455 mi.",Gasoline,2.7 Liter DOHC Turbo,Automatic,Summit White,Jet Black,None reported,,37698.0,100770
Audi,Q5 2.0T Premium Plus,2015,"54,700 mi.",E85 Flex Fuel,220.0HP 2.0L 4 Cylinder Engine Flex Fuel Capability,8-Speed A/T,Gray,Brown,At least 1 accident or damage reported,Yes,20995.0,100771
Jeep,Wrangler Unlimited,2005,"146,000 mi.",Gasoline,190.0HP 4.0L Straight 6 Cylinder Engine Gasoline Fuel,A/T,Red,Black,At least 1 accident or damage reported,Yes,15900.0,100772
Mercedes-Benz,GLK-Class GLK 350,2013,"99,200 mi.",Gasoline,302.0HP 3.5L V6 Cylinder Engine Gasoline Fuel,A/T,Silver,Black,,,11495.0,100773
BMW,X2 xDrive28i,2022,"33,000 mi.",Gasoline,228.0HP 2.0L 4 Cylinder Engine Gasoline Fuel,Transmission w/Dual Shift Mode,Orange,Black,None reported,Yes,29999.0,100774
Hyundai,Sonata Sport 2.0T,2015,"82,900 mi.",Gasoline,245.0HP 2.0L 4 Cylinder Engine Gasoline Fuel,A/T,Black,Black,At least 1 accident or damage reported,Yes,13995.0,100775
Hyundai,Genesis Coupe 3.8 Track,2013,"89,000 mi.",Gasoline,344.0HP 3.8L V6 Cylinder Engine Gasoline Fuel,6-Speed M/T,White,Black,At least 1 accident or damage reported,Yes,12500.0,100776
Audi,SQ7 4.0T,2022,"28,927 mi.",Gasoline,4.0L V8 32V GDI DOHC Twin Turbo,Automatic,Matador Red Metallic,Black,None reported,,74900.0,100777
Ford,F-250 XLT,2016,"94,300 mi.",E85 Flex Fuel,385.0HP 6.2L 8 Cylinder Engine Flex Fuel Capability,6-Speed A/T,Silver,Gray,At least 1 accident or damage reported,Yes,28999.0,100778
Dodge,Ram 1500 SLT Mega Cab,2006,"201,509 mi.",Gasoline,345.0HP 5.7L 8 Cylinder Engine Gasoline Fuel,5-Speed A/T,Gray,Gray,At least 1 accident or damage reported,Yes,11000.0,100779
Mitsubishi,Eclipse GT,2003,"146,000 mi.",Gasoline,200.0HP 3.0L V6 Cylinder Engine Gasoline Fuel,4-Speed A/T,Gray,Black,At least 1 accident or damage reported,Yes,4200.0,100780
RAM,1500 Tradesman/Express,2017,"40,200 mi.",Gasoline,395.0HP 5.7L 8 Cylinder Engine Gasoline Fuel,A/T,Blue,Gray,At least 1 accident or damage reported,Yes,24000.0,100781
Ferrari,FF Base,2016,"19,987 mi.",Gasoline,651.0HP 6.3L 12 Cylinder Engine Gasoline Fuel,7-Speed A/T,Black,Brown,None reported,Yes,149900.0,100782
Toyota,Tacoma Base,2011,"36,000 mi.",Gasoline,159.0HP 2.7L 4 Cylinder Engine Gasoline Fuel,5-Speed M/T,Gray,Gray,None reported,Yes,20000.0,100783
GMC,Sierra 2500 AT4,2022,"22,600 mi.",Diesel,6.6L V8 32V DDI OHV Turbo Diesel,Automatic,Ebony Twilight Metallic,Jet Black,,,76740.0,100784
Mercedes-Benz,SL-Class SL63 AMG Roadster,2009,"31,370 mi.",Gasoline,518.0HP 6.3L 8 Cylinder Engine Gasoline Fuel,Transmission w/Dual Shift Mode,White,Brown,None reported,Yes,65700.0,100785
Toyota,Corolla CE,2008,"170,000 mi.",Gasoline,126.0HP 1.8L 4 Cylinder Engine Gasoline Fuel,A/T,Gray,Gray,None reported,Yes,5199.0,100786
Hyundai,IONIQ Plug-In Hybrid SEL,2022,"13,044 mi.",Plug-In Hybrid,139.0HP 1.6L 4 Cylinder Engine Plug-In Electric/Gas,A/T,Blue,Gray,At least 1 accident or damage reported,Yes,24999.0,100787
Alfa,Romeo Giulia Base,2017,"36,000 mi.",Gasoline,280.0HP 2.0L 4 Cylinder Engine Gasoline Fuel,8-Speed A/T,White,Red,None reported,Yes,21000.0,100788
BMW,M3 CS,2018,"32,000 mi.",Gasoline,453.0HP 3.0L Straight 6 Cylinder Engine Gasoline Fuel,Transmission w/Dual Shift Mode,White,Black,None reported,Yes,70000.0,100789
Toyota,Highlander XLE,2022,"31,000 mi.",Gasoline,295.0HP 3.5L V6 Cylinder Engine Gasoline Fuel,Transmission w/Dual Shift Mode,Gray,Gray,None reported,Yes,43000.0,100790
Jeep,Grand Cherokee Laredo,2011,"98,658 mi.",Gasoline,360.0HP 5.7L 8 Cylinder Engine Gasoline Fuel,5-Speed A/T,White,Gray,None reported,Yes,14995.0,100791
Lexus,IS 250 Base,2007,"189,887 mi.",Gasoline,204.0HP 2.5L V6 Cylinder Engine Gasoline Fuel,A/T,White,–,At least 1 accident or damage reported,Yes,3995.0,100792
Jeep,Wrangler Sahara,2013,"111,850 mi.",Gasoline,285.0HP 3.6L V6 Cylinder Engine Gasoline Fuel,A/T,Red,Black,At least 1 accident or damage reported,Yes,26500.0,100793
Mercedes-Benz,Sprinter High Roof,2015,"1,500 mi.",Diesel,188.0HP 3.0L V6 Cylinder Engine Diesel Fuel,A/T,White,Gray,None reported,Yes,39500.0,100794
Ford,Transit-250 Base,2020,"53,000 mi.",Gasoline,310.0HP 3.5L V6 Cylinder Engine Gasoline Fuel,A/T,White,Black,At least 1 accident or damage reported,Yes,38500.0,100795
Mercedes-Benz,GL-Class GL 550,2011,"80,124 mi.",Gasoline,382.0HP 5.5L 8 Cylinder Engine Gasoline Fuel,7-Speed A/T,Black,Black,None reported,Yes,17500.0,100796
Jeep,Grand Cherokee Summit,2020,"31,349 mi.",Gasoline,5.7L V8 16V MPFI OHV,8-Speed Automatic,Granite Crystal Clearcoat Metallic,Black,None reported,,39366.0,100797
Lexus,GX 460 Premium,2017,"82,000 mi.",Gasoline,301.0HP 4.6L 8 Cylinder Engine Gasoline Fuel,A/T,Gray,Brown,None reported,Yes,32900.0,100798
Mercedes-Benz,G-Class G 63 AMG,2014,"49,899 mi.",Gasoline,536.0HP 5.5L 8 Cylinder Engine Gasoline Fuel,A/T,White,Black,None reported,Yes,72999.0,100799
Audi,RS 7 4.0T Performance Prestige,2017,"39,071 mi.",Gasoline,4.0L V8 32V GDI DOHC Twin Turbo,8-Speed Automatic,White,Black,None reported,,67900.0,100800
Jaguar,F-TYPE S,2014,"74,595 mi.",Gasoline,495.0HP 5.0L 8 Cylinder Engine Gasoline Fuel,8-Speed A/T,Green,Black,At least 1 accident or damage reported,Yes,32450.0,100801
Toyota,86 Base,2020,"14,700 mi.",Gasoline,200.0HP 2.0L 4 Cylinder Engine Gasoline Fuel,A/T,White,Black,None reported,Yes,27350.0,100802
Mazda,Mazda3 i Sport,2015,"162,000 mi.",Gasoline,155.0HP 2.0L 4 Cylinder Engine Gasoline Fuel,Transmission w/Dual Shift Mode,Red,Black,None reported,Yes,11500.0,100803
Mercedes-Benz,EQS 450 4MATIC,2023,"7,388 mi.",,355.0HP Electric Motor Electric Fuel System,1-Speed A/T,Gray,Beige,None reported,Yes,105500.0,100804
Lexus,CT 200h Premium,2014,"131,200 mi.",Hybrid,134.0HP 1.8L 4 Cylinder Engine Gas/Electric Hybrid,A/T,Brown,Brown,None reported,Yes,14000.0,100805
Nissan,Rogue SL,2016,"97,726 mi.",Gasoline,"2.5L I-4 DOHC, variable valve control, regular unleaded, engine",Variable,Gun Metallic,Charcoal,At least 1 accident or damage reported,,15998.0,100806
Chevrolet,Corvette Base,2003,"145,000 mi.",Gasoline,350.0HP 5.7L 8 Cylinder Engine Gasoline Fuel,A/T,Blue,Black,None reported,Yes,22000.0,100807
Cadillac,Escalade ESV Luxury,2016,"146,200 mi.",Gasoline,420.0HP 6.2L 8 Cylinder Engine Gasoline Fuel,8-Speed A/T,White,Beige,None reported,Yes,24500.0,100808
Nissan,GT-R Premium,2021,"22,185 mi.",Gasoline,3.8L V6 24V MPFI DOHC Twin Turbo,6-Speed Automatic with Auto-Shift,Bayside Blue,Gray,None reported,Yes,131999.0,100809
Ford,Explorer XLT,2020,"61,001 mi.",Gasoline,2.3L I4 16V GDI DOHC Turbo,10-Speed Automatic,Gray,Ebony,At least 1 accident or damage reported,Yes,28616.0,100810
Maserati,Quattroporte S Q4 GranLusso,2018,"57,500 mi.",Gasoline,424.0HP 3.0L V6 Cylinder Engine Gasoline Fuel,8-Speed A/T,White,Brown,None reported,Yes,41900.0,100811
BMW,X5 xDrive50i,2011,"110,000 mi.",Gasoline,400.0HP 4.4L 8 Cylinder Engine Gasoline Fuel,Transmission w/Dual Shift Mode,White,Blue,At least 1 accident or damage reported,Yes,12000.0,100812
Jeep,Wrangler Sport,2023,"7,102 mi.",Gasoline,2.0L I4 16V GDI DOHC Turbo,8-Speed Automatic,Bright White Clearcoat,Black,None reported,Yes,40995.0,100813
RAM,3500 Laramie,2014,"177,000 mi.",Diesel,385.0HP 6.7L Straight 6 Cylinder Engine Diesel Fuel,6-Speed A/T,Black,–,At least 1 accident or damage reported,Yes,40500.0,100814
Mercedes-Benz,G-Class G 550 4MATIC,2021,"76,100 mi.",Gasoline,416.0HP 4.0L 8 Cylinder Engine Gasoline Fuel,A/T,Black,Black,None reported,Yes,130000.0,100815
Buick,Rainier CXL,2005,"147,589 mi.",Gasoline,275.0HP 4.2L Straight 6 Cylinder Engine Gasoline Fuel,A/T,White,Beige,At least 1 accident or damage reported,Yes,2800.0,100816
Mercedes-Benz,E-Class E 350,2016,"58,375 mi.",Gasoline,302.0HP 3.5L V6 Cylinder Engine Gasoline Fuel,A/T,White,Beige,None reported,Yes,24999.0,100817
Bentley,Continental GT Base,2004,"69,600 mi.",Gasoline,550.0HP 6.0L 12 Cylinder Engine Gasoline Fuel,A/T,Silver,Black,None reported,Yes,37900.0,100818
INFINITI,QX80 Base,2017,"121,525 mi.",Gasoline,400.0HP 5.6L 8 Cylinder Engine Gasoline Fuel,A/T,Black,Black,At least 1 accident or damage reported,Yes,28500.0,100819
Audi,S8 4.0T quattro,2023,"4,457 mi.",Gasoline,4.0L V8 32V GDI DOHC Twin Turbo,Automatic,Mythos Black Metallic,Black,None reported,,107900.0,100820
Lexus,GX 460 Base,2020,"48,210 mi.",Gasoline,4.6L V8 32V MPFI DOHC,6-Speed Automatic,Nebula Gray Pearl,Rioja Red,At least 1 accident or damage reported,Yes,47449.0,100821
Buick,Envision Essence,2021,"36,544 mi.",Gasoline,2.0L I4 16V GDI DOHC Turbo,9-Speed Automatic,Dark Moon Blue Metallic,Ebony,None reported,Yes,33290.0,100822
BMW,X5 sDrive35i,2017,"39,250 mi.",Gasoline,300.0HP 3.0L Straight 6 Cylinder Engine Gasoline Fuel,A/T,Black,Beige,None reported,Yes,28900.0,100823
Mercedes-Benz,GLA 250 Base 4MATIC,2022,"13,777 mi.",Gasoline,221.0HP 2.0L 4 Cylinder Engine Gasoline Fuel,8-Speed A/T,Black,Black,At least 1 accident or damage reported,Yes,39777.0,100824
Toyota,4Runner TRD Pro,2016,"98,000 mi.",Gasoline,270.0HP 4.0L V6 Cylinder Engine Gasoline Fuel,A/T,Black,Black,At least 1 accident or damage reported,Yes,36000.0,100825
Mazda,CX-5 Touring,2016,"116,500 mi.",Gasoline,2.5L I4 16V GDI DOHC,6-Speed Automatic,Blue Reflex Mica,Black,None reported,Yes,14311.0,100826
Lexus,IS-F Base,2010,"77,400 mi.",Gasoline,416.0HP 5.0L 8 Cylinder Engine Gasoline Fuel,8-Speed A/T,White,Red,At least 1 accident or damage reported,Yes,34500.0,100827
RAM,ProMaster 2500 Window Van High Roof,2016,"49,750 mi.",Gasoline,280.0HP 3.6L V6 Cylinder Engine Gasoline Fuel,6-Speed A/T,Black,Gray,None reported,Yes,65000.0,100828
Ford,F-250 XLT,2019,"38,514 mi.",E85 Flex Fuel,385.0HP 6.2L 8 Cylinder Engine Flex Fuel Capability,A/T,Black,Gray,At least 1 accident or damage reported,Yes,45998.0,100829
BMW,550 i xDrive,2016,"76,400 mi.",Gasoline,445.0HP 4.4L 8 Cylinder Engine Gasoline Fuel,8-Speed A/T,Black,Black,At least 1 accident or damage reported,Yes,31300.0,100830
Porsche,911 Turbo Cabriolet,2008,"51,000 mi.",Gasoline,480.0HP 3.6L Flat 6 Cylinder Engine Gasoline Fuel,Transmission w/Dual Shift Mode,Silver,Black,At least 1 accident or damage reported,Yes,69500.0,100831
GMC,Yukon SLE,2017,"96,000 mi.",Gasoline,355.0HP 5.3L 8 Cylinder Engine Gasoline Fuel,A/T,Gray,Black,None reported,Yes,34000.0,100832
Land,Rover Range Rover Velar R-Dynamic S,2023,"12,425 mi.",Gasoline,I4,Automatic,Firenze Red,Ebony,None reported,,57619.0,100833
Ford,Mustang Mach-E Premium,2023,"13,232 mi.",,346.0HP Electric Motor Electric Fuel System,1-Speed A/T,Gray,Black,None reported,Yes,45000.0,100834
Chevrolet,Malibu LT,2018,"53,100 mi.",Gasoline,160.0HP 1.5L 4 Cylinder Engine Gasoline Fuel,6-Speed A/T,Red,Black,None reported,Yes,17500.0,100835
Ferrari,GTC4Lusso T,2019,"8,870 mi.",Gasoline,3.9L V8 32V GDI DOHC Twin Turbo,7-Speed DCT Automatic,Nero Daytona,–,None reported,Yes,215000.0,100836
BMW,X1 xDrive 28i,2015,"85,766 mi.",Gasoline,240.0HP 2.0L 4 Cylinder Engine Gasoline Fuel,A/T,Gray,Black,None reported,Yes,13000.0,100837
Porsche,911 GT3,2023,265 mi.,Gasoline,4.0L H6 24V GDI DOHC,6-Speed Manual,Black,Gray,None reported,Yes,279950.0,100838
Tesla,Model X P100D,2017,"100,346 mi.",,Electric Motor Electric Fuel System,1-Speed A/T,Silver,White,None reported,Yes,45999.0,100839
Mazda,CX-30 Preferred,2020,"9,927 mi.",Gasoline,2.5L I4 16V GDI DOHC,6-Speed Automatic,Snowflake White Pearl,Black,None reported,Yes,27518.0,100840
Lincoln,Nautilus Reserve,2021,"18,160 mi.",Gasoline,2.7L V6 24V GDI DOHC Twin Turbo,8-Speed Automatic,Silver Radiance,Slate,None reported,,46850.0,100841
Ford,F-150 XLT,2018,"53,500 mi.",Gasoline,325.0HP 2.7L V6 Cylinder Engine Gasoline Fuel,10-Speed A/T,Brown,Beige,At least 1 accident or damage reported,Yes,31500.0,100842
RAM,2500 Big Horn,2016,"89,500 mi.",Gasoline,410.0HP 6.4L 8 Cylinder Engine Gasoline Fuel,A/T,Black,Gray,None reported,Yes,35000.0,100843
Jeep,Wrangler Unlimited Sport,2020,"24,040 mi.",Gasoline,2.0L I4 16V GDI DOHC Turbo,8-Speed Automatic,Black Clearcoat,Black,None reported,Yes,35273.0,100844
Cadillac,CTS Performance,2010,"105,760 mi.",Gasoline,270.0HP 3.0L V6 Cylinder Engine Gasoline Fuel,6-Speed A/T,Black,Black,None reported,Yes,12900.0,100845
Jaguar,F-TYPE S,2015,"25,786 mi.",Gasoline,380.0HP 3.0L V6 Cylinder Engine Gasoline Fuel,8-Speed A/T,Blue,Gray,None reported,Yes,38500.0,100846
BMW,X6 M50i,2022,"22,500 mi.",Gasoline,523.0HP 4.4L 8 Cylinder Engine Gasoline Fuel,Transmission w/Dual Shift Mode,Black,–,At least 1 accident or damage reported,Yes,74999.0,100847
Porsche,Cayenne S,2015,"124,000 mi.",Gasoline,420.0HP 3.6L V6 Cylinder Engine Gasoline Fuel,8-Speed A/T,White,Beige,None reported,Yes,25000.0,100848
Volkswagen,New Beetle GLS,2001,"63,250 mi.",Gasoline,115.0HP 2.0L 4 Cylinder Engine Gasoline Fuel,4-Speed A/T,Yellow,Yellow,None reported,Yes,12000.0,100849
Lexus,RC 350 Base,2015,"73,800 mi.",Gasoline,3.5L V6 24V PDI DOHC,6-Speed Automatic,Black,Black,None reported,,26999.0,100850
BMW,M2 Base,2018,"25,000 mi.",Gasoline,365.0HP 3.0L Straight 6 Cylinder Engine Gasoline Fuel,7-Speed A/T,Black,Black,None reported,Yes,52000.0,100851
BMW,435 i xDrive,2014,"90,347 mi.",Gasoline,300.0HP 3.0L Straight 6 Cylinder Engine Gasoline Fuel,8-Speed A/T,Silver,Black,None reported,Yes,21800.0,100852
Volvo,XC90 T6 Inscription,2019,"60,000 mi.",Gasoline,316.0HP 2.0L 4 Cylinder Engine Gasoline Fuel,8-Speed A/T,White,Black,None reported,Yes,37000.0,100853
Mercedes-Benz,S-Class S 63 AMG,2015,"20,394 mi.",Gasoline,5.5 Liter,Automatic,Black,Black,At least 1 accident or damage reported,,59598.0,100854
Chevrolet,Express 2500 Work Van,2017,"56,000 mi.",Gasoline,285.0HP 4.8L 8 Cylinder Engine Gasoline Fuel,A/T,Blue,–,None reported,Yes,44600.0,100855
Lincoln,Aviator Reserve AWD,2020,"51,247 mi.",Gasoline,3.0 Liter GTDI,Automatic,Magnetic Gray Clearcoat,Roast,None reported,,47698.0,100856
Nissan,Murano SL,2007,"120,000 mi.",Gasoline,240.0HP 3.5L V6 Cylinder Engine Gasoline Fuel,A/T,Silver,Black,None reported,Yes,6750.0,100857
Toyota,Sienna XSE 25th Anniversary,2023,500 mi.,Hybrid,245.0HP 2.5L 4 Cylinder Engine Gas/Electric Hybrid,A/T,White,Black,None reported,Yes,59500.0,100858
Nissan,GT-R Premium,2017,"31,150 mi.",Gasoline,565.0HP 3.8L V6 Cylinder Engine Gasoline Fuel,Transmission w/Dual Shift Mode,Orange,Black,None reported,Yes,113000.0,100859
Mercury,Marauder Base,2003,"90,000 mi.",Gasoline,302.0HP 4.6L 8 Cylinder Engine Gasoline Fuel,4-Speed A/T,Blue,Beige,At least 1 accident or damage reported,Yes,15500.0,100860
RAM,2500 Laramie,2018,"98,650 mi.",Diesel,350.0HP 6.7L Straight 6 Cylinder Engine Diesel Fuel,6-Speed A/T,Black,Black,None reported,Yes,56750.0,100861
Genesis,G70 2.0T,2023,"4,785 mi.",Gasoline,2.0L I4 16V GDI DOHC Turbo,Automatic,Vik Black,Obsidian Black,None reported,Yes,42850.0,100862
Saturn,Sky Red Line,2009,"134,000 mi.",Gasoline,260.0HP 2.0L 4 Cylinder Engine Gasoline Fuel,5-Speed M/T,Blue,Black,At least 1 accident or damage reported,Yes,9500.0,100863
Chevrolet,Express 1500 Work Van,2011,"93,009 mi.",E85 Flex Fuel,5.3L V8 16V MPFI OHV Flexible Fuel,4-Speed Automatic,Summit White,Medium Pewter,None reported,Yes,22495.0,100864
Bentley,Bentayga Speed,2020,"22,001 mi.",Gasoline,6.0L W12 48V PDI DOHC Twin Turbo,8-Speed Automatic,Beluga Black,Hotspur Hide,None reported,Yes,173995.0,100865
Chevrolet,Corvette Stingray w/1LT,2021,"10,400 mi.",Gasoline,490.0HP 6.2L 8 Cylinder Engine Gasoline Fuel,8-Speed A/T,Silver,Black,None reported,Yes,72900.0,100866
Cadillac,STS V6,2005,"96,000 mi.",Gasoline,260.0HP 3.6L V6 Cylinder Engine Gasoline Fuel,A/T,Beige,Brown,At least 1 accident or damage reported,Yes,4999.0,100867
Dodge,Dakota SLT Quad Cab,2007,"232,492 mi.",Gasoline,210.0HP 3.7L V6 Cylinder Engine Gasoline Fuel,4-Speed A/T,Silver,Gray,At least 1 accident or damage reported,Yes,6000.0,100868
Ford,Mustang Mach-E GT,2022,"13,856 mi.",,480.0HP Electric Motor Electric Fuel System,1-Speed A/T,White,Black,None reported,Yes,54000.0,100869
Audi,Q5 S line Premium,2022,"8,193 mi.",Hybrid,2.0 Liter TFSI,Automatic,Florett Silver,Black,None reported,,42598.0,100870
Lexus,RX 350 Base,2021,"20,598 mi.",Gasoline,3.5L V6 24V PDI DOHC,8-Speed Automatic,Atomic Silver,Gray,At least 1 accident or damage reported,,42599.0,100871
Chevrolet,Corvette Stingray w/1LT,2021,"13,700 mi.",Gasoline,490.0HP 6.2L 8 Cylinder Engine Gasoline Fuel,A/T,White,Red,None reported,Yes,75000.0,100872
Mazda,Mazda6 Carbon Edition,2021,"21,444 mi.",Gasoline,2.5L I4 16V,6-Speed Automatic,Polymetal Gray Metallic,Red,None reported,Yes,29995.0,100873
Volvo,S90 T5 Momentum,2018,"95,000 mi.",Gasoline,250.0HP 2.0L 4 Cylinder Engine Gasoline Fuel,8-Speed A/T,White,Beige,None reported,Yes,18000.0,100874
Mitsubishi,Lancer Evolution MR,2006,"128,000 mi.",Gasoline,286.0HP 2.0L 4 Cylinder Engine Gasoline Fuel,6-Speed M/T,Silver,Black,None reported,Yes,37999.0,100875
BMW,Z4 sDrive28i,2016,"59,000 mi.",Gasoline,240.0HP 2.0L 4 Cylinder Engine Gasoline Fuel,8-Speed A/T,Black,Beige,None reported,Yes,25000.0,100876
Rivian,R1T Launch Edition,2022,"8,681 mi.",,835.0HP Electric Motor Electric Fuel System,A/T,Gray,Black,None reported,Yes,82000.0,100877
Mercedes-Benz,E-Class E 450 4MATIC,2021,"18,000 mi.",Hybrid,362.0HP 3.0L Straight 6 Cylinder Engine Gasoline/Mild Electric Hybrid,9-Speed A/T,Gray,Black,At least 1 accident or damage reported,Yes,62000.0,100878
MINI,Countryman Cooper S,2019,"18,997 mi.",Gasoline,189.0HP 2.0L 4 Cylinder Engine Gasoline Fuel,Transmission w/Dual Shift Mode,Red,Black,None reported,Yes,26750.0,100879
Toyota,Sequoia SR5,2010,"154,860 mi.",Gasoline,310.0HP 4.6L 8 Cylinder Engine Gasoline Fuel,6-Speed A/T,Silver,Gray,None reported,Yes,17900.0,100880
Toyota,GR86 Premium,2023,"1,075 mi.",Gasoline,228.0HP 2.4L 4 Cylinder Engine Gasoline Fuel,6-Speed M/T,White,Black,None reported,Yes,35000.0,100881
Jeep,Wrangler Unlimited 4xe Sahara,2021,"51,105 mi.",Hybrid,2.0L I4 16V GDI DOHC Turbo Hybrid,8-Speed Automatic,Black Clearcoat,Black,None reported,Yes,42700.0,100882
BMW,X5 xDrive 35i Sport Activity,2012,"122,600 mi.",Gasoline,300.0HP 3.0L Straight 6 Cylinder Engine Gasoline Fuel,8-Speed A/T,Black,Black,At least 1 accident or damage reported,Yes,12900.0,100883
Chevrolet,Silverado 1500 Base,2000,"97,000 mi.",Gasoline,200.0HP 4.3L V6 Cylinder Engine Gasoline Fuel,A/T,White,Gray,None reported,Yes,27500.0,100884
Cadillac,SRX Luxury Collection,2012,"87,500 mi.",E85 Flex Fuel,308.0HP 3.6L V6 Cylinder Engine Flex Fuel Capability,A/T,White,Beige,None reported,Yes,11499.0,100885
INFINITI,G37 Sport,2008,"63,496 mi.",Gasoline,330.0HP 3.7L V6 Cylinder Engine Gasoline Fuel,6-Speed M/T,Black,Black,None reported,Yes,15000.0,100886
Land,Rover Range Rover Sport Supercharged,2015,"64,300 mi.",E85 Flex Fuel,550.0HP 5.0L 8 Cylinder Engine Flex Fuel Capability,Transmission w/Dual Shift Mode,Blue,Black,None reported,Yes,44850.0,100887
Kia,Sorento EX,2016,"64,290 mi.",Gasoline,2.0L I4 16V GDI DOHC Turbo,6-Speed Automatic,Snow White Pearl,Satin Black,None reported,,16999.0,100888
Ford,Transit Connect XL,2018,"66,770 mi.",E85 Flex Fuel,169.0HP 2.5L 4 Cylinder Engine Flex Fuel Capability,6-Speed A/T,Red,–,,,21500.0,100889
Lexus,GX 460 Base,2018,"65,900 mi.",Gasoline,301.0HP 4.6L 8 Cylinder Engine Gasoline Fuel,Transmission w/Dual Shift Mode,Gray,Black,At least 1 accident or damage reported,Yes,34700.0,100890
Tesla,Model Y Performance,2020,"30,554 mi.",,Electric,1-Speed Automatic,Blue,Black,None reported,,41999.0,100891
Toyota,Land Cruiser Base,1996,"233,000 mi.",–,–,A/T,Blue,Gray,None reported,Yes,7500.0,100892
RAM,1500 Tradesman/Express,2017,"26,269 mi.",E85 Flex Fuel,3.6L V6 24V MPFI DOHC Flexible Fuel,8-Speed Automatic,Bright White Clearcoat,Black,At least 1 accident or damage reported,,25307.0,100893
GMC,Terrain SLT,2020,"55,018 mi.",Gasoline,170.0HP 1.5L 4 Cylinder Engine Gasoline Fuel,9-Speed A/T,Black,Black,At least 1 accident or damage reported,Yes,25500.0,100894
Toyota,Highlander Hybrid Limited,2018,"62,200 mi.",Hybrid,306.0HP 3.5L V6 Cylinder Engine Gas/Electric Hybrid,CVT Transmission,Brown,Beige,None reported,Yes,35707.0,100895
Cadillac,Escalade Premium,2010,"104,000 mi.",E85 Flex Fuel,403.0HP 6.2L 8 Cylinder Engine Flex Fuel Capability,A/T,Gray,–,None reported,Yes,19500.0,100896
Acura,TL Technology,2013,"40,000 mi.",Gasoline,280.0HP 3.5L V6 Cylinder Engine Gasoline Fuel,6-Speed A/T,Blue,Gray,None reported,Yes,24000.0,100897
MINI,Convertible John Cooper Works,2017,"24,280 mi.",Gasoline,228.0HP 2.0L 4 Cylinder Engine Gasoline Fuel,6-Speed A/T,Black,Black,At least 1 accident or damage reported,Yes,29000.0,100898
Nissan,Kicks S,2022,"19,877 mi.",Gasoline,1.6L I4 16V MPFI DOHC,Automatic CVT,Super Black,Charcoal,None reported,,18999.0,100899
Ford,F-150 FX4,2014,"85,500 mi.",Gasoline,411.0HP 6.2L 8 Cylinder Engine Gasoline Fuel,Transmission w/Dual Shift Mode,Black,Black,None reported,Yes,26900.0,100900
Ford,Mustang GT Premium,2012,"105,500 mi.",Gasoline,412.0HP 5.0L 8 Cylinder Engine Gasoline Fuel,6-Speed M/T,Silver,Black,None reported,Yes,19000.0,100901
Porsche,Macan S,2020,"29,136 mi.",Gasoline,3.0 Liter Turbo,Automatic,White,Red,None reported,,58598.0,100902
GMC,Sierra 2500 SLE,2015,"116,210 mi.",E85 Flex Fuel,360.0HP 6.0L 8 Cylinder Engine Flex Fuel Capability,Transmission Overdrive Switch,Black,Beige,None reported,Yes,31900.0,100903
Dodge,Ram 2500 SLT Mega Cab,2007,"97,724 mi.",Diesel,350.0HP 6.7L Straight 6 Cylinder Engine Diesel Fuel,A/T,Red,Gray,None reported,Yes,19998.0,100904
Ford,F-150 XLT,2019,"81,778 mi.",Gasoline,3.5L V6 24V PDI DOHC Twin Turbo,Automatic,Black,Medium Earth Gray,None reported,Yes,32769.0,100905
Lincoln,Navigator Reserve,2019,"44,741 mi.",Gasoline,450.0HP 3.5L V6 Cylinder Engine Gasoline Fuel,10-Speed A/T,Beige,Beige,None reported,Yes,52999.0,100906
Ford,Bronco Big Bend,2022,"17,000 mi.",Gasoline,275.0HP 2.3L 4 Cylinder Engine Gasoline Fuel,A/T,Gray,–,None reported,Yes,44000.0,100907
Ford,F-250 XL Crew Cab Super Duty,2004,"315,000 mi.",Diesel,325.0HP 6.0L 8 Cylinder Engine Diesel Fuel,A/T,White,Gray,None reported,Yes,9200.0,100908
BMW,M3 Competition xDrive,2023,"3,490 mi.",Gasoline,503.0HP 3.0L Straight 6 Cylinder Engine Gasoline Fuel,8-Speed A/T,Gray,Black,None reported,Yes,95580.0,100909
Audi,TT 2.0T Premium,2012,"64,549 mi.",Gasoline,211.0HP 2.0L 4 Cylinder Engine Gasoline Fuel,Transmission w/Dual Shift Mode,Silver,Black,None reported,Yes,17000.0,100910
Jeep,Wrangler Unlimited Sahara,2009,"180,036 mi.",Gasoline,202.0HP 3.8L V6 Cylinder Engine Gasoline Fuel,A/T,Black,Black,At least 1 accident or damage reported,Yes,9100.0,100911
Audi,A3 2.0T,2010,"83,500 mi.",Gasoline,200.0HP 2.0L 4 Cylinder Engine Gasoline Fuel,Transmission w/Dual Shift Mode,Silver,Black,None reported,Yes,6500.0,100912
Ford,F-150 XLT SuperCab,2010,"232,000 mi.",Gasoline,292.0HP 4.6L 8 Cylinder Engine Gasoline Fuel,A/T,Blue,Gray,None reported,Yes,3000.0,100913
Ford,Explorer ST,2021,"39,105 mi.",Gasoline,3.0L V6 24V GDI DOHC Twin Turbo,10-Speed Automatic,Black,–,None reported,Yes,44605.0,100914
Chevrolet,Traverse RS,2023,"6,000 mi.",Gasoline,310.0HP 3.6L V6 Cylinder Engine Gasoline Fuel,9-Speed A/T,Gray,Black,None reported,Yes,48500.0,100915
RAM,1500 SLT,2017,"45,000 mi.",Gasoline,395.0HP 5.7L 8 Cylinder Engine Gasoline Fuel,A/T,Black,Gray,None reported,Yes,29999.0,100916
Acura,ILX Premium & A-SPEC Packages,2019,"19,500 mi.",Gasoline,201.0HP 2.4L 4 Cylinder Engine Gasoline Fuel,8-Speed A/T,Gray,Black,None reported,Yes,25000.0,100917
Mitsubishi,Eclipse GS,2008,"189,500 mi.",Gasoline,162.0HP 2.4L 4 Cylinder Engine Gasoline Fuel,5-Speed M/T,Red,Black,None reported,Yes,6000.0,100918
Volkswagen,Arteon 2.0T SE,2021,"13,613 mi.",Gasoline,2.0 Liter TSI,Automatic,Pure White,Titan Black,None reported,,29798.0,100919
Chevrolet,Silverado 1500 RST,2020,"26,177 mi.",Gasoline,5.3L V8 16V GDI OHV,Automatic,Shadow Gray Metallic,Jet Black,,,41986.0,100920
Chevrolet,Silverado 1500 1LT,2017,"89,000 mi.",Gasoline,355.0HP 5.3L 8 Cylinder Engine Gasoline Fuel,6-Speed A/T,Gray,Gray,None reported,Yes,29999.0,100921
Toyota,Camry SE,2011,"177,702 mi.",Gasoline,179.0HP 2.5L 4 Cylinder Engine Gasoline Fuel,A/T,Gray,Gray,At least 1 accident or damage reported,Yes,7700.0,100922
RAM,1500 Laramie,2022,"16,744 mi.",Gasoline,5.7L V8 16V MPFI OHV,8-Speed Automatic,Delmonico Red Pearlcoat,Black,None reported,,46999.0,100923
Ford,Utility Police Interceptor Base,2013,"105,000 mi.",E85 Flex Fuel,300.0HP 3.7L V6 Cylinder Engine Flex Fuel Capability,A/T,White,Black,At least 1 accident or damage reported,Yes,6600.0,100924
Jaguar,F-PACE S,2020,"35,580 mi.",Gasoline,3.0 Liter,Automatic,Eiger Grey Metallic,Ebony/Light Oyster Stitch,None reported,,46998.0,100925
Jeep,Renegade Trailhawk,2017,"78,717 mi.",Gasoline,180.0HP 2.4L 4 Cylinder Engine Gasoline Fuel,A/T,Black,Black,None reported,Yes,17500.0,100926
INFINITI,G35 Base,2005,"99,000 mi.",Gasoline,298.0HP 3.5L V6 Cylinder Engine Gasoline Fuel,6-Speed M/T,Silver,Black,None reported,Yes,18900.0,100927
Audi,Q8 3.0T Premium,2019,"51,984 mi.",Hybrid,335.0HP 3.0L V6 Cylinder Engine Gasoline/Mild Electric Hybrid,8-Speed A/T,White,–,None reported,Yes,44870.0,100928
Nissan,350Z NISMO,2008,"76,500 mi.",Gasoline,306.0HP 3.5L V6 Cylinder Engine Gasoline Fuel,6-Speed M/T,Silver,Red,At least 1 accident or damage reported,Yes,28000.0,100929
Ford,Mustang GT Premium,2011,"101,000 mi.",Gasoline,412.0HP 5.0L 8 Cylinder Engine Gasoline Fuel,6-Speed M/T,Red,Black,None reported,Yes,18500.0,100930
Chevrolet,Blazer Premier,2019,"55,621 mi.",Gasoline,3.6L V6 24V GDI DOHC,9-Speed Automatic,Silver Ice Metallic,Jet Black,None reported,,34562.0,100931
Chevrolet,Corvette Z06,2006,"42,000 mi.",Gasoline,505.0HP 7.0L 8 Cylinder Engine Gasoline Fuel,6-Speed M/T,Orange,Black,None reported,Yes,42000.0,100932
Hyundai,Tucson Limited,2016,"138,000 mi.",Gasoline,175.0HP 1.6L 4 Cylinder Engine Gasoline Fuel,7-Speed A/T,Brown,Beige,None reported,Yes,10990.0,100933
Mercury,Capri XR2,1993,"120,644 mi.",–,–,5-Speed M/T,Green,Gray,None reported,Yes,4200.0,100934
Mercedes-Benz,SL-Class SL 550,2012,"21,300 mi.",Gasoline,382.0HP 5.5L 8 Cylinder Engine Gasoline Fuel,7-Speed A/T,Silver,Red,At least 1 accident or damage reported,Yes,38500.0,100935
Cadillac,CT6-V 4.2L Blackwing Twin Turbo,2019,"8,074 mi.",Gasoline,4.2L V8 32V GDI DOHC Twin Turbo,10-Speed Automatic,Manhattan Noir Metallic,Jet Black,None reported,,76700.0,100936
Audi,A3 2.0T Premium,2016,"90,360 mi.",Gasoline,220.0HP 2.0L 4 Cylinder Engine Gasoline Fuel,A/T,Black,Black,At least 1 accident or damage reported,Yes,15499.0,100937
Mercedes-Benz,AMG G 63 Base,2021,"7,856 mi.",Gasoline,4.0L V8 32V GDI DOHC Twin Turbo,9-Speed Automatic,China Blue,Black,None reported,Yes,425000.0,100938
Ford,F-150 XLT,2022,"33,818 mi.",Gasoline,5.0L V8 32V PDI DOHC,Automatic,Agate Black Metallic,Black,None reported,Yes,46552.0,100939
Jaguar,XK R,2012,"38,383 mi.",Gasoline,510.0HP 5.0L 8 Cylinder Engine Gasoline Fuel,6-Speed A/T,White,Black,None reported,Yes,36949.0,100940
Toyota,Camry Solara SLE V6,2000,"245,000 mi.",Gasoline,200.0HP 3.0L V6 Cylinder Engine Gasoline Fuel,A/T,Black,Beige,At least 1 accident or damage reported,Yes,2500.0,100941
Ford,F-250 XL,2016,"75,200 mi.",E85 Flex Fuel,385.0HP 6.2L 8 Cylinder Engine Flex Fuel Capability,6-Speed A/T,White,Gray,None reported,Yes,22000.0,100942
Ford,Mustang GT Premium,2019,"31,600 mi.",Gasoline,460.0HP 5.0L 8 Cylinder Engine Gasoline Fuel,6-Speed M/T,Blue,Gray,None reported,Yes,41000.0,100943
Pontiac,Solstice GXP,2007,"7,800 mi.",Gasoline,260.0HP 2.0L 4 Cylinder Engine Gasoline Fuel,5-Speed A/T,Silver,Black,None reported,Yes,19000.0,100944
Jeep,Gladiator Mojave,2022,"24,500 mi.",Gasoline,285.0HP 3.6L V6 Cylinder Engine Gasoline Fuel,8-Speed A/T,Blue,Black,None reported,Yes,64000.0,100945
RAM,1500 Big Horn,2015,"140,500 mi.",Gasoline,395.0HP 5.7L 8 Cylinder Engine Gasoline Fuel,8-Speed A/T,Red,Gray,At least 1 accident or damage reported,Yes,14000.0,100946
GMC,Suburban 2500,1996,"95,000 mi.",Gasoline,290.0HP 7.4L 8 Cylinder Engine Gasoline Fuel,4-Speed A/T,White,Gray,None reported,Yes,25000.0,100947
Mercedes-Benz,E-Class E 350 4MATIC,2014,"84,450 mi.",Gasoline,302.0HP 3.5L V6 Cylinder Engine Gasoline Fuel,7-Speed A/T,Gray,Beige,None reported,Yes,19000.0,100948
Volvo,S80 3.2,2010,"90,050 mi.",Gasoline,235.0HP 3.2L Straight 6 Cylinder Engine Gasoline Fuel,A/T,Brown,Beige,None reported,Yes,5800.0,100949
Jeep,Wrangler Sahara,2008,"54,000 mi.",Gasoline,202.0HP 3.8L V6 Cylinder Engine Gasoline Fuel,A/T,Green,Gray,None reported,Yes,20000.0,100950
Ford,Mustang Boss 302,2012,"1,295 mi.",Gasoline,444.0HP 5.0L 8 Cylinder Engine Gasoline Fuel,M/T,Silver,Black,None reported,Yes,49990.0,100951
Dodge,Durango R/T,2022,"14,976 mi.",Gasoline,5.7L V8 16V MPFI OHV,8-Speed Automatic,White Knuckle Clearcoat,Black,None reported,Yes,49999.0,100952
Genesis,GV70 2.5T,2022,"11,000 mi.",Gasoline,300.0HP 2.5L 4 Cylinder Engine Gasoline Fuel,A/T,White,–,At least 1 accident or damage reported,Yes,48950.0,100953
Land,Rover Range Rover Westminster SWB,2022,"2,220 mi.",Hybrid,395.0HP 3.0L Straight 6 Cylinder Engine Gasoline/Mild Electric Hybrid,8-Speed A/T,Blue,White,None reported,Yes,115999.0,100954
Lexus,LX 600 F SPORT,2023,490 mi.,Gasoline,409.0HP 3.4L V6 Cylinder Engine Gasoline Fuel,A/T,Black,Black,None reported,Yes,124999.0,100955
Ford,Expedition EL King Ranch,2011,"156,856 mi.",E85 Flex Fuel,310.0HP 5.4L 8 Cylinder Engine Flex Fuel Capability,6-Speed A/T,Black,Brown,None reported,Yes,14300.0,100956
Audi,RS 7 4.0T,2022,"4,100 mi.",Hybrid,591.0HP 4.0L 8 Cylinder Engine Gasoline/Mild Electric Hybrid,8-Speed A/T,Blue,Black,None reported,Yes,162500.0,100957
BMW,750 i xDrive,2014,"85,095 mi.",Gasoline,445.0HP 4.4L 8 Cylinder Engine Gasoline Fuel,8-Speed A/T,Black,Brown,At least 1 accident or damage reported,Yes,24900.0,100958
Ford,Bronco Sport Outer Banks,2021,"28,105 mi.",Gasoline,1.5L I3 12V PDI DOHC Turbo,8-Speed Automatic,Kodiak Brown Metallic,Ebony,,,32455.0,100959
Aston,Martin Vantage Base,2022,"1,023 mi.",Gasoline,503.0HP 4.0L 8 Cylinder Engine Gasoline Fuel,8-Speed A/T,Blue,Brown,None reported,Yes,156900.0,100960
BMW,M2 CS,2020,"9,670 mi.",Gasoline,444.0HP 3.0L Straight 6 Cylinder Engine Gasoline Fuel,Transmission w/Dual Shift Mode,Blue,Black,None reported,Yes,103500.0,100961
Genesis,G80 3.3T Sport,2019,"57,500 mi.",Gasoline,365.0HP 3.3L V6 Cylinder Engine Gasoline Fuel,A/T,Red,Black,None reported,Yes,32990.0,100962
Audi,Q4 e-tron Sportback Premium,2023,"1,156 mi.",,295.0HP Electric Motor Electric Fuel System,A/T,Blue,Black,None reported,Yes,54900.0,100963
Land,Rover LR3 HSE,2006,"153,843 mi.",Gasoline,300.0HP 4.4L 8 Cylinder Engine Gasoline Fuel,6-Speed A/T,Red,Beige,At least 1 accident or damage reported,Yes,9950.0,100964
Mercedes-Benz,CLK-Class CLK 350,2008,"73,000 mi.",Gasoline,268.0HP 3.5L V6 Cylinder Engine Gasoline Fuel,7-Speed A/T,Black,Black,None reported,Yes,8400.0,100965
Cadillac,XT4 Sport,2019,"44,500 mi.",Gasoline,237.0HP 2.0L 4 Cylinder Engine Gasoline Fuel,9-Speed A/T,Blue,White,None reported,Yes,28900.0,100966
Cadillac,Escalade Sport Platinum,2021,"26,000 mi.",Gasoline,420.0HP 6.2L 8 Cylinder Engine Gasoline Fuel,10-Speed A/T,Black,Black,None reported,Yes,104000.0,100967
Land,Rover Defender 110 SE,2020,"29,700 mi.",Hybrid,395.0HP 3.0L Straight 6 Cylinder Engine Gasoline/Mild Electric Hybrid,8-Speed A/T,Green,Black,,,68000.0,100968
Jaguar,XK8 Base,2001,"150,000 mi.",Gasoline,290.0HP 4.0L 8 Cylinder Engine Gasoline Fuel,5-Speed A/T,Green,White,At least 1 accident or damage reported,Yes,9875.0,100969
Cadillac,ATS 2.5L,2014,"80,400 mi.",Gasoline,202.0HP 2.5L 4 Cylinder Engine Gasoline Fuel,A/T,Silver,Black,At least 1 accident or damage reported,Yes,15000.0,100970
Land,Rover Range Rover Sport Supercharged HSE,2016,"99,915 mi.",Gasoline,340.0HP 3.0L V6 Cylinder Engine Gasoline Fuel,A/T,Blue,White,At least 1 accident or damage reported,Yes,26500.0,100971
Kia,Optima EX,2012,"152,520 mi.",Gasoline,200.0HP 2.4L 4 Cylinder Engine Gasoline Fuel,6-Speed A/T,White,Beige,None reported,Yes,10900.0,100972
Bentley,Bentayga Azure First Edition,2023,"1,335 mi.",Gasoline,4.0L V8 32V GDI DOHC Twin Turbo,8-Speed Automatic,Onyx,Portland,None reported,Yes,272950.0,100973
BMW,M4 CS,2019,"19,069 mi.",Gasoline,3.0 Liter DOHC Turbo,Automatic,Alpine White,Anthracite,None reported,,69998.0,100974
Audi,Q7 Premium Plus,2023,"10,601 mi.",Hybrid,3.0 Liter TFSI,Automatic,Mythos Black,Black,None reported,,61998.0,100975
Lexus,IS 250C Base,2010,"68,500 mi.",Gasoline,204.0HP 2.5L V6 Cylinder Engine Gasoline Fuel,6-Speed M/T,Black,Beige,None reported,Yes,18500.0,100976
Tesla,Model Y Performance,2023,"6,188 mi.",,455.0HP Electric Motor Electric Fuel System,A/T,Gray,White,None reported,Yes,53900.0,100977
Audi,A5 2.0T Premium,2011,"92,203 mi.",Gasoline,211.0HP 2.0L 4 Cylinder Engine Gasoline Fuel,Transmission w/Dual Shift Mode,Red,Beige,None reported,Yes,9995.0,100978
Toyota,Tundra SR5,2020,"26,300 mi.",Gasoline,381.0HP 5.7L 8 Cylinder Engine Gasoline Fuel,6-Speed A/T,Gray,Gray,At least 1 accident or damage reported,Yes,46199.0,100979
Chevrolet,Colorado Z71,2019,"25,462 mi.",Gasoline,3.6L V6 24V GDI DOHC,Automatic,Shadow Gray Metallic,Jet Black,None reported,,36139.0,100980
Toyota,Tundra Hybrid Capstone,2023,200 mi.,Hybrid,437.0HP 3.4L V6 Cylinder Engine Gas/Electric Hybrid,10-Speed A/T,Blue,White,None reported,Yes,82500.0,100981
Honda,Odyssey LX,2011,"185,000 mi.",Gasoline,248.0HP 3.5L V6 Cylinder Engine Gasoline Fuel,A/T,Purple,–,None reported,Yes,8900.0,100982
Lincoln,Navigator Reserve,2018,"54,000 mi.",Gasoline,450.0HP 3.5L V6 Cylinder Engine Gasoline Fuel,10-Speed A/T,Brown,Orange,At least 1 accident or damage reported,Yes,46500.0,100983
Lexus,GS 350 Base,2010,"212,000 mi.",Gasoline,303.0HP 3.5L V6 Cylinder Engine Gasoline Fuel,A/T,Gray,Black,At least 1 accident or damage reported,Yes,9450.0,100984
Mercedes-Benz,CLK-Class CLK 350,2008,"93,000 mi.",Gasoline,268.0HP 3.5L V6 Cylinder Engine Gasoline Fuel,7-Speed A/T,White,Beige,At least 1 accident or damage reported,Yes,12000.0,100985
Honda,S2000 Base,2001,"119,900 mi.",Gasoline,240.0HP 2.0L 4 Cylinder Engine Gasoline Fuel,6-Speed M/T,Black,Red,At least 1 accident or damage reported,Yes,18000.0,100986
RAM,1500 Laramie,2022,"18,051 mi.",Gasoline,5.7L V8 16V MPFI OHV,Automatic,Patriot Blue Pearlcoat,Black,None reported,Yes,47995.0,100987
MINI,Countryman Cooper S ALL4,2016,"95,070 mi.",Gasoline,181.0HP 1.6L 4 Cylinder Engine Gasoline Fuel,6-Speed A/T,Blue,Black,None reported,Yes,12750.0,100988
Jeep,Grand Cherokee Laredo,2011,"118,000 mi.",Gasoline,360.0HP 5.7L 8 Cylinder Engine Gasoline Fuel,A/T,Gold,Black,At least 1 accident or damage reported,Yes,12500.0,100989
Lamborghini,Aventador LP700-4,2016,"3,254 mi.",Gasoline,6.5L V12 48V MPFI DOHC,7-Speed Automatic with Auto-Shift,Bianco Isis,Giallo Taurus / Nero Ade,None reported,,399900.0,100990
Tesla,Model S Plaid,2021,"20,100 mi.",,1020.0HP Electric Motor Electric Fuel System,A/T,Red,Black,None reported,Yes,69995.0,100991
Nissan,Maxima 3.5 SR,2019,"72,150 mi.",Gasoline,300.0HP 3.5L V6 Cylinder Engine Gasoline Fuel,CVT Transmission,White,Black,At least 1 accident or damage reported,Yes,26999.0,100992
Scion,tC Base,2013,"177,600 mi.",Gasoline,180.0HP 2.5L 4 Cylinder Engine Gasoline Fuel,6-Speed A/T,Silver,Black,At least 1 accident or damage reported,Yes,7100.0,100993
Mazda,Mazda3 s Grand Touring,2016,"85,000 mi.",–,–,A/T,Black,Black,At least 1 accident or damage reported,Yes,18500.0,100994
Tesla,Model Y Long Range,2021,"14,642 mi.",,425.0HP Electric Motor Electric Fuel System,A/T,Red,Black,None reported,Yes,48500.0,100995
INFINITI,QX80 SENSORY,2022,"26,520 mi.",Gasoline,400.0HP 5.6L 8 Cylinder Engine Gasoline Fuel,7-Speed A/T,Blue,Brown,At least 1 accident or damage reported,Yes,64000.0,100996
Ford,F-250 Platinum,2022,"4,500 mi.",Gasoline,430.0HP 7.3L 8 Cylinder Engine Gasoline Fuel,10-Speed A/T,Black,Black,None reported,Yes,86500.0,100997
BMW,330 i xDrive,2017,"59,203 mi.",Gasoline,248.0HP 2.0L 4 Cylinder Engine Gasoline Fuel,A/T,White,–,None reported,Yes,23000.0,100998
GMC,Sierra 1500 SLT,2021,"11,250 mi.",Gasoline,420.0HP 6.2L 8 Cylinder Engine Gasoline Fuel,A/T,White,Black,None reported,Yes,70250.0,100999
Acura,ILX 2.0L w/Premium Package,2015,"75,000 mi.",Gasoline,150.0HP 2.0L 4 Cylinder Engine Gasoline Fuel,5-Speed A/T,Gold,Beige,None reported,Yes,14500.0,101000
Porsche,Macan Base,2018,"36,798 mi.",Gasoline,2.0L I4 16V GDI DOHC Turbo,7-Speed Automatic with Auto-Shift,Volcano Grey Metallic,Black,At least 1 accident or damage reported,Yes,49500.0,101001
Tesla,Model 3 Long Range,2021,"32,670 mi.",,Electric Motor Electric Fuel System,A/T,White,Black,None reported,Yes,37000.0,101002
Chevrolet,Silverado 1500 LT,2019,"53,433 mi.",Gasoline,355.0HP 5.3L 8 Cylinder Engine Gasoline Fuel,A/T,Blue,Gray,None reported,Yes,36950.0,101003
Mercedes-Benz,S-Class S 550 4MATIC,2015,"54,000 mi.",Gasoline,449.0HP 4.7L 8 Cylinder Engine Gasoline Fuel,7-Speed A/T,White,Beige,None reported,Yes,37000.0,101004
Volkswagen,Golf GTI 2.0T SE 4-Door,2018,"63,450 mi.",Gasoline,220.0HP 2.0L 4 Cylinder Engine Gasoline Fuel,6-Speed M/T,White,Black,None reported,Yes,24325.0,101005
Mercedes-Benz,AMG C 43 Base 4MATIC,2018,"41,500 mi.",Gasoline,362.0HP 3.0L V6 Cylinder Engine Gasoline Fuel,9-Speed A/T,White,Brown,At least 1 accident or damage reported,Yes,39848.0,101006
BMW,650 i,2009,"35,000 mi.",Gasoline,360.0HP 4.8L 8 Cylinder Engine Gasoline Fuel,A/T,Black,Black,None reported,Yes,18500.0,101007
Audi,A8 L 55,2019,"93,400 mi.",Hybrid,335.0HP 3.0L V6 Cylinder Engine Gasoline/Mild Electric Hybrid,A/T,Silver,Brown,None reported,Yes,42500.0,101008
BMW,325 i,2005,"190,395 mi.",Gasoline,184.0HP 2.5L Straight 6 Cylinder Engine Gasoline Fuel,A/T,Black,Brown,None reported,Yes,5000.0,101009
Cadillac,CTS 2.0L Turbo Luxury,2019,"46,000 mi.",Gasoline,265.0HP 2.0L 4 Cylinder Engine Gasoline Fuel,8-Speed A/T,Black,Beige,At least 1 accident or damage reported,Yes,29000.0,101010
Nissan,Pathfinder S,2014,"135,000 mi.",Gasoline,260.0HP 3.5L V6 Cylinder Engine Gasoline Fuel,A/T,White,Brown,None reported,Yes,8500.0,101011
Land,Rover Discovery Sport SE R-Dynamic,2020,"20,927 mi.",Gasoline,2.0 Liter,Automatic,Fuji White,–,None reported,,35998.0,101012
Hyundai,Sonata Hybrid Limited,2013,"96,419 mi.",Hybrid,199.0HP 2.4L 4 Cylinder Engine Gas/Electric Hybrid,6-Speed A/T,Black,Gray,At least 1 accident or damage reported,Yes,14999.0,101013
Maserati,Ghibli S Q4,2014,"76,000 mi.",Gasoline,404.0HP 3.0L V6 Cylinder Engine Gasoline Fuel,A/T,Black,Black,None reported,Yes,19000.0,101014
Mercedes-Benz,CLS-Class CLS 550,2007,"123,112 mi.",Gasoline,382.0HP 5.5L 8 Cylinder Engine Gasoline Fuel,A/T,Silver,Black,At least 1 accident or damage reported,Yes,104999.0,101015
Honda,Pilot EX,2004,"184,000 mi.",Gasoline,240.0HP 3.5L V6 Cylinder Engine Gasoline Fuel,A/T,Blue,Gray,At least 1 accident or damage reported,Yes,10500.0,101016
Chevrolet,Suburban LT,2017,"98,888 mi.",Gasoline,6.0L 8 Cylinder Engine Gasoline Fuel,A/T,White,Black,At least 1 accident or damage reported,Yes,29000.0,101017
Mercedes-Benz,E-Class E 300 4MATIC,2018,"53,705 mi.",Gasoline,241.0HP 2.0L 4 Cylinder Engine Gasoline Fuel,A/T,Black,Black,At least 1 accident or damage reported,Yes,25900.0,101018
Aston,Martin V8 Vantage Base,2008,"62,378 mi.",Gasoline,380.0HP 4.3L 8 Cylinder Engine Gasoline Fuel,M/T,Red,Beige,At least 1 accident or damage reported,Yes,33995.0,101019
Toyota,Camry XSE,2022,"19,361 mi.",Gasoline,3.5 Liter,Automatic,Red,Black,None reported,,38298.0,101020
Mercedes-Benz,SLC 300 Base,2019,"23,900 mi.",Gasoline,241.0HP 2.0L 4 Cylinder Engine Gasoline Fuel,9-Speed A/T,White,Black,None reported,Yes,35999.0,101021
Bentley,Continental GTC Base,2013,"79,422 mi.",Gasoline,616.0HP 6.0L 12 Cylinder Engine Gasoline Fuel,8-Speed A/T,Black,Black,None reported,Yes,64000.0,101022
Dodge,Challenger SXT,2022,"29,500 mi.",Gasoline,303.0HP 3.6L V6 Cylinder Engine Gasoline Fuel,8-Speed A/T,Gray,Black,None reported,Yes,31000.0,101023
Toyota,Avalon Limited,2022,"16,156 mi.",Gasoline,3.5L V6 24V PDI DOHC,8-Speed Automatic,Blueprint,Graphite,None reported,,39390.0,101024
BMW,ALPINA B7 Base,2013,"36,750 mi.",Gasoline,445.0HP 4.4L 8 Cylinder Engine Gasoline Fuel,A/T,Black,Black,None reported,Yes,35999.0,101025
Alfa,Romeo Giulia Base,2020,"30,000 mi.",Gasoline,280.0HP 2.0L 4 Cylinder Engine Gasoline Fuel,8-Speed A/T,Black,–,None reported,Yes,28900.0,101026
Lexus,RC 350 Base,2016,"77,856 mi.",Gasoline,3.5L V6 24V PDI DOHC,6-Speed Automatic,Atomic Silver,Black,None reported,Yes,30919.0,101027
Cadillac,CT6 Luxury,2020,"22,187 mi.",Gasoline,3.6L V6 24V GDI DOHC,10-Speed Automatic,Manhattan Noir Metallic,Shara Beige,At least 1 accident or damage reported,Yes,45480.0,101028
Ford,Ranger Edge SuperCab,2004,"110,000 mi.",Gasoline,148.0HP 3.0L V6 Cylinder Engine Gasoline Fuel,A/T,White,Gray,At least 1 accident or damage reported,Yes,8500.0,101029
Lexus,ES 330 Base,2005,"41,059 mi.",Gasoline,225.0HP 3.3L V6 Cylinder Engine Gasoline Fuel,5-Speed A/T,White,Beige,None reported,Yes,11100.0,101030
Lincoln,MKZ Reserve I,2019,"36,000 mi.",Gasoline,245.0HP 2.0L 4 Cylinder Engine Gasoline Fuel,6-Speed A/T,White,Beige,None reported,Yes,26500.0,101031
Kia,Seltos S,2023,"5,182 mi.",Gasoline,146.0HP 2.0L 4 Cylinder Engine Gasoline Fuel,A/T,White,Black,None reported,Yes,32500.0,101032
Aston,Martin DBX Base,2021,"2,353 mi.",Gasoline,4.0L V8 32V GDI DOHC Twin Turbo,9-Speed Automatic,Green,Sahara Tan,None reported,Yes,159500.0,101033
Dodge,Charger Scat Pack,2019,"42,626 mi.",Gasoline,485.0HP 6.4L 8 Cylinder Engine Gasoline Fuel,8-Speed A/T,Silver,Red,None reported,Yes,42000.0,101034
Jaguar,XK8 Base,1997,"50,000 mi.",Gasoline,290.0HP 4.0L 8 Cylinder Engine Gasoline Fuel,A/T,White,Beige,None reported,Yes,6000.0,101035
Cadillac,Escalade ESV Sport,2021,"36,500 mi.",Gasoline,420.0HP 6.2L 8 Cylinder Engine Gasoline Fuel,Transmission w/Dual Shift Mode,White,Black,None reported,Yes,85000.0,101036
Jeep,Wrangler SE,1999,"137,790 mi.",Gasoline,120.0HP 2.5L 4 Cylinder Engine Gasoline Fuel,5-Speed M/T,Red,–,None reported,Yes,12000.0,101037
Ford,F-150 XLT SuperCab,1999,"48,054 mi.",Gasoline,220.0HP 4.6L 8 Cylinder Engine Gasoline Fuel,A/T,White,Gray,None reported,Yes,9500.0,101038
Porsche,911 Carrera,2020,"12,758 mi.",Gasoline,379.0HP 3.0L Flat 6 Cylinder Engine Gasoline Fuel,8-Speed A/T,Silver,Black,None reported,Yes,107900.0,101039
Lexus,ES 350 Base,2019,"49,810 mi.",Gasoline,302.0HP 3.5L V6 Cylinder Engine Gasoline Fuel,8-Speed A/T,Gray,Black,At least 1 accident or damage reported,Yes,33900.0,101040
Kia,Optima Hybrid LX,2013,"103,111 mi.",Hybrid,199.0HP 2.4L 4 Cylinder Engine Gas/Electric Hybrid,A/T,Silver,Beige,At least 1 accident or damage reported,Yes,9200.0,101041
BMW,328 i,2013,"124,000 mi.",Gasoline,230.0HP 3.0L Straight 6 Cylinder Engine Gasoline Fuel,A/T,White,Beige,None reported,Yes,11900.0,101042
BMW,X6 M Base,2018,"48,291 mi.",Gasoline,567.0HP 4.4L 8 Cylinder Engine Gasoline Fuel,Transmission w/Dual Shift Mode,Gray,Brown,None reported,Yes,67250.0,101043
Mercedes-Benz,SL-Class SL 550,2013,"24,933 mi.",Gasoline,429.0HP 4.6L 8 Cylinder Engine Gasoline Fuel,Transmission w/Dual Shift Mode,Silver,Red,At least 1 accident or damage reported,Yes,40250.0,101044
BMW,M3 Base,2023,"4,106 mi.",Gasoline,3.0L I6 24V GDI DOHC Twin Turbo,6-Speed Manual,Isle of Man Green Metallic,Kyalami Orange,None reported,Yes,84645.0,101045
Nissan,Z Proto Spec,2023,535 mi.,Gasoline,400.0HP 3.0L V6 Cylinder Engine Gasoline Fuel,6-Speed M/T,Yellow,Black,None reported,Yes,65990.0,101046
Mercedes-Benz,E-Class E 350 4MATIC,2009,"171,000 mi.",Gasoline,268.0HP 3.5L V6 Cylinder Engine Gasoline Fuel,5-Speed A/T,Black,Black,At least 1 accident or damage reported,Yes,4750.0,101047
Ford,Excursion Limited 4WD,2003,"245,000 mi.",Diesel,325.0HP 6.0L 8 Cylinder Engine Diesel Fuel,A/T,Black,Beige,At least 1 accident or damage reported,Yes,17999.0,101048
Chevrolet,Equinox 2LT,2012,"96,653 mi.",Gasoline,264.0HP 3.0L V6 Cylinder Engine Gasoline Fuel,6-Speed A/T,Black,Brown,At least 1 accident or damage reported,Yes,7500.0,101049
Jeep,Wrangler Sahara,2012,"78,000 mi.",Gasoline,285.0HP 3.6L V6 Cylinder Engine Gasoline Fuel,5-Speed A/T,Beige,Black,At least 1 accident or damage reported,Yes,22000.0,101050
Jeep,Wrangler Sport,2000,"122,945 mi.",Gasoline,181.0HP 4.0L Straight 6 Cylinder Engine Gasoline Fuel,5-Speed M/T,Beige,Brown,None reported,Yes,13900.0,101051
Audi,TT RS Base,2012,"54,900 mi.",Gasoline,360.0HP 2.5L 5 Cylinder Engine Gasoline Fuel,6-Speed M/T,White,Brown,,,28900.0,101052
Mercedes-Benz,SLK-Class SLK 350,2015,"16,000 mi.",Gasoline,302.0HP 3.5L V6 Cylinder Engine Gasoline Fuel,7-Speed A/T,White,Red,At least 1 accident or damage reported,Yes,30500.0,101053
Subaru,BRZ Premium,2014,"45,000 mi.",Gasoline,200.0HP 2.0L 4 Cylinder Engine Gasoline Fuel,6-Speed M/T,Blue,Black,At least 1 accident or damage reported,Yes,25000.0,101054
BMW,430 Gran Coupe i xDrive,2018,"29,025 mi.",Gasoline,2.0 Liter DOHC T/C,Automatic,Carbon Black Metallic,Black,None reported,,29998.0,101055
Chevrolet,Camaro 1SS,2022,"6,640 mi.",Gasoline,455.0HP 6.2L 8 Cylinder Engine Gasoline Fuel,A/T,Orange,Black,None reported,Yes,51999.0,101056
Chevrolet,Avalanche 1500 LTZ,2007,"129,000 mi.",Gasoline,366.0HP 6.0L 8 Cylinder Engine Gasoline Fuel,A/T,White,Beige,None reported,Yes,17950.0,101057
RAM,1500 Limited,2019,"87,768 mi.",Hybrid,395.0HP 5.7L 8 Cylinder Engine Gasoline/Mild Electric Hybrid,A/T,Silver,Black,None reported,Yes,44000.0,101058
BMW,Z4 3.0si,2008,"59,257 mi.",Gasoline,255.0HP 3.0L Straight 6 Cylinder Engine Gasoline Fuel,6-Speed M/T,Gray,Black,None reported,Yes,18200.0,101059
Volkswagen,Touareg VR6 Lux,2012,"123,200 mi.",Gasoline,280.0HP 3.6L V6 Cylinder Engine Gasoline Fuel,A/T,Gray,Beige,At least 1 accident or damage reported,Yes,12449.0,101060
Hyundai,Elantra HEV Limited,2021,"28,600 mi.",Hybrid,139.0HP 1.6L 4 Cylinder Engine Gas/Electric Hybrid,A/T,Gray,Black,None reported,Yes,23999.0,101061
BMW,750 i,2017,"24,650 mi.",Gasoline,445.0HP 4.4L 8 Cylinder Engine Gasoline Fuel,A/T,Silver,Black,None reported,Yes,50000.0,101062
Mercedes-Benz,SLK-Class SLK 350,2008,"120,800 mi.",Gasoline,268.0HP 3.5L V6 Cylinder Engine Gasoline Fuel,7-Speed A/T,Red,Beige,None reported,Yes,13900.0,101063
Toyota,Land Cruiser Base,2000,"265,000 mi.",Gasoline,230.0HP 4.7L 8 Cylinder Engine Gasoline Fuel,4-Speed A/T,Black,Beige,None reported,Yes,15500.0,101064
Dodge,Dakota SLT,2003,"141,800 mi.",Gasoline,230.0HP 4.7L 8 Cylinder Engine Gasoline Fuel,A/T,Red,Gray,At least 1 accident or damage reported,Yes,5700.0,101065
Mercedes-Benz,AMG C AMG C 63,2016,"62,000 mi.",Gasoline,469.0HP 4.0L 8 Cylinder Engine Gasoline Fuel,Transmission w/Dual Shift Mode,Black,Black,None reported,Yes,40000.0,101066
Toyota,Tundra SR5,2016,"119,000 mi.",Gasoline,381.0HP 5.7L 8 Cylinder Engine Gasoline Fuel,6-Speed A/T,Red,Black,None reported,Yes,29950.0,101067
BMW,328 i xDrive,2013,"96,000 mi.",Gasoline,240.0HP 2.0L 4 Cylinder Engine Gasoline Fuel,Transmission w/Dual Shift Mode,Black,Black,At least 1 accident or damage reported,Yes,13500.0,101068
Maserati,Ghibli S Q4,2016,"1,000 mi.",Gasoline,404.0HP 3.0L V6 Cylinder Engine Gasoline Fuel,Transmission w/Dual Shift Mode,Gray,Red,None reported,Yes,36000.0,101069
Mercedes-Benz,C-Class C 300 4MATIC Sport,2015,"73,500 mi.",Gasoline,241.0HP 2.0L 4 Cylinder Engine Gasoline Fuel,7-Speed A/T,White,Black,None reported,Yes,19000.0,101070
Hyundai,Kona EV SEL,2019,"33,100 mi.",,201.0HP Electric Motor Electric Fuel System,1-Speed A/T,Black,Black,None reported,Yes,18200.0,101071
Ford,Bronco,1974,"6,217 mi.",–,–,–,Dark Gray Metallic,–,None reported,Yes,115000.0,101072
MINI,Countryman Cooper S ALL4,2016,"91,700 mi.",Gasoline,181.0HP 1.6L 4 Cylinder Engine Gasoline Fuel,6-Speed M/T,White,Black,None reported,Yes,13999.0,101073
BMW,650 i,2008,"125,470 mi.",Gasoline,360.0HP 4.8L 8 Cylinder Engine Gasoline Fuel,A/T,Black,Beige,None reported,Yes,8000.0,101074
BMW,M5 Base,2008,"77,750 mi.",Gasoline,500.0HP 5.0L 10 Cylinder Engine Gasoline Fuel,7-Speed A/T,Silver,Silver,None reported,Yes,21000.0,101075
Mercedes-Benz,C-Class 4MATIC Sedan,2022,"9,612 mi.",Gasoline,"2L I-4 gasoline direct injection, DOHC, variable valve control,","Automatic, 9-Spd 9G-Tronic",–,–,None reported,,43900.0,101076
BMW,330 i,2019,"42,200 mi.",Gasoline,255.0HP 2.0L 4 Cylinder Engine Gasoline Fuel,8-Speed A/T,White,Black,None reported,Yes,27500.0,101077
Lincoln,MKZ Select,2017,"52,284 mi.",Gasoline,240.0HP 2.0L 4 Cylinder Engine Gasoline Fuel,6-Speed A/T,Blue,Beige,At least 1 accident or damage reported,Yes,12500.0,101078
Scion,xB Base,2011,"95,426 mi.",Gasoline,158.0HP 2.4L 4 Cylinder Engine Gasoline Fuel,A/T,Green,Gray,None reported,Yes,8000.0,101079
Mercedes-Benz,AMG C 63 S,2017,"46,000 mi.",Gasoline,503.0HP 4.0L 8 Cylinder Engine Gasoline Fuel,7-Speed A/T,Gray,Black,None reported,Yes,56000.0,101080
Aston,Martin DB7 Vantage Volante,2003,"14,900 mi.",Gasoline,420.0HP 5.9L 12 Cylinder Engine Gasoline Fuel,6-Speed M/T,White,Beige,,,32850.0,101081
Audi,A8 L 55,2019,"39,000 mi.",Hybrid,335.0HP 3.0L V6 Cylinder Engine Gasoline/Mild Electric Hybrid,8-Speed A/T,Black,Brown,None reported,Yes,50000.0,101082
Honda,Civic Sport,2021,"42,750 mi.",Gasoline,1.5L I4 16V GDI DOHC Turbo,Automatic CVT,Black,Black,None reported,Yes,25698.0,101083
Honda,Element EX,2008,"122,000 mi.",Gasoline,166.0HP 2.4L 4 Cylinder Engine Gasoline Fuel,A/T,Blue,Gray,None reported,Yes,10500.0,101084
Tesla,Model X Base,2023,197 mi.,,670.0HP Electric Motor Electric Fuel System,A/T,Blue,Black,None reported,Yes,85000.0,101085
Alfa,Romeo Giulia Quadrifoglio,2022,"1,966 mi.",Gasoline,2.9L V6 24V GDI DOHC Twin Turbo,8-Speed Automatic,Verde,Black,None reported,,75900.0,101086
Chrysler,Pacifica Hybrid Touring L,2022,"61,494 mi.",Hybrid,3.6L V6 24V MPFI DOHC Hybrid,Automatic CVT,Bright White Clearcoat,Black,None reported,,35850.0,101087
Hyundai,Veloster Turbo R-Spec,2014,"128,000 mi.",Gasoline,201.0HP 1.6L 4 Cylinder Engine Gasoline Fuel,6-Speed M/T,Blue,Red,None reported,Yes,11000.0,101088
Ford,F-150 XLT,2021,"51,808 mi.",Gasoline,5.0L V8 32V PDI DOHC,10-Speed Automatic,Silver,Black,None reported,Yes,42388.0,101089
Volvo,XC90 T6 Momentum,2018,"110,380 mi.",Gasoline,316.0HP 2.0L 4 Cylinder Engine Gasoline Fuel,A/T,Gray,Beige,At least 1 accident or damage reported,Yes,22000.0,101090
Audi,R8 4.2 quattro Spyder,2011,"35,322 mi.",Gasoline,4.2L V8 32V GDI DOHC,6-Speed Manual,Phantom Black Pearl Effect / Black Roof,Red,None reported,,94900.0,101091
Mazda,Mazda3 FWD w/Preferred Package,2019,"60,800 mi.",Gasoline,186.0HP 2.5L 4 Cylinder Engine Gasoline Fuel,6-Speed A/T,Red,Beige,None reported,Yes,19900.0,101092
RAM,1500 Limited,2020,"44,362 mi.",Gasoline,5.7L V8 16V MPFI OHV,8-Speed Automatic,Bright White Clearcoat,Black,None reported,Yes,50658.0,101093
Rivian,R1S Adventure Package,2023,211 mi.,,835.0HP Electric Motor Electric Fuel System,A/T,Blue,Black,None reported,Yes,99000.0,101094
BMW,330 i xDrive,2018,"117,000 mi.",Gasoline,248.0HP 2.0L 4 Cylinder Engine Gasoline Fuel,8-Speed A/T,Black,Beige,None reported,Yes,17000.0,101095
GMC,Acadia SLE-2,2015,"96,000 mi.",Gasoline,281.0HP 3.6L V6 Cylinder Engine Gasoline Fuel,6-Speed A/T,Blue,Beige,None reported,Yes,17000.0,101096
Tesla,Model Y Long Range,2022,"20,500 mi.",,425.0HP Electric Motor Electric Fuel System,1-Speed A/T,Gray,Black,None reported,Yes,46500.0,101097
Ford,F-150 XLT,2021,"35,921 mi.",Gasoline,2.7L V6 24V PDI DOHC Twin Turbo,10-Speed Automatic,Antimatter Blue Metallic,Black,None reported,,42995.0,101098
Mercedes-Benz,Sprinter 2500,2016,"143,290 mi.",Diesel,161.0HP 2.1L 4 Cylinder Engine Diesel Fuel,A/T,White,Black,None reported,Yes,33490.0,101099
BMW,X2 xDrive28i,2018,"66,690 mi.",Gasoline,228.0HP 2.0L 4 Cylinder Engine Gasoline Fuel,Transmission w/Dual Shift Mode,Gray,Black,At least 1 accident or damage reported,Yes,24900.0,101100
Lincoln,MKX Reserve,2016,"88,000 mi.",Gasoline,335.0HP 2.7L V6 Cylinder Engine Gasoline Fuel,Transmission w/Dual Shift Mode,Black,Black,None reported,Yes,18500.0,101101
Jeep,Wrangler Rubicon,2023,"7,000 mi.",Hybrid,285.0HP 3.6L V6 Cylinder Engine Gasoline/Mild Electric Hybrid,8-Speed A/T,Gray,Black,None reported,Yes,46000.0,101102
BMW,228 Gran Coupe i xDrive,2020,"10,426 mi.",Gasoline,2.0 Liter Turbo,Automatic,Black Sapphire Metallic,Oyster/Black,None reported,,30798.0,101103
Jaguar,XF 35t R-Sport,2017,"48,000 mi.",Gasoline,340.0HP 3.0L V6 Cylinder Engine Gasoline Fuel,A/T,Red,Black,At least 1 accident or damage reported,Yes,30000.0,101104
Jaguar,F-TYPE R,2018,"16,002 mi.",Gasoline,550.0HP 5.0L 8 Cylinder Engine Gasoline Fuel,8-Speed A/T,Black,Red,None reported,Yes,74900.0,101105
Lexus,LC 500 Base,2020,"37,869 mi.",Gasoline,5.0L V8 32V PDI DOHC,10-Speed Automatic,Atomic Silver,Rioja Red,None reported,,75950.0,101106
BMW,M5 Base,2018,"31,090 mi.",Gasoline,600.0HP 4.4L 8 Cylinder Engine Gasoline Fuel,8-Speed A/T,Green,Black,At least 1 accident or damage reported,Yes,68000.0,101107
Porsche,911 Carrera,2005,"46,200 mi.",Gasoline,325.0HP 3.6L Flat 6 Cylinder Engine Gasoline Fuel,6-Speed M/T,Silver,Black,None reported,Yes,49999.0,101108
BMW,M8 Competition,2023,"3,500 mi.",Gasoline,617.0HP 4.4L 8 Cylinder Engine Gasoline Fuel,8-Speed A/T,Gray,Gray,None reported,Yes,129000.0,101109
Ford,Transit-350 XLT,2023,"20,000 mi.",Gasoline,310.0HP 3.5L V6 Cylinder Engine Gasoline Fuel,10-Speed A/T,Black,Black,None reported,Yes,78499.0,101110
Porsche,Cayenne GTS Coupe AWD,2023,"10,000 mi.",Gasoline,453.0HP 4.0L 8 Cylinder Engine Gasoline Fuel,8-Speed A/T,Gray,Black,None reported,Yes,145000.0,101111
Jeep,Gladiator Sport S,2022,"23,000 mi.",Gasoline,285.0HP 3.6L V6 Cylinder Engine Gasoline Fuel,A/T,Green,Black,None reported,Yes,43000.0,101112
Land,Rover Range Rover HSE SWB,2020,"57,785 mi.",Hybrid,395.0HP 3.0L Straight 6 Cylinder Engine Gasoline/Mild Electric Hybrid,A/T,Black,Black,None reported,Yes,63995.0,101113
Mercedes-Benz,AMG GT AMG GT,2017,"19,324 mi.",Gasoline,456.0HP 4.0L 8 Cylinder Engine Gasoline Fuel,Transmission w/Dual Shift Mode,Gray,Beige,None reported,Yes,75000.0,101114
RAM,1500 Laramie,2021,"24,213 mi.",Gasoline,395.0HP 5.7L 8 Cylinder Engine Gasoline Fuel,8-Speed A/T,White,Black,None reported,Yes,46500.0,101115
Toyota,Highlander SE,2019,"92,000 mi.",Gasoline,295.0HP 3.5L V6 Cylinder Engine Gasoline Fuel,A/T,Red,Beige,At least 1 accident or damage reported,Yes,30000.0,101116
Hyundai,Accent GL,2003,"83,000 mi.",Gasoline,104.0HP 1.6L 4 Cylinder Engine Gasoline Fuel,M/T,Blue,Gray,None reported,Yes,2900.0,101117
Ford,F-350 XLT,2013,"31,000 mi.",E85 Flex Fuel,316.0HP 6.2L 8 Cylinder Engine Flex Fuel Capability,A/T,Black,Gray,At least 1 accident or damage reported,Yes,35000.0,101118
Mazda,MX-5 Miata RF Grand Touring,2017,"52,000 mi.",Gasoline,155.0HP 2.0L 4 Cylinder Engine Gasoline Fuel,6-Speed M/T,Black,Black,At least 1 accident or damage reported,Yes,20500.0,101119
Jaguar,F-PACE S,2020,"28,357 mi.",Gasoline,3.0 Liter,Automatic,Santorini Black Metallic,Pimento Red w/Ebony,None reported,,47598.0,101120
Dodge,Charger SRT8,2008,"98,231 mi.",Gasoline,425.0HP 6.1L 8 Cylinder Engine Gasoline Fuel,5-Speed A/T,Blue,Black,At least 1 accident or damage reported,Yes,15500.0,101121
RAM,2500 Longhorn,2015,"72,200 mi.",Diesel,370.0HP 6.7L Straight 6 Cylinder Engine Diesel Fuel,6-Speed A/T,Black,Black,None reported,Yes,52500.0,101122
Chevrolet,Corvette Stingray w/2LT,2022,"2,010 mi.",Gasoline,490.0HP 6.2L 8 Cylinder Engine Gasoline Fuel,Transmission w/Dual Shift Mode,Gray,Brown,None reported,Yes,89000.0,101123
Porsche,911 GT3,2018,"9,712 mi.",Gasoline,4.0L H6 24V GDI DOHC,7-Speed Automatic with Auto-Shift,Red,Black,None reported,,188900.0,101124
Ford,Expedition Platinum,2018,"48,619 mi.",Gasoline,400.0HP 3.5L V6 Cylinder Engine Gasoline Fuel,10-Speed A/T,Gray,White,None reported,Yes,51499.0,101125
Porsche,Cayman S,2006,"31,075 mi.",Gasoline,3.4L H6 24V MPFI DOHC,5-Speed Automatic,Black,Black / Stone Grey,None reported,Yes,36250.0,101126
Ford,GT,2005,"1,897 mi.",Gasoline,5.4 Liter SC DOHC,Manual,White,–,None reported,,429998.0,101127
Chevrolet,Camaro 2SS,2012,"60,345 mi.",Gasoline,400.0HP 6.2L 8 Cylinder Engine Gasoline Fuel,6-Speed A/T,Yellow,Black,None reported,Yes,26950.0,101128
RAM,2500 Big Horn,2018,"27,839 mi.",Gasoline,6.4L V8 16V MPFI OHV,6-Speed Automatic,Granite Crystal Clearcoat Metallic,Diesel Gray / Black,None reported,Yes,41688.0,101129
Mercedes-Benz,SL-Class SL400,2015,"36,670 mi.",Gasoline,3.0 Liter,Automatic,White,Tan,None reported,,39998.0,101130
Mazda,CX-9 Touring Plus,2023,"1,930 mi.",Gasoline,2.5L I4 16V GDI DOHC Turbo,6-Speed Automatic,Jet Black Mica,Black,At least 1 accident or damage reported,Yes,40655.0,101131
Toyota,Tundra Limited,2010,"89,400 mi.",Gasoline,381.0HP 5.7L 8 Cylinder Engine Gasoline Fuel,A/T,White,Gray,None reported,Yes,26900.0,101132
Audi,A4 2.0T Premium,2014,"90,236 mi.",E85 Flex Fuel,220.0HP 2.0L 4 Cylinder Engine Flex Fuel Capability,Transmission w/Dual Shift Mode,Gray,Black,None reported,Yes,9999.0,101133
Kia,Stinger GT2,2018,"69,100 mi.",Gasoline,365.0HP 3.3L V6 Cylinder Engine Gasoline Fuel,8-Speed A/T,Red,Black,None reported,Yes,32500.0,101134
Rivian,R1S Launch Edition,2022,"7,800 mi.",,835.0HP Electric Motor Electric Fuel System,1-Speed A/T,Green,Black,None reported,Yes,92500.0,101135
Mazda,Mazda6 iSport VE,2008,"106,000 mi.",Gasoline,156.0HP 2.3L 4 Cylinder Engine Gasoline Fuel,5-Speed A/T,Black,Beige,None reported,Yes,4300.0,101136
Nissan,Quest SL,2011,"185,000 mi.",Gasoline,260.0HP 3.5L V6 Cylinder Engine Gasoline Fuel,A/T,White,Gray,At least 1 accident or damage reported,Yes,7500.0,101137
BMW,ALPINA B7 xDrive,2013,"135,000 mi.",Gasoline,445.0HP 4.4L 8 Cylinder Engine Gasoline Fuel,A/T,Black,Black,At least 1 accident or damage reported,Yes,14000.0,101138
Toyota,4Runner TRD Off Road,2019,"79,500 mi.",Gasoline,270.0HP 4.0L V6 Cylinder Engine Gasoline Fuel,A/T,White,Black,None reported,Yes,33333.0,101139
Cadillac,CTS-V Base,2017,"48,600 mi.",Gasoline,640.0HP 6.2L 8 Cylinder Engine Gasoline Fuel,Transmission w/Dual Shift Mode,Black,Black,None reported,Yes,60999.0,101140
Kia,Forte LXS,2020,"53,452 mi.",Gasoline,147.0HP 2.0L 4 Cylinder Engine Gasoline Fuel,A/T,Silver,Black,At least 1 accident or damage reported,Yes,16995.0,101141
BMW,M4 Competition xDrive,2022,"15,882 mi.",Gasoline,503.0HP 3.0L Straight 6 Cylinder Engine Gasoline Fuel,8-Speed A/T,Red,Silver,None reported,Yes,84995.0,101142
Audi,A4 2.0T Premium,2012,"129,567 mi.",Gasoline,211.0HP 2.0L 4 Cylinder Engine Gasoline Fuel,A/T,White,Black,None reported,Yes,7000.0,101143
Chevrolet,Traverse RS,2021,"44,373 mi.",Gasoline,310.0HP 3.6L V6 Cylinder Engine Gasoline Fuel,9-Speed A/T,Silver,Black,None reported,Yes,36000.0,101144
MINI,Hardtop Cooper S,2016,"41,680 mi.",Gasoline,189.0HP 2.0L 4 Cylinder Engine Gasoline Fuel,6-Speed A/T,Silver,Black,None reported,Yes,17495.0,101145
Lexus,LS 460 L,2014,"106,731 mi.",Gasoline,360.0HP 4.6L 8 Cylinder Engine Gasoline Fuel,8-Speed A/T,White,Beige,At least 1 accident or damage reported,Yes,30000.0,101146
Toyota,Tundra Hybrid TRD Pro,2022,"19,000 mi.",Hybrid,437.0HP 3.4L V6 Cylinder Engine Gas/Electric Hybrid,10-Speed A/T,Orange,Black,None reported,Yes,71000.0,101147
Volkswagen,Beetle 2.0T S,2019,"35,340 mi.",Gasoline,174.0HP 2.0L 4 Cylinder Engine Gasoline Fuel,A/T,Black,Gray,None reported,Yes,23000.0,101148
BMW,X5 M Base,2023,"4,348 mi.",Gasoline,4.4L V8 32V GDI DOHC Twin Turbo,8-Speed Automatic,Alpine White,Black,None reported,,105900.0,101149
Kia,Telluride SX,2022,"46,347 mi.",Gasoline,3.8L V6 24V GDI DOHC,8-Speed Automatic,Glacial White Pearl,Black,None reported,,46120.0,101150
Acura,TLX Type S w/Performance Tire,2023,"1,798 mi.",Gasoline,355.0HP 3.0L V6 Cylinder Engine Gasoline Fuel,10-Speed A/T,Black,Black,None reported,Yes,53000.0,101151
Jeep,Gladiator Overland,2020,"20,655 mi.",Gasoline,3.6L V6 24V MPFI DOHC,8-Speed Automatic,Firecracker Red Clearcoat,Black,,,42850.0,101152
Tesla,Model Y Long Range,2020,"88,000 mi.",,425.0HP Electric Motor Electric Fuel System,1-Speed A/T,Gray,White,None reported,Yes,35500.0,101153
RAM,2500 SLT,2014,"84,500 mi.",Gasoline,410.0HP 6.4L 8 Cylinder Engine Gasoline Fuel,A/T,Black,Gray,None reported,Yes,34000.0,101154
Tesla,Model Y Long Range,2020,"23,100 mi.",,425.0HP Electric Motor Electric Fuel System,A/T,Blue,White,None reported,Yes,36495.0,101155
Porsche,911 Carrera 4 Cabriolet,2003,"87,600 mi.",Gasoline,315.0HP 3.6L Flat 6 Cylinder Engine Gasoline Fuel,Transmission w/Dual Shift Mode,Black,Black,At least 1 accident or damage reported,Yes,32000.0,101156
Jeep,Compass Limited,2022,"20,472 mi.",Gasoline,2.4L I4 16V MPFI SOHC,9-Speed Automatic,Red,Black,None reported,,28298.0,101157
BMW,M4 Base,2020,"31,350 mi.",Gasoline,425.0HP 3.0L Straight 6 Cylinder Engine Gasoline Fuel,Transmission w/Dual Shift Mode,Gray,Orange,None reported,Yes,62450.0,101158
Mercedes-Benz,AMG GL AMG GL 63 4MATIC,2016,"69,000 mi.",Gasoline,550.0HP 5.5L 8 Cylinder Engine Gasoline Fuel,Transmission w/Dual Shift Mode,Black,Brown,None reported,Yes,36500.0,101159
Mercedes-Benz,GLC 300 Base 4MATIC,2018,"44,486 mi.",Gasoline,2.0L I4 16V GDI DOHC Turbo,9-Speed Automatic,Gray,Black,None reported,,25625.0,101160
Nissan,350Z Touring,2008,"123,500 mi.",Gasoline,306.0HP 3.5L V6 Cylinder Engine Gasoline Fuel,5-Speed A/T,Gray,Beige,At least 1 accident or damage reported,Yes,13500.0,101161
Ford,F-250 Lariat,2016,"122,650 mi.",Diesel,440.0HP 6.7L 8 Cylinder Engine Diesel Fuel,6-Speed A/T,Gray,Black,None reported,Yes,38900.0,101162
Mitsubishi,Eclipse Spyder GT,2008,"62,930 mi.",Gasoline,260.0HP 3.8L V6 Cylinder Engine Gasoline Fuel,A/T,Gray,Black,At least 1 accident or damage reported,Yes,10000.0,101163
Mazda,CX-7 Grand Touring,2007,"83,150 mi.",Gasoline,244.0HP 2.3L 4 Cylinder Engine Gasoline Fuel,6-Speed A/T,White,Beige,None reported,Yes,6950.0,101164
Lexus,GX 460 Base,2021,"40,906 mi.",Gasoline,4.6 Liter,Automatic,Black,Black,None reported,,51998.0,101165
Dodge,Challenger SRT8,2008,"251,634 mi.",Gasoline,425.0HP 6.1L 8 Cylinder Engine Gasoline Fuel,A/T,Silver,Black,None reported,Yes,10500.0,101166
Porsche,Panamera Edition,2016,"77,945 mi.",Gasoline,310.0HP 3.6L V6 Cylinder Engine Gasoline Fuel,A/T,Blue,Beige,At least 1 accident or damage reported,Yes,30000.0,101167
Mercedes-Benz,A-Class A 220 4MATIC,2020,"30,930 mi.",Gasoline,2.0L I4 16V GDI DOHC Turbo,7-Speed Automatic with Auto-Shift,Midnight Black,Black,None reported,,28900.0,101168
Chrysler,Town & Country LX,2009,"73,500 mi.",Gasoline,170.0HP 3.3L V6 Cylinder Engine Gasoline Fuel,A/T,Silver,Gray,At least 1 accident or damage reported,Yes,7858.0,101169
Cadillac,CTS-V Base,2006,"123,000 mi.",Gasoline,400.0HP 6.0L 8 Cylinder Engine Gasoline Fuel,6-Speed M/T,Black,Black,None reported,Yes,15000.0,101170
Ford,Explorer sport,2019,"90,067 mi.",Gasoline,3.5L V6 24V GDI DOHC Twin Turbo,6-Speed Automatic,Black,Ebony Black,None reported,,28590.0,101171
Rivian,R1S Adventure Package,2023,250 mi.,,835.0HP Electric Motor Electric Fuel System,A/T,Red,Black,,,94000.0,101172
Tesla,Model Y Performance,2022,"25,250 mi.",,455.0HP Electric Motor Electric Fuel System,1-Speed A/T,White,White,None reported,Yes,47800.0,101173
Ford,F-150 XLT,2021,"77,107 mi.",Gasoline,3.5L V6 24V PDI DOHC Twin Turbo,10-Speed Automatic,Agate Black Metallic,Black,,,39995.0,101174
Toyota,Highlander Hybrid Limited,2006,"264,893 mi.",Hybrid,208.0HP 3.3L V6 Cylinder Engine Gas/Electric Hybrid,A/T,Gold,Beige,At least 1 accident or damage reported,Yes,5000.0,101175
Maserati,Quattroporte Base,2006,"61,840 mi.",Gasoline,394.0HP 4.2L 8 Cylinder Engine Gasoline Fuel,Transmission w/Dual Shift Mode,Gray,Beige,None reported,Yes,16500.0,101176
Ford,Mustang V6,2013,"147,191 mi.",Gasoline,305.0HP 3.7L V6 Cylinder Engine Gasoline Fuel,6-Speed A/T,Blue,Black,At least 1 accident or damage reported,Yes,12990.0,101177
Tesla,Model 3 Performance,2021,"33,000 mi.",,455.0HP Electric Motor Electric Fuel System,1-Speed A/T,Red,White,None reported,Yes,55000.0,101178
Audi,allroad 2.7T,2005,"153,000 mi.",Gasoline,250.0HP 2.7L V6 Cylinder Engine Gasoline Fuel,M/T,Blue,Blue,At least 1 accident or damage reported,Yes,6500.0,101179
Mercedes-Benz,E-Class E 350 4MATIC,2013,"81,000 mi.",Gasoline,302.0HP 3.5L V6 Cylinder Engine Gasoline Fuel,A/T,Gray,Beige,At least 1 accident or damage reported,Yes,13000.0,101180
Mitsubishi,Lancer Sportback ES,2011,"113,000 mi.",Gasoline,148.0HP 2.0L 4 Cylinder Engine Gasoline Fuel,5-Speed M/T,White,Black,None reported,Yes,5800.0,101181
Ford,Shelby GT500 Base,2021,"19,200 mi.",Gasoline,760.0HP 5.2L 8 Cylinder Engine Gasoline Fuel,Transmission w/Dual Shift Mode,Black,Black,None reported,Yes,82950.0,101182
Porsche,911 GT3,2015,"13,250 mi.",Gasoline,475.0HP 3.8L Flat 6 Cylinder Engine Gasoline Fuel,7-Speed A/T,Brown,Gray,None reported,Yes,154900.0,101183
GMC,Sierra 1500 SLT,2021,"23,400 mi.",Gasoline,420.0HP 6.2L 8 Cylinder Engine Gasoline Fuel,A/T,Black,Black,None reported,Yes,52000.0,101184
Chevrolet,Trailblazer RS,2022,"42,479 mi.",Gasoline,1.3L I3 12V GDI DOHC Turbo,9-Speed Automatic,Mosaic Black Metallic,Jet Black,None reported,Yes,28495.0,101185
Audi,A5 2.0T Premium,2013,"111,000 mi.",Gasoline,211.0HP 2.0L 4 Cylinder Engine Gasoline Fuel,Transmission w/Dual Shift Mode,Blue,Beige,None reported,Yes,11500.0,101186
BMW,i3 94 Ah,2017,"43,000 mi.",,170.0HP 0.65L Electric Motor Electric Fuel System,1-Speed A/T,Black,–,None reported,Yes,16500.0,101187
Ford,Explorer ST,2022,"10,500 mi.",Gasoline,400.0HP 3.0L V6 Cylinder Engine Gasoline Fuel,Transmission w/Dual Shift Mode,Black,Black,,,50000.0,101188
Audi,RS 7 4.0T Prestige,2014,"66,150 mi.",Gasoline,560.0HP 4.0L 8 Cylinder Engine Gasoline Fuel,8-Speed A/T,White,Black,At least 1 accident or damage reported,Yes,47995.0,101189
Ford,Mustang Shelby GT500,2012,"6,400 mi.",Gasoline,550.0HP 5.4L 8 Cylinder Engine Gasoline Fuel,6-Speed M/T,Silver,Black,None reported,Yes,48000.0,101190
Porsche,718 Boxster Base,2019,"6,700 mi.",Gasoline,300.0HP 2.0L 4 Cylinder Engine Gasoline Fuel,7-Speed A/T,Gray,Black,None reported,Yes,63000.0,101191
RAM,1500 Laramie,2021,"38,012 mi.",Gasoline,5.7L V8 16V MPFI OHV,8-Speed Automatic,Delmonico Red Pearlcoat,Black,None reported,Yes,45277.0,101192
INFINITI,Q70 3.7,2014,"70,312 mi.",Gasoline,330.0HP 3.7L V6 Cylinder Engine Gasoline Fuel,7-Speed A/T,Black,Black,None reported,Yes,19995.0,101193
Ford,Mustang GT,2003,"83,000 mi.",Gasoline,260.0HP 4.6L 8 Cylinder Engine Gasoline Fuel,A/T,Gray,Black,None reported,Yes,10500.0,101194
Alfa,Romeo Giulia Quadrifoglio,2018,"28,644 mi.",Gasoline,505.0HP 2.9L V6 Cylinder Engine Gasoline Fuel,8-Speed A/T,Black,Black,,,41500.0,101195
Cadillac,Escalade ESV Base,2007,"191,900 mi.",Gasoline,403.0HP 6.2L 8 Cylinder Engine Gasoline Fuel,A/T,Black,Black,At least 1 accident or damage reported,Yes,9750.0,101196
Volkswagen,Golf GTI 2.0T Autobahn,2022,"6,400 mi.",Gasoline,241.0HP 2.0L 4 Cylinder Engine Gasoline Fuel,A/T,Green,Black,None reported,Yes,41500.0,101197
Mercedes-Benz,CLA-Class CLA 250,2016,"42,750 mi.",Gasoline,208.0HP 2.0L 4 Cylinder Engine Gasoline Fuel,Transmission w/Dual Shift Mode,Black,Black,At least 1 accident or damage reported,Yes,22999.0,101198
Genesis,G90 5.0 Ultimate,2017,"26,000 mi.",Gasoline,420.0HP 5.0L 8 Cylinder Engine Gasoline Fuel,Transmission w/Dual Shift Mode,White,Beige,None reported,Yes,33600.0,101199
Jeep,Grand Cherokee L Laredo,2021,"23,588 mi.",Gasoline,3.6L V6 24V MPFI DOHC,8-Speed Automatic,Metallic,Global Black,,,38633.0,101200
Mercedes-Benz,AMG C 43 Base 4MATIC,2018,"67,100 mi.",Gasoline,362.0HP 3.0L V6 Cylinder Engine Gasoline Fuel,Transmission w/Dual Shift Mode,Gray,Black,At least 1 accident or damage reported,Yes,34250.0,101201
Mercedes-Benz,GLE 350 Base 4MATIC,2020,"24,108 mi.",Gasoline,255.0HP 2.0L 4 Cylinder Engine Gasoline Fuel,9-Speed A/T,Black,Black,None reported,Yes,56000.0,101202
BMW,M6 Base,2014,"29,500 mi.",Gasoline,560.0HP 4.4L 8 Cylinder Engine Gasoline Fuel,Transmission w/Dual Shift Mode,Silver,Black,None reported,Yes,40999.0,101203
Chevrolet,Silverado 1500 LT,2012,"104,000 mi.",E85 Flex Fuel,315.0HP 5.3L 8 Cylinder Engine Flex Fuel Capability,6-Speed A/T,Blue,Gray,At least 1 accident or damage reported,Yes,16500.0,101204
Ford,F-250 XLT,2017,"244,000 mi.",Diesel,440.0HP 6.7L 8 Cylinder Engine Diesel Fuel,6-Speed A/T,Red,Beige,None reported,Yes,35500.0,101205
Audi,R8 5.2,2015,"51,000 mi.",Gasoline,550.0HP 5.2L 10 Cylinder Engine Gasoline Fuel,Transmission w/Dual Shift Mode,White,Black,At least 1 accident or damage reported,Yes,102000.0,101206
Chevrolet,Tahoe High Country,2021,"53,000 mi.",Gasoline,420.0HP 6.2L 8 Cylinder Engine Gasoline Fuel,10-Speed A/T,Black,Black,At least 1 accident or damage reported,Yes,67100.0,101207
BMW,X5 M Base,2013,"67,000 mi.",Gasoline,555.0HP 4.4L 8 Cylinder Engine Gasoline Fuel,A/T,Silver,Black,At least 1 accident or damage reported,Yes,24500.0,101208
Kia,Sorento SXL,2019,"43,850 mi.",Gasoline,290.0HP 3.3L V6 Cylinder Engine Gasoline Fuel,8-Speed A/T,Black,Black,At least 1 accident or damage reported,Yes,30000.0,101209
Chevrolet,Corvette Stingray w/3LT,2023,"4,200 mi.",Gasoline,490.0HP 6.2L 8 Cylinder Engine Gasoline Fuel,A/T,White,Black,None reported,Yes,98000.0,101210
Mercedes-Benz,G-Class G 550 4MATIC,2021,"75,151 mi.",Gasoline,416.0HP 4.0L 8 Cylinder Engine Gasoline Fuel,A/T,Black,Black,None reported,Yes,130000.0,101211
Audi,S5 3.0T Prestige,2021,"13,566 mi.",Gasoline,3.0L,1-Speed Automatic,Daytona Gray Pearl Effect,Magma Red,None reported,,57900.0,101212
Chevrolet,Cruze LS,2011,"135,603 mi.",Gasoline,136.0HP 1.8L 4 Cylinder Engine Gasoline Fuel,A/T,Silver,Black,None reported,Yes,7000.0,101213
Jeep,Wrangler Unlimited Sahara,2019,"23,442 mi.",Gasoline,285.0HP 3.6L V6 Cylinder Engine Gasoline Fuel,A/T,White,Beige,None reported,Yes,44500.0,101214
Acura,NSX Base,2018,"6,523 mi.",Hybrid,3.5L V6 24V PDI DOHC Twin Turbo Hybrid,9-Speed Automatic with Auto-Shift,White,Ebony,None reported,,143900.0,101215
GMC,Yukon XL AT4,2023,"9,980 mi.",Gasoline,355.0HP 5.3L 8 Cylinder Engine Gasoline Fuel,10-Speed A/T,Black,Black,None reported,Yes,82000.0,101216
Buick,LaCrosse CX,2007,"53,000 mi.",Gasoline,200.0HP 3.8L V6 Cylinder Engine Gasoline Fuel,4-Speed A/T,Red,Gray,None reported,Yes,6500.0,101217
Alfa,Romeo Giulia Ti,2021,"2,000 mi.",Gasoline,280.0HP 2.0L 4 Cylinder Engine Gasoline Fuel,8-Speed A/T,Blue,Brown,None reported,Yes,39000.0,101218
Toyota,Sequoia Platinum,2023,"1,025 mi.",Hybrid,437.0HP 3.4L V6 Cylinder Engine Gas/Electric Hybrid,10-Speed A/T,Black,Black,None reported,Yes,85000.0,101219
MINI,Cooper Base,2008,"104,500 mi.",Gasoline,118.0HP 1.6L 4 Cylinder Engine Gasoline Fuel,6-Speed A/T,Red,Black,At least 1 accident or damage reported,Yes,4100.0,101220
Bentley,Continental GT Speed,2009,"57,800 mi.",Gasoline,600.0HP 6.0L 12 Cylinder Engine Gasoline Fuel,6-Speed A/T,Blue,Beige,,,59400.0,101221
BMW,X5 PHEV xDrive45e,2023,"5,338 mi.",Plug-In Hybrid,389.0HP 3.0L Straight 6 Cylinder Engine Plug-In Electric/Gas,8-Speed A/T,Blue,White,None reported,Yes,76500.0,101222
Chevrolet,Corvette Base,2002,"44,168 mi.",Gasoline,350.0HP 5.7L 8 Cylinder Engine Gasoline Fuel,4-Speed A/T,Orange,Black,None reported,Yes,30000.0,101223
Acura,TLX PMC Edition,2020,"6,900 mi.",Gasoline,290.0HP 3.5L V6 Cylinder Engine Gasoline Fuel,9-Speed A/T,Red,Black,None reported,Yes,43500.0,101224
Dodge,Challenger SRT Hellcat,2018,"29,475 mi.",Gasoline,707.0HP 6.2L 8 Cylinder Engine Gasoline Fuel,8-Speed A/T,Orange,Black,None reported,Yes,62999.0,101225
Ford,Mustang Base,2008,"119,000 mi.",Gasoline,210.0HP 4.0L V6 Cylinder Engine Gasoline Fuel,A/T,White,Black,At least 1 accident or damage reported,Yes,13500.0,101226
Bentley,Continental GT GT Speed,2022,"1,919 mi.",Gasoline,12 Cylinder Engine,8-SPEED A/T,Granite,Porpoise,None reported,,289991.0,101227
Subaru,Impreza WRX Premium,2014,"55,000 mi.",Gasoline,265.0HP 2.5L 4 Cylinder Engine Gasoline Fuel,5-Speed M/T,White,Black,None reported,Yes,30000.0,101228
Ford,F-250 Platinum,2021,"48,549 mi.",Diesel,6.7L V8 32V DDI OHV Turbo Diesel,Automatic,Antimatter Blue Metallic,Black,None reported,,69998.0,101229
Chevrolet,Express 2500 Work Van,2017,"76,000 mi.",Gasoline,285.0HP 4.8L 8 Cylinder Engine Gasoline Fuel,A/T,Silver,–,None reported,Yes,41400.0,101230
Acura,TLX Base,2016,"45,000 mi.",Gasoline,206.0HP 2.4L 4 Cylinder Engine Gasoline Fuel,A/T,Gray,Blue,None reported,Yes,16500.0,101231
Volkswagen,Golf GTI 2.0T SE 4-Door,2018,"70,500 mi.",Gasoline,220.0HP 2.0L 4 Cylinder Engine Gasoline Fuel,Transmission w/Dual Shift Mode,White,Black,None reported,Yes,23000.0,101232
Ford,F-150 Limited,2019,"42,728 mi.",Gasoline,450.0HP 3.5L V6 Cylinder Engine Gasoline Fuel,Transmission w/Dual Shift Mode,Black,Brown,None reported,Yes,45950.0,101233
Maserati,Ghibli S Q4 GranSport,2020,"25,721 mi.",Gasoline,3.0L V6 24V GDI DOHC Twin Turbo,8-Speed Automatic,Blu,Nero,None reported,Yes,52645.0,101234
Toyota,Tacoma PreRunner,2008,"160,000 mi.",Gasoline,236.0HP 4.0L V6 Cylinder Engine Gasoline Fuel,A/T,White,–,At least 1 accident or damage reported,Yes,17000.0,101235
Buick,Verano Convenience,2013,"68,325 mi.",E85 Flex Fuel,180.0HP 2.4L 4 Cylinder Engine Flex Fuel Capability,Transmission w/Dual Shift Mode,Silver,Gray,None reported,Yes,11995.0,101236
Dodge,Ram 2500 ST,2010,"151,544 mi.",Gasoline,355.0HP 5.7L 8 Cylinder Engine Gasoline Fuel,5-Speed A/T,Brown,Gray,At least 1 accident or damage reported,Yes,17700.0,101237
BMW,i8 Base,2019,"28,200 mi.",Plug-In Hybrid,369.0HP 1.5L 3 Cylinder Engine Plug-In Electric/Gas,Transmission w/Dual Shift Mode,Gray,Beige,At least 1 accident or damage reported,Yes,79950.0,101238
BMW,Z4 3.0i Roadster,2006,"46,508 mi.",Gasoline,215.0HP 3.0L Straight 6 Cylinder Engine Gasoline Fuel,Transmission w/Dual Shift Mode,Green,Beige,At least 1 accident or damage reported,Yes,11500.0,101239
Tesla,Model 3 Standard Range Plus,2019,"83,700 mi.",,Electric Motor Electric Fuel System,A/T,Black,Black,At least 1 accident or damage reported,Yes,26000.0,101240
Mitsubishi,Lancer Evolution Base,2003,"61,491 mi.",Gasoline,271.0HP 2.0L 4 Cylinder Engine Gasoline Fuel,5-Speed M/T,Blue,Black,At least 1 accident or damage reported,Yes,28000.0,101241
Lamborghini,Gallardo Base,2007,"38,800 mi.",Gasoline,493.0HP 5.0L 10 Cylinder Engine Gasoline Fuel,Transmission w/Dual Shift Mode,Orange,Orange,None reported,Yes,100000.0,101242
Land,Rover Range Rover P525 Westminster,2021,"22,270 mi.",Gasoline,5.0L V8 32V GDI DOHC Supercharged,8-Speed Automatic,Gray,Ebony,None reported,,89900.0,101243
Chevrolet,S-10 LS,2000,"133,510 mi.",E85 Flex Fuel,120.0HP 2.2L 4 Cylinder Engine Flex Fuel Capability,A/T,Blue,Black,None reported,Yes,4500.0,101244
Cadillac,Escalade ESV Premium Luxury Platinum,2021,"31,500 mi.",Gasoline,420.0HP 6.2L 8 Cylinder Engine Gasoline Fuel,A/T,White,Beige,None reported,Yes,95000.0,101245
Land,Rover Range Rover Evoque S,2020,"46,891 mi.",Gasoline,246.0HP 2.0L 4 Cylinder Engine Gasoline Fuel,9-Speed A/T,Gray,Black,At least 1 accident or damage reported,Yes,31000.0,101246
Tesla,Model X Performance,2020,"25,535 mi.",,778.0HP Electric Motor Electric Fuel System,A/T,White,Beige,None reported,Yes,68969.0,101247
Honda,CR-V Touring,2022,"20,229 mi.",Gasoline,1.5L I4 16V GDI DOHC Turbo,Automatic CVT,Black,Black,None reported,,36727.0,101248
Nissan,Rogue S,2022,"21,212 mi.",Gasoline,1.5L I3 12V GDI DOHC Turbo,Automatic CVT,Gun Metallic,Charcoal,None reported,,28906.0,101249
Volkswagen,Golf GTI 2.0T SE 4-Door,2016,"90,000 mi.",Gasoline,210.0HP 2.0L 4 Cylinder Engine Gasoline Fuel,6-Speed A/T,Gray,Black,None reported,Yes,16750.0,101250
Hyundai,Veloster Base,2013,"56,837 mi.",Gasoline,132.0HP 1.6L 4 Cylinder Engine Gasoline Fuel,Transmission w/Dual Shift Mode,Silver,Black,At least 1 accident or damage reported,Yes,10500.0,101251
RAM,1500 Rebel,2019,"46,000 mi.",Hybrid,305.0HP 3.6L V6 Cylinder Engine Gasoline/Mild Electric Hybrid,8-Speed A/T,White,–,None reported,Yes,37900.0,101252
Chevrolet,Silverado 1500 2LT,2014,"102,604 mi.",E85 Flex Fuel,355.0HP 5.3L 8 Cylinder Engine Flex Fuel Capability,6-Speed A/T,Gray,Gray,None reported,Yes,25500.0,101253
Land,Rover Range Rover Sport 5.0L Supercharged Dynamic,2016,"56,842 mi.",Gasoline,510.0HP 5.0L 8 Cylinder Engine Gasoline Fuel,Transmission w/Dual Shift Mode,Silver,Black,None reported,Yes,35000.0,101254
Jeep,Wrangler Unlimited Sport,2013,"77,634 mi.",Gasoline,3.6L V6 24V MPFI DOHC,5-Speed Automatic,Gecko Pearlcoat,Black,None reported,,24590.0,101255
Toyota,Matrix XRS,2003,"143,600 mi.",Gasoline,180.0HP 1.8L 4 Cylinder Engine Gasoline Fuel,6-Speed M/T,Black,Black,None reported,Yes,4199.0,101256
Jaguar,F-PACE S,2023,"4,624 mi.",Gasoline,2.0 Liter,Automatic,Santorin Black,Black,None reported,,56998.0,101257
Audi,SQ5 3.0T Prestige,2019,"48,500 mi.",Gasoline,349.0HP 3.0L V6 Cylinder Engine Gasoline Fuel,Transmission w/Dual Shift Mode,Gray,Black,At least 1 accident or damage reported,Yes,43500.0,101258
Mazda,CX-5 Grand Touring,2021,"24,781 mi.",Gasoline,2.5L I4 16V GDI DOHC,6-Speed Automatic,Machine Gray Metallic,Black,,,28991.0,101259
Lexus,ES 250 Base,2021,"24,364 mi.",Gasoline,2.5 Liter,Automatic,Eminent White Pearl,Chateau,None reported,,37998.0,101260
Toyota,Supra A91-MT Edition,2023,"1,500 mi.",Gasoline,382.0HP 3.0L Straight 6 Cylinder Engine Gasoline Fuel,6-Speed M/T,Gray,Orange,None reported,Yes,84900.0,101261
Alfa,Romeo Giulia Ti,2017,"56,910 mi.",Gasoline,280.0HP 2.0L 4 Cylinder Engine Gasoline Fuel,Transmission w/Dual Shift Mode,Blue,Black,,,23000.0,101262
Dodge,Avenger SE,2014,"124,705 mi.",E85 Flex Fuel,283.0HP 3.6L V6 Cylinder Engine Flex Fuel Capability,A/T,Black,Black,None reported,Yes,6499.0,101263
Scion,tC Anniversary Edition,2014,"99,999 mi.",Gasoline,179.0HP 2.5L 4 Cylinder Engine Gasoline Fuel,6-Speed M/T,White,Black,None reported,Yes,10998.0,101264
Toyota,Tundra SR5,2021,"33,455 mi.",Gasoline,381.0HP 5.7L 8 Cylinder Engine Gasoline Fuel,6-Speed A/T,Green,Black,None reported,Yes,44750.0,101265
Porsche,Boxster Base,2005,"75,000 mi.",Gasoline,240.0HP 2.7L Flat 6 Cylinder Engine Gasoline Fuel,5-Speed M/T,Silver,Black,,,17500.0,101266
Lexus,ES 350 Base,2019,"39,000 mi.",Gasoline,302.0HP 3.5L V6 Cylinder Engine Gasoline Fuel,Transmission w/Dual Shift Mode,Black,Red,At least 1 accident or damage reported,Yes,34000.0,101267
Porsche,911 Carrera 4S Cabriolet,2009,"25,500 mi.",Gasoline,385.0HP 3.8L Flat 6 Cylinder Engine Gasoline Fuel,6-Speed M/T,Black,Black,None reported,Yes,79995.0,101268
Hyundai,Tucson Limited,2008,"149,000 mi.",Gasoline,173.0HP 2.7L V6 Cylinder Engine Gasoline Fuel,4-Speed A/T,Black,Gray,None reported,Yes,3850.0,101269
BMW,340 i,2016,"117,660 mi.",Gasoline,320.0HP 3.0L Straight 6 Cylinder Engine Gasoline Fuel,8-Speed A/T,White,Black,At least 1 accident or damage reported,Yes,19500.0,101270
Audi,RS 5 2.9T,2022,"9,628 mi.",Gasoline,444.0HP 2.9L V6 Cylinder Engine Gasoline Fuel,8-Speed A/T,White,Black,None reported,Yes,78500.0,101271
Hyundai,Palisade SEL,2021,"68,050 mi.",Gasoline,291.0HP 3.8L V6 Cylinder Engine Gasoline Fuel,8-Speed A/T,Black,Black,None reported,Yes,29600.0,101272
RAM,1500 Laramie,2020,"21,165 mi.",Gasoline,5.7L V8 16V MPFI OHV,8-Speed Automatic,Bright White Clearcoat,Black,None reported,,46105.0,101273
Mercedes-Benz,SL-Class SL550 Roadster,2008,"33,300 mi.",Gasoline,382.0HP 5.5L 8 Cylinder Engine Gasoline Fuel,7-Speed A/T,White,Beige,None reported,Yes,34500.0,101274
Acura,TL Type S,2008,"122,000 mi.",Gasoline,286.0HP 3.5L V6 Cylinder Engine Gasoline Fuel,Transmission w/Dual Shift Mode,Gray,Beige,None reported,Yes,11500.0,101275
BMW,X1 xDrive 28i,2017,"49,700 mi.",Gasoline,228.0HP 2.0L 4 Cylinder Engine Gasoline Fuel,8-Speed A/T,Blue,Black,None reported,Yes,26000.0,101276
Porsche,718 Boxster S,2017,"48,900 mi.",Gasoline,350.0HP 2.5L 4 Cylinder Engine Gasoline Fuel,Transmission w/Dual Shift Mode,Blue,Black,None reported,Yes,62500.0,101277
Mercedes-Benz,C-Class C300 4MATIC,2021,"11,111 mi.",Gasoline,2.0 Liter Turbo,Automatic,Gray,Black,None reported,,38998.0,101278
Mercedes-Benz,AMG C 63 S,2017,"34,500 mi.",Gasoline,503.0HP 4.0L 8 Cylinder Engine Gasoline Fuel,7-Speed A/T,Gray,Black,None reported,Yes,64600.0,101279
Ford,Bronco Badlands,2021,"32,437 mi.",Gasoline,315.0HP 2.7L V6 Cylinder Engine Gasoline Fuel,10-Speed A/T,Gray,Black,None reported,Yes,51000.0,101280
Acura,RDX Base,2018,"68,425 mi.",Gasoline,279.0HP 3.5L V6 Cylinder Engine Gasoline Fuel,6-Speed A/T,Gray,–,At least 1 accident or damage reported,Yes,23500.0,101281
BMW,X5 M Base,2022,"8,307 mi.",Gasoline,4.4L V8 32V GDI DOHC Twin Turbo,8-Speed Automatic,Blue Metallic,Sakhir Orange,None reported,,98900.0,101282
Honda,Civic EX,1993,"58,981 mi.",–,–,A/T,White,Beige,None reported,Yes,9599.0,101283
Honda,Accord Sport,2013,"405,000 mi.",Gasoline,185.0HP 2.4L 4 Cylinder Engine Gasoline Fuel,CVT Transmission,Black,Black,None reported,Yes,6000.0,101284
Tesla,Model X Plaid,2022,"15,000 mi.",,1020.0HP Electric Motor Electric Fuel System,A/T,White,White,None reported,Yes,95999.0,101285
FIAT,500X Trekking Plus,2016,"48,500 mi.",Gasoline,180.0HP 2.4L 4 Cylinder Engine Gasoline Fuel,A/T,Yellow,Brown,None reported,Yes,15999.0,101286
Subaru,BRZ Limited,2013,"46,452 mi.",Gasoline,200.0HP 2.0L 4 Cylinder Engine Gasoline Fuel,6-Speed M/T,Gray,Black,None reported,Yes,22888.0,101287
Ford,Expedition Max King Ranch,2020,"52,000 mi.",Gasoline,375.0HP 3.5L V6 Cylinder Engine Gasoline Fuel,10-Speed A/T,Gray,Brown,At least 1 accident or damage reported,Yes,53722.0,101288
Mazda,Mazda3 i Touring,2012,"144,900 mi.",Gasoline,155.0HP 2.0L 4 Cylinder Engine Gasoline Fuel,Transmission w/Dual Shift Mode,Black,–,None reported,Yes,6000.0,101289
Chevrolet,Camaro 2SS,2016,"74,000 mi.",Gasoline,455.0HP 6.2L 8 Cylinder Engine Gasoline Fuel,8-Speed A/T,Black,Black,None reported,Yes,32000.0,101290
Hyundai,Santa Fe SE,2022,"13,610 mi.",Gasoline,2.5L I4 16V PDI DOHC,8-Speed Automatic,Stormy Sea,Black,None reported,,27450.0,101291
RAM,2500 Tradesman,2020,"41,000 mi.",Gasoline,410.0HP 6.4L 8 Cylinder Engine Gasoline Fuel,8-Speed A/T,White,Gray,,,45515.0,101292
INFINITI,G35 Base,2004,"130,000 mi.",Gasoline,260.0HP 3.5L V6 Cylinder Engine Gasoline Fuel,5-Speed A/T,Beige,Beige,None reported,Yes,7500.0,101293
Ford,F-150 XLT,2016,"25,880 mi.",E85 Flex Fuel,282.0HP 3.5L V6 Cylinder Engine Flex Fuel Capability,6-Speed A/T,Red,Gray,None reported,Yes,25500.0,101294
Ferrari,488 Spider Base,2019,"9,005 mi.",Gasoline,3.9L V8 32V GDI DOHC Twin Turbo,7-Speed Automatic with Auto-Shift,White,–,None reported,,319900.0,101295
Porsche,911 Carrera S,2023,"1,877 mi.",Gasoline,443.0HP 3.0L Flat 6 Cylinder Engine Gasoline Fuel,8-Speed A/T,Red,Red,None reported,Yes,185950.0,101296
Ford,Bronco XLT,1995,"195,000 mi.",–,–,A/T,Blue,Gray,None reported,Yes,15000.0,101297
BMW,640 i,2012,"76,465 mi.",Gasoline,315.0HP 3.0L Straight 6 Cylinder Engine Gasoline Fuel,8-Speed A/T,White,Beige,At least 1 accident or damage reported,Yes,22500.0,101298
Lexus,GX 470 Base,2004,"215,000 mi.",Gasoline,235.0HP 4.7L 8 Cylinder Engine Gasoline Fuel,5-Speed A/T,White,Beige,At least 1 accident or damage reported,Yes,7350.0,101299
BMW,428 Gran Coupe i xDrive,2016,"59,000 mi.",Gasoline,240.0HP 2.0L 4 Cylinder Engine Gasoline Fuel,Transmission w/Dual Shift Mode,Black,Brown,At least 1 accident or damage reported,Yes,20999.0,101300
Ford,Excursion Limited,2004,"170,000 mi.",Gasoline,310.0HP 6.8L 10 Cylinder Engine Gasoline Fuel,A/T,Gold,Gold,None reported,Yes,8500.0,101301
Jeep,Gladiator Sport S,2020,"13,000 mi.",Gasoline,285.0HP 3.6L V6 Cylinder Engine Gasoline Fuel,8-Speed A/T,Gray,–,None reported,Yes,39500.0,101302
Audi,A3 2.0T Tech Premium,2018,"39,600 mi.",Gasoline,220.0HP 2.0L 4 Cylinder Engine Gasoline Fuel,Transmission w/Dual Shift Mode,White,Black,None reported,Yes,26999.0,101303
MINI,Cooper S Base,2007,"45,000 mi.",Gasoline,172.0HP 1.6L 4 Cylinder Engine Gasoline Fuel,6-Speed M/T,Yellow,Black,None reported,Yes,7900.0,101304
Land,Rover Defender X-Dynamic SE,2023,"3,678 mi.",Hybrid,3.0 Liter,Automatic,Fuji White,Black,None reported,,81998.0,101305
Aston,Martin Vantage GT Base,2015,"21,100 mi.",Gasoline,430.0HP 4.7L 8 Cylinder Engine Gasoline Fuel,6-Speed M/T,Black,Black,None reported,Yes,80000.0,101306
Cadillac,XLR V,2008,"64,800 mi.",Gasoline,443.0HP 4.4L 8 Cylinder Engine Gasoline Fuel,6-Speed A/T,Black,Black,,,24700.0,101307
Jeep,Wrangler Unlimited Rubicon,2020,"49,990 mi.",Gasoline,270.0HP 2.0L 4 Cylinder Engine Gasoline Fuel,8-Speed A/T,Black,Black,None reported,Yes,53000.0,101308
Ford,Explorer XLT,2020,"67,015 mi.",Gasoline,2.3L I4 16V GDI DOHC Turbo,10-Speed Automatic,Oxford White,Sandstone,None reported,,28590.0,101309
GMC,Acadia SLE,2020,"30,426 mi.",Gasoline,2.5L I4 16V GDI DOHC,9-Speed Automatic,Ebony Twilight Metallic,Jet Black,,,29645.0,101310
Volkswagen,Passat 2.0T R-Line,2021,"16,538 mi.",Gasoline,2.0 Liter TSI,Automatic,Reflex Silver,Titan Black,None reported,,25998.0,101311
BMW,750 i xDrive,2019,"33,499 mi.",Gasoline,445.0HP 4.4L 8 Cylinder Engine Gasoline Fuel,A/T,Gray,Black,At least 1 accident or damage reported,Yes,44495.0,101312
Cadillac,XTS Luxury,2014,"62,950 mi.",Gasoline,304.0HP 3.6L V6 Cylinder Engine Gasoline Fuel,6-Speed A/T,Silver,Gray,At least 1 accident or damage reported,Yes,17498.0,101313
BMW,540 i xDrive,2020,"27,158 mi.",Gasoline,2.0 Liter Turbo,Automatic,Imperial Blue Metallic,Canberra Beige/Black,None reported,,39998.0,101314
Volvo,XC90 Recharge Plug-In Hybrid T8 Inscription 7 Passenger,2022,"7,800 mi.",Plug-In Hybrid,455.0HP 2.0L 4 Cylinder Engine Plug-In Electric/Gas,8-Speed A/T,Black,Beige,None reported,Yes,66000.0,101315
Buick,Encore GX Essence,2020,"35,569 mi.",Gasoline,1.3L I3 12V MPFI DOHC Turbo,Automatic CVT,Satin Steel Metallic,Ebony,None reported,,21999.0,101316
Ford,Thunderbird Deluxe,2004,"79,635 mi.",Gasoline,280.0HP 3.9L 8 Cylinder Engine Gasoline Fuel,A/T,Gray,Black,None reported,Yes,13500.0,101317
Porsche,911 GT3,2015,"23,700 mi.",Gasoline,475.0HP 3.8L Flat 6 Cylinder Engine Gasoline Fuel,Transmission w/Dual Shift Mode,Black,Black,None reported,Yes,144940.0,101318
Toyota,Corolla Hybrid LE,2022,"44,459 mi.",Hybrid,121.0HP 1.8L 4 Cylinder Engine Gas/Electric Hybrid,A/T,Silver,Gray,None reported,Yes,22945.0,101319
Chevrolet,Camaro ZL1,2020,"3,715 mi.",Gasoline,650.0HP 6.2L 8 Cylinder Engine Gasoline Fuel,A/T,Black,Black,None reported,Yes,150000.0,101320
Lexus,ES 350 Base,2020,"15,324 mi.",Gasoline,3.5L V6 24V PDI DOHC,8-Speed Automatic,Black,Black,At least 1 accident or damage reported,,33364.0,101321
Mercedes-Benz,CLS-Class CLS 63 AMG S-Model 4MATIC,2014,"64,500 mi.",Gasoline,577.0HP 5.5L 8 Cylinder Engine Gasoline Fuel,7-Speed A/T,Silver,Black,,,37500.0,101322
Jeep,Grand Cherokee Limited,2022,"12,050 mi.",Gasoline,3.6L V6 24V MPFI DOHC,8-Speed Automatic,Bright White Clearcoat,Global Black,None reported,,41599.0,101323
Porsche,911 Carrera 4S,2007,"42,635 mi.",Gasoline,355.0HP 3.8L Flat 6 Cylinder Engine Gasoline Fuel,Transmission w/Dual Shift Mode,Blue,Blue,None reported,Yes,72995.0,101324
Ford,Mustang EcoBoost Premium,2019,"31,000 mi.",–,–,6-Speed M/T,Gray,Black,None reported,Yes,34700.0,101325
Mazda,Mazda6 i Grand Touring,2016,"83,100 mi.",–,–,A/T,White,White,None reported,Yes,17800.0,101326
Ford,F-150 XLT,2020,"57,000 mi.",Gasoline,375.0HP 3.5L V6 Cylinder Engine Gasoline Fuel,10-Speed A/T,Gray,Gray,At least 1 accident or damage reported,Yes,37500.0,101327
Jeep,Wrangler Unlimited Sport,2017,"84,786 mi.",Gasoline,285.0HP 3.6L V6 Cylinder Engine Gasoline Fuel,5-Speed A/T,Gray,Black,None reported,Yes,23500.0,101328
Kia,Optima SX Turbo,2017,"103,338 mi.",Gasoline,2.0L I4 16V GDI DOHC Turbo,6-Speed Automatic,Remington Red Metallic,Black,At least 1 accident or damage reported,,17238.0,101329
Ford,Explorer ST,2022,"14,361 mi.",Gasoline,400.0HP 3.0L V6 Cylinder Engine Gasoline Fuel,10-Speed A/T,Black,Black,None reported,Yes,51500.0,101330
Ford,Mustang EcoBoost Premium,2017,"89,352 mi.",Gasoline,310.0HP 2.3L 4 Cylinder Engine Gasoline Fuel,6-Speed A/T,White,Black,At least 1 accident or damage reported,Yes,20989.0,101331
Bentley,Continental GT V8 First Edition,2020,"27,404 mi.",Gasoline,"4L V-8 gasoline direct injection, DOHC, variable valve control,",Automatic,Dark Sapphire,Linen,None reported,,199991.0,101332
BMW,335 i,2011,"73,000 mi.",Gasoline,300.0HP 3.0L Straight 6 Cylinder Engine Gasoline Fuel,Transmission w/Dual Shift Mode,Red,Beige,None reported,Yes,16000.0,101333
Ford,F-150 XLT,2016,"71,000 mi.",E85 Flex Fuel,385.0HP 5.0L 8 Cylinder Engine Flex Fuel Capability,A/T,Black,–,At least 1 accident or damage reported,Yes,24350.0,101334
GMC,Yukon XL Denali,2016,"137,500 mi.",Gasoline,420.0HP 6.2L 8 Cylinder Engine Gasoline Fuel,A/T,Black,Black,At least 1 accident or damage reported,Yes,29500.0,101335
Chevrolet,Monte Carlo SS,2005,"75,000 mi.",Gasoline,240.0HP 3.8L V6 Cylinder Engine Gasoline Fuel,A/T,Black,Black,None reported,Yes,12500.0,101336
Nissan,Armada LE,2005,"152,270 mi.",Gasoline,305.0HP 5.6L 8 Cylinder Engine Gasoline Fuel,A/T,Green,Beige,At least 1 accident or damage reported,Yes,6900.0,101337
Dodge,Challenger SRT Hellcat,2020,"2,750 mi.",Gasoline,797.0HP 6.2L 8 Cylinder Engine Gasoline Fuel,8-Speed A/T,Orange,Black,None reported,Yes,104500.0,101338
Land,Rover Defender,2022,"12,209 mi.",Gasoline,5.0L V8 32V GDI DOHC Supercharged,8-Speed Automatic,Black,Black,None reported,,104900.0,101339
Subaru,Crosstrek 2.0i Limited,2018,"84,054 mi.",Gasoline,152.0HP 2.0L 4 Cylinder Engine Gasoline Fuel,CVT Transmission,Gray,Black,None reported,Yes,21499.0,101340
Lexus,LS 430 Base,2006,"170,000 mi.",Gasoline,278.0HP 4.3L 8 Cylinder Engine Gasoline Fuel,A/T,Silver,Gray,None reported,Yes,7500.0,101341
Hyundai,Tucson SE,2007,"16,200 mi.",Gasoline,173.0HP 2.7L V6 Cylinder Engine Gasoline Fuel,A/T,Gold,Beige,None reported,Yes,8200.0,101342
Lexus,RX 350 RX 350 F SPORT Handling,2022,"11,238 mi.",Gasoline,3.5 Liter DOHC,Automatic,Atomic Silver,Black,None reported,,54798.0,101343
MINI,Cooper S Clubman Base,2009,"83,853 mi.",Gasoline,172.0HP 1.6L 4 Cylinder Engine Gasoline Fuel,6-Speed M/T,Gray,Black,At least 1 accident or damage reported,Yes,6950.0,101344
INFINITI,G37 x,2013,"90,000 mi.",Gasoline,328.0HP 3.7L V6 Cylinder Engine Gasoline Fuel,Transmission w/Dual Shift Mode,Silver,Black,None reported,Yes,14500.0,101345
INFINITI,Q50 Hybrid Premium,2015,"88,977 mi.",Hybrid,354.0HP 3.5L V6 Cylinder Engine Gas/Electric Hybrid,7-Speed A/T,Gray,Black,At least 1 accident or damage reported,Yes,19977.0,101346
Dodge,Challenger GT,2021,"40,000 mi.",Gasoline,303.0HP 3.6L V6 Cylinder Engine Gasoline Fuel,A/T,Black,Black,None reported,Yes,32500.0,101347
Jeep,Wagoneer Series III,2022,"9,099 mi.",Gasoline,5.7L V8 16V MPFI OHV,8-Speed Automatic,Velvet Red Pearlcoat,Global Black,None reported,Yes,68362.0,101348
Ford,Transit-350 Base,2023,195 mi.,Gasoline,310.0HP 3.5L V6 Cylinder Engine Gasoline Fuel,10-Speed A/T,Blue,Gray,None reported,Yes,87500.0,101349
BMW,X5 xDrive40e,2016,"91,798 mi.",Hybrid,Electric,Automatic,Alpine White,Black,None reported,,22998.0,101350
BMW,M5 Base,2015,"27,000 mi.",Gasoline,560.0HP 4.4L 8 Cylinder Engine Gasoline Fuel,7-Speed A/T,Black,Black,None reported,Yes,52500.0,101351
Porsche,911 Carrera S,2017,"16,701 mi.",Gasoline,3.0 Liter,–,Red,–,None reported,,107998.0,101352
Chevrolet,Suburban 1500 LTZ,2011,"194,000 mi.",E85 Flex Fuel,320.0HP 5.3L 8 Cylinder Engine Flex Fuel Capability,6-Speed A/T,Black,Black,None reported,Yes,9950.0,101353
Mazda,CX-30 Premium Package,2021,"45,303 mi.",Gasoline,2.5L I4 16V GDI DOHC,6-Speed Automatic,Snowflake White Pearl,White / Brown,None reported,,25382.0,101354
Audi,Q5 3.0T Premium Plus,2015,"60,251 mi.",Gasoline,272.0HP 3.0L V6 Cylinder Engine Gasoline Fuel,A/T,Black,Black,At least 1 accident or damage reported,Yes,19000.0,101355
Toyota,4Runner TRD Sport,2023,"11,400 mi.",Gasoline,270.0HP 4.0L V6 Cylinder Engine Gasoline Fuel,A/T,Green,Black,None reported,Yes,46000.0,101356
Mercedes-Benz,AMG CLA 45 Base 4MATIC,2021,"17,500 mi.",Gasoline,382.0HP 2.0L 4 Cylinder Engine Gasoline Fuel,A/T,Gray,Black,None reported,Yes,59995.0,101357
Lexus,GX 460 Base,2018,"75,000 mi.",Gasoline,301.0HP 4.6L 8 Cylinder Engine Gasoline Fuel,6-Speed A/T,White,Beige,At least 1 accident or damage reported,Yes,38095.0,101358
BMW,M2 Base,2023,"1,160 mi.",Gasoline,453.0HP 3.0L Straight 6 Cylinder Engine Gasoline Fuel,6-Speed M/T,Gray,Black,None reported,Yes,73600.0,101359
Toyota,Corolla LE,2010,"72,348 mi.",Gasoline,132.0HP 1.8L 4 Cylinder Engine Gasoline Fuel,A/T,Red,Gray,At least 1 accident or damage reported,Yes,9995.0,101360
Kia,Sportage Nightfall,2022,"26,468 mi.",Gasoline,2.4L I4 16V GDI DOHC,6-Speed Automatic,Pacific Blue,Black,At least 1 accident or damage reported,Yes,27875.0,101361
Kia,Sorento Hybrid EX,2022,"36,100 mi.",Hybrid,227.0HP 1.6L 4 Cylinder Engine Gas/Electric Hybrid,6-Speed A/T,Black,White,None reported,Yes,37500.0,101362
Ford,Mustang GT Premium,2011,"74,500 mi.",Gasoline,412.0HP 5.0L 8 Cylinder Engine Gasoline Fuel,6-Speed M/T,Black,Black,None reported,Yes,22000.0,101363
Subaru,WRX Premium,2022,"7,738 mi.",Gasoline,271.0HP 2.4L 4 Cylinder Engine Gasoline Fuel,Transmission w/Dual Shift Mode,Orange,Black,At least 1 accident or damage reported,Yes,33000.0,101364
Cadillac,CTS Performance,2014,"34,988 mi.",Gasoline,318.0HP 3.6L V6 Cylinder Engine Gasoline Fuel,6-Speed A/T,Red,Black,None reported,Yes,21500.0,101365
GMC,Savana 2500 Work Van,2018,"63,460 mi.",E85 Flex Fuel,341.0HP 6.0L 8 Cylinder Engine Flex Fuel Capability,A/T,White,Beige,None reported,Yes,33000.0,101366
Toyota,Highlander XLE,2018,"61,454 mi.",Gasoline,295.0HP 3.5L V6 Cylinder Engine Gasoline Fuel,A/T,Silver,Gray,None reported,Yes,31000.0,101367
Chevrolet,Tahoe LTZ,2011,"140,401 mi.",E85 Flex Fuel,320.0HP 5.3L 8 Cylinder Engine Flex Fuel Capability,6-Speed A/T,Red,Beige,At least 1 accident or damage reported,Yes,16000.0,101368
MINI,Hardtop Cooper S,2016,"43,073 mi.",Gasoline,2.0L I4 16V GDI DOHC Turbo,6-Speed Automatic,Volcanic Orange,Carbon Black,None reported,,17999.0,101369
Lexus,RX 450h Base,2010,"168,422 mi.",Hybrid,245.0HP 3.5L V6 Cylinder Engine Gas/Electric Hybrid,A/T,Black,Beige,At least 1 accident or damage reported,Yes,10900.0,101370
Nissan,Pathfinder S,2017,"145,000 mi.",Gasoline,284.0HP 3.5L V6 Cylinder Engine Gasoline Fuel,A/T,Silver,Gray,At least 1 accident or damage reported,Yes,8500.0,101371
BMW,X3 xDrive30i,2021,"15,000 mi.",Gasoline,248.0HP 2.0L 4 Cylinder Engine Gasoline Fuel,Transmission w/Dual Shift Mode,White,Brown,None reported,Yes,39995.0,101372
Lamborghini,Gallardo LP560-4,2010,"45,014 mi.",Gasoline,560.0HP 5.2L 10 Cylinder Engine Gasoline Fuel,6-Speed A/T,Gray,Black,None reported,Yes,109499.0,101373
Chevrolet,Avalanche 1500 LS,2005,"97,146 mi.",E85 Flex Fuel,295.0HP 5.3L 8 Cylinder Engine Flex Fuel Capability,Transmission Overdrive Switch,Black,Gray,At least 1 accident or damage reported,Yes,7999.0,101374
Subaru,Outback 2.5i Premium,2019,"77,000 mi.",Gasoline,175.0HP 2.5L 4 Cylinder Engine Gasoline Fuel,CVT Transmission,Gray,Gray,At least 1 accident or damage reported,Yes,18749.0,101375
Cadillac,CTS Luxury,2012,"113,000 mi.",Gasoline,270.0HP 3.0L V6 Cylinder Engine Gasoline Fuel,6-Speed A/T,White,Beige,None reported,Yes,10000.0,101376
BMW,X7 xDrive40i,2023,"2,950 mi.",Hybrid,375.0HP 3.0L Straight 6 Cylinder Engine Gasoline/Mild Electric Hybrid,8-Speed A/T,Black,Brown,None reported,Yes,87000.0,101377
Porsche,911 Carrera,2022,"2,950 mi.",Gasoline,379.0HP 3.0L Flat 6 Cylinder Engine Gasoline Fuel,8-Speed A/T,Green,Black,None reported,Yes,131000.0,101378
Lexus,CT 200h Premium,2015,"101,000 mi.",Hybrid,134.0HP 1.8L 4 Cylinder Engine Gas/Electric Hybrid,A/T,Black,Black,At least 1 accident or damage reported,Yes,16500.0,101379
BMW,750 750i xDrive,2021,"10,917 mi.",Gasoline,4.4 Liter Twin Turbo,Automatic,Black,Black,None reported,,73998.0,101380
Hyundai,Santa Fe Sport 2.0L Turbo Ultimate,2018,"71,669 mi.",Gasoline,240.0HP 2.0L 4 Cylinder Engine Gasoline Fuel,A/T,Blue,Black,None reported,Yes,20000.0,101381
Saab,9-3 SE,2002,"77,200 mi.",Gasoline,205.0HP 2.0L 4 Cylinder Engine Gasoline Fuel,5-Speed M/T,Black,Beige,None reported,Yes,7500.0,101382
Chevrolet,Tahoe LTZ,2015,"134,500 mi.",Gasoline,355.0HP 5.3L 8 Cylinder Engine Gasoline Fuel,A/T,Black,Black,None reported,Yes,28000.0,101383
Toyota,Tacoma TRD Pro,2019,"40,698 mi.",Gasoline,3.5L V6 24V PDI DOHC,6-Speed,Super White,Black,None reported,,42886.0,101384
RAM,1500 SLT,2017,"73,690 mi.",Gasoline,395.0HP 5.7L 8 Cylinder Engine Gasoline Fuel,8-Speed A/T,Blue,Gray,At least 1 accident or damage reported,Yes,27000.0,101385
Audi,A7 55 Premium Plus,2022,"15,000 mi.",Hybrid,335.0HP 3.0L V6 Cylinder Engine Gasoline/Mild Electric Hybrid,A/T,Gray,Black,None reported,Yes,63000.0,101386
Alfa,Romeo Stelvio Ti Sport,2020,"18,665 mi.",Gasoline,2.0L I4 16V GDI SOHC Turbo,8-Speed Automatic,Lunare White Metallic,Ice,None reported,Yes,35645.0,101387
Ford,Focus SE,2012,"108,045 mi.",Gasoline,160.0HP 2.0L 4 Cylinder Engine Gasoline Fuel,6-Speed A/T,Blue,Gray,None reported,Yes,6500.0,101388
Volvo,XC70 3.2,2008,"170,000 mi.",Gasoline,235.0HP 3.2L Straight 6 Cylinder Engine Gasoline Fuel,6-Speed A/T,White,Beige,None reported,Yes,7000.0,101389
Cadillac,Escalade Luxury,2012,"114,500 mi.",E85 Flex Fuel,403.0HP 6.2L 8 Cylinder Engine Flex Fuel Capability,A/T,Black,Black,None reported,Yes,16100.0,101390
Hyundai,Santa Fe Sport 2.0L Turbo,2018,"45,800 mi.",Gasoline,240.0HP 2.0L 4 Cylinder Engine Gasoline Fuel,A/T,Silver,Black,At least 1 accident or damage reported,Yes,20900.0,101391
Tesla,Model X Long Range,2022,"11,860 mi.",,670.0HP Electric Motor Electric Fuel System,A/T,White,White,None reported,Yes,92500.0,101392
Audi,TT RS 2.5T,2018,"20,675 mi.",Gasoline,400.0HP 2.5L 5 Cylinder Engine Gasoline Fuel,Transmission w/Dual Shift Mode,Gray,Gray,None reported,Yes,76000.0,101393
Ford,F-150 Lariat,2019,"81,000 mi.",Gasoline,375.0HP 3.5L V6 Cylinder Engine Gasoline Fuel,10-Speed A/T,Gray,Black,None reported,Yes,38500.0,101394
Chevrolet,Camaro Base,2002,"89,000 mi.",Gasoline,200.0HP 3.8L V6 Cylinder Engine Gasoline Fuel,A/T,Silver,Black,None reported,Yes,10400.0,101395
BMW,323 Ci,2000,"177,700 mi.",Gasoline,170.0HP 2.5L Straight 6 Cylinder Engine Gasoline Fuel,5-Speed A/T,Silver,Black,None reported,Yes,2500.0,101396
Audi,S4 3.0 Prestige,2012,"38,718 mi.",Gasoline,333.0HP 3.0L V6 Cylinder Engine Gasoline Fuel,7-Speed A/T,Black,Black,None reported,Yes,31000.0,101397
Toyota,Corolla LE,2003,"124,756 mi.",Gasoline,130.0HP 1.8L 4 Cylinder Engine Gasoline Fuel,M/T,Beige,Beige,At least 1 accident or damage reported,Yes,4995.0,101398
Porsche,Cayman S,2007,"5,856 mi.",Gasoline,295.0HP 3.4L Flat 6 Cylinder Engine Gasoline Fuel,6-Speed M/T,Black,Black,None reported,Yes,45000.0,101399
Ford,F-250 XL,2021,"77,699 mi.",Diesel,6.7L V8 32V DDI OHV Turbo Diesel,Automatic,White,Medium Earth Gray,,,49883.0,101400
Volkswagen,GTI Base,2008,"95,798 mi.",Gasoline,200.0HP 2.0L 4 Cylinder Engine Gasoline Fuel,6-Speed M/T,White,Black,None reported,Yes,9850.0,101401
BMW,M440 i,2021,"13,700 mi.",Hybrid,382.0HP 3.0L Straight 6 Cylinder Engine Gasoline/Mild Electric Hybrid,8-Speed A/T,Black,Beige,,,60000.0,101402
BMW,i3 Base,2015,"26,000 mi.",,170.0HP 0.65L Electric Motor Electric Fuel System,1-Speed A/T,White,Beige,None reported,Yes,14999.0,101403
Toyota,Sequoia SR5,2023,"1,539 mi.",Hybrid,3.4L V6 24V PDI DOHC Twin Turbo Hybrid,Automatic,Green,Boulder,At least 1 accident or damage reported,Yes,76373.0,101404
Lexus,RX 350 Base,2017,"103,866 mi.",Gasoline,295.0HP 3.5L V6 Cylinder Engine Gasoline Fuel,8-Speed A/T,Beige,Beige,At least 1 accident or damage reported,Yes,24700.0,101405
Jeep,Grand Cherokee Limited,2018,"49,924 mi.",Gasoline,293.0HP 3.6L V6 Cylinder Engine Gasoline Fuel,8-Speed A/T,White,Black,None reported,Yes,26500.0,101406
Lexus,GS 350 Base,2014,"85,275 mi.",Gasoline,3.5 Liter,Automatic,Nebula Gray Pearl,Black,At least 1 accident or damage reported,,23998.0,101407
Bentley,Bentayga S,2023,"2,600 mi.",Gasoline,4.0L V8 32V GDI DOHC Twin Turbo,8-Speed Automatic,Beluga Black,Hotspur,None reported,Yes,239995.0,101408
Kia,Telluride SX,2020,"55,400 mi.",Gasoline,291.0HP 3.8L V6 Cylinder Engine Gasoline Fuel,8-Speed A/T,Green,White,,,36500.0,101409
Ford,Mustang Premium,2007,"169,613 mi.",Gasoline,210.0HP 4.0L V6 Cylinder Engine Gasoline Fuel,A/T,Black,Black,At least 1 accident or damage reported,Yes,5900.0,101410
Lincoln,Corsair Grand Touring,2021,"1,850 mi.",Plug-In Hybrid,266.0HP 2.5L 4 Cylinder Engine Plug-In Electric/Gas,CVT Transmission,Silver,Beige,None reported,Yes,49000.0,101411
Audi,SQ5 3.0T Premium Plus,2018,"72,000 mi.",Gasoline,354.0HP 3.0L V6 Cylinder Engine Gasoline Fuel,A/T,Blue,Black,At least 1 accident or damage reported,Yes,30000.0,101412
Ford,Mustang Mach-E GT,2023,"9,095 mi.",,480.0HP Electric Motor Electric Fuel System,A/T,Orange,Gray,None reported,Yes,59000.0,101413
Ford,Bronco Outer Banks,2023,"16,500 mi.",Gasoline,275.0HP 2.3L 4 Cylinder Engine Gasoline Fuel,A/T,Blue,Gray,None reported,Yes,54000.0,101414
INFINITI,QX80 Base,2014,"161,894 mi.",Gasoline,400.0HP 5.6L 8 Cylinder Engine Gasoline Fuel,7-Speed A/T,White,Beige,None reported,Yes,18900.0,101415
INFINITI,QX60 Luxe,2019,"51,000 mi.",Gasoline,295.0HP 3.5L V6 Cylinder Engine Gasoline Fuel,CVT Transmission,Gray,–,At least 1 accident or damage reported,Yes,29000.0,101416
Porsche,718 Cayman S,2019,"9,500 mi.",Gasoline,350.0HP 2.5L 4 Cylinder Engine Gasoline Fuel,7-Speed A/T,Red,Black,At least 1 accident or damage reported,Yes,69000.0,101417
Ford,Flex Limited,2009,"162,000 mi.",Gasoline,262.0HP 3.5L V6 Cylinder Engine Gasoline Fuel,6-Speed A/T,Gray,Black,At least 1 accident or damage reported,Yes,7500.0,101418
BMW,X5 xDrive35i,2014,"143,250 mi.",Gasoline,300.0HP 3.0L Straight 6 Cylinder Engine Gasoline Fuel,8-Speed A/T,Black,White,None reported,Yes,12999.0,101419
Hyundai,Elantra N Base,2022,"11,650 mi.",Gasoline,276.0HP 2.0L 4 Cylinder Engine Gasoline Fuel,Transmission w/Dual Shift Mode,Black,Black,None reported,Yes,32300.0,101420
Tesla,Model 3 Long Range,2020,"25,000 mi.",,425.0HP Electric Motor Electric Fuel System,1-Speed A/T,Blue,Black,None reported,Yes,49995.0,101421
Land,Rover Defender SE,2021,"13,970 mi.",Hybrid,395.0HP 3.0L Straight 6 Cylinder Engine Gasoline/Mild Electric Hybrid,A/T,Gray,Black,None reported,Yes,75500.0,101422
Tesla,Model S 100D,2018,"33,500 mi.",,518.0HP Electric Motor Electric Fuel System,A/T,Gray,Black,None reported,Yes,51900.0,101423
Toyota,Sequoia Platinum,2023,325 mi.,Hybrid,437.0HP 3.4L V6 Cylinder Engine Gas/Electric Hybrid,10-Speed A/T,Blue,Gray,None reported,Yes,84997.0,101424
Land,Rover Range Rover 3.0L Supercharged,2018,"38,020 mi.",Gasoline,5.0 Liter,Automatic,White,Espresso,None reported,,63998.0,101425
Maserati,Levante Modena,2023,"5,409 mi.",Gasoline,3.0L V6 24V GDI DOHC Twin Turbo,8-Speed Automatic,Blu,Black,None reported,Yes,88950.0,101426
Mercedes-Benz,GLC 300 GLC 300,2021,"14,745 mi.",Gasoline,2.0 Liter Turbo,Automatic,Graphite Grey,–,None reported,,38998.0,101427
Honda,CR-V EX,2004,"156,350 mi.",Gasoline,160.0HP 2.4L 4 Cylinder Engine Gasoline Fuel,A/T,Brown,Beige,At least 1 accident or damage reported,Yes,3990.0,101428
Volkswagen,Golf GTI 2.0T Autobahn 4-Door,2015,"85,385 mi.",Gasoline,210.0HP 2.0L 4 Cylinder Engine Gasoline Fuel,6-Speed M/T,Gray,Black,None reported,Yes,15550.0,101429
RAM,2500 Big Horn,2019,"97,000 mi.",Diesel,370.0HP 6.7L Straight 6 Cylinder Engine Diesel Fuel,A/T,White,Gray,At least 1 accident or damage reported,Yes,45000.0,101430
Lexus,IS 350 F Sport,2021,"26,800 mi.",Gasoline,311.0HP 3.5L V6 Cylinder Engine Gasoline Fuel,8-Speed A/T,Black,Red,None reported,Yes,44000.0,101431
INFINITI,Q50 Premium,2014,"127,356 mi.",Gasoline,328.0HP 3.7L V6 Cylinder Engine Gasoline Fuel,7-Speed A/T,Black,Black,At least 1 accident or damage reported,Yes,19990.0,101432
Audi,S4 3.0T Premium Plus,2013,"139,355 mi.",Gasoline,333.0HP 3.0L V6 Cylinder Engine Gasoline Fuel,7-Speed A/T,Black,Black,None reported,Yes,20900.0,101433
Mitsubishi,Lancer Evolution IX,2006,"77,000 mi.",Gasoline,286.0HP 2.0L 4 Cylinder Engine Gasoline Fuel,5-Speed M/T,Silver,Black,None reported,Yes,57000.0,101434
Porsche,911 Carrera S,2007,"50,500 mi.",Gasoline,355.0HP 3.8L Flat 6 Cylinder Engine Gasoline Fuel,6-Speed M/T,Silver,Black,None reported,Yes,56000.0,101435
Mercedes-Benz,G-Class G 550 4MATIC,2016,"96,000 mi.",Gasoline,416.0HP 4.0L 8 Cylinder Engine Gasoline Fuel,A/T,Blue,Brown,None reported,Yes,65000.0,101436
Honda,Civic Sport,2020,"121,212 mi.",Gasoline,1.5L I4 16V GDI DOHC Turbo,Automatic CVT,White,Sport,At least 1 accident or damage reported,Yes,18387.0,101437
Lincoln,Mark LT Base,2006,"87,500 mi.",Gasoline,300.0HP 5.4L 8 Cylinder Engine Gasoline Fuel,A/T,Silver,Black,At least 1 accident or damage reported,Yes,12999.0,101438
Land,Rover Range Rover Sport SVR Carbon Edition,2022,"9,000 mi.",Gasoline,575.0HP 5.0L 8 Cylinder Engine Gasoline Fuel,A/T,Green,Gray,None reported,Yes,115000.0,101439
Hyundai,Genesis Coupe 3.8 Grand Touring,2013,"60,000 mi.",Gasoline,344.0HP 3.8L V6 Cylinder Engine Gasoline Fuel,A/T,White,–,None reported,Yes,16500.0,101440
Audi,A4 2.0T Tech Premium,2018,"27,532 mi.",Gasoline,252.0HP 2.0L 4 Cylinder Engine Gasoline Fuel,7-Speed A/T,Gray,Black,None reported,Yes,27900.0,101441
BMW,X5 xDrive50i,2015,"72,000 mi.",Gasoline,445.0HP 4.4L 8 Cylinder Engine Gasoline Fuel,Transmission w/Dual Shift Mode,Black,Brown,At least 1 accident or damage reported,Yes,26500.0,101442
RAM,1500 Laramie,2022,"3,521 mi.",Gasoline,5.7L V8 16V MPFI OHV,Automatic,Diamond Black,Black,None reported,Yes,51074.0,101443
Mercedes-Benz,G-Class G 550 4MATIC,2016,"51,354 mi.",Gasoline,416.0HP 4.0L 8 Cylinder Engine Gasoline Fuel,7-Speed A/T,Blue,Black,None reported,Yes,73000.0,101444
Chevrolet,Camaro Z28,2002,"48,000 mi.",Gasoline,310.0HP 5.7L 8 Cylinder Engine Gasoline Fuel,A/T,White,Black,None reported,Yes,21999.0,101445
Chevrolet,Impala 2LZ,2018,"71,312 mi.",Gasoline,305.0HP 3.6L V6 Cylinder Engine Gasoline Fuel,6-Speed A/T,Black,Black,None reported,Yes,17899.0,101446
Toyota,Sequoia Limited,2011,"183,000 mi.",Gasoline,381.0HP 5.7L 8 Cylinder Engine Gasoline Fuel,6-Speed A/T,Gold,Beige,None reported,Yes,16000.0,101447
Nissan,Xterra S,2008,"227,010 mi.",Gasoline,261.0HP 4.0L V6 Cylinder Engine Gasoline Fuel,5-Speed A/T,Gray,Gray,None reported,Yes,3850.0,101448
Chrysler,Town & Country Touring-L,2012,"163,500 mi.",E85 Flex Fuel,283.0HP 3.6L V6 Cylinder Engine Flex Fuel Capability,6-Speed A/T,Gray,Beige,None reported,Yes,5949.0,101449
Land,Rover Defender S,2023,"15,840 mi.",Gasoline,296.0HP 2.0L 4 Cylinder Engine Gasoline Fuel,8-Speed A/T,White,Black,None reported,Yes,69900.0,101450
Toyota,Camry LE,1999,"86,111 mi.",Gasoline,133.0HP 2.2L 4 Cylinder Engine Gasoline Fuel,A/T,Gold,Beige,At least 1 accident or damage reported,Yes,3500.0,101451
Chevrolet,Silverado 2500 LT,2016,"84,421 mi.",E85 Flex Fuel,360.0HP 6.0L 8 Cylinder Engine Flex Fuel Capability,6-Speed A/T,White,Black,None reported,Yes,36800.0,101452
BMW,X6 xDrive40i,2021,"27,654 mi.",Hybrid,3.0 Liter Turbo,Automatic,Mineral White,Black,None reported,,61998.0,101453
Mercedes-Benz,AMG E 53 Base 4MATIC,2021,"15,615 mi.",Hybrid,429.0HP 3.0L Straight 6 Cylinder Engine Gasoline/Mild Electric Hybrid,9-Speed A/T,Gray,Black,None reported,Yes,78000.0,101454
Subaru,Ascent Limited 7-Passenger,2022,"12,700 mi.",Gasoline,260.0HP 2.4L 4 Cylinder Engine Gasoline Fuel,CVT Transmission,White,Beige,None reported,Yes,38500.0,101455
Volvo,V60 T6 R-Design Platinum,2015,"59,271 mi.",Gasoline,325.0HP 3.0L Straight 6 Cylinder Engine Gasoline Fuel,6-Speed A/T,Blue,Black,None reported,Yes,29900.0,101456
Rolls-Royce,Phantom Drophead Coupe Drophead,2013,"2,958 mi.",Gasoline,6.8L V12 48V GDI DOHC,8-Speed Automatic,Yellow,–,None reported,Yes,488880.0,101457
Chevrolet,Traverse LS,2022,"32,117 mi.",Gasoline,3.6L V6 24V GDI DOHC,Automatic,Northsky Blue Metallic,Jet Black,None reported,,33299.0,101458
Toyota,Sequoia SR5,2002,"244,200 mi.",Gasoline,240.0HP 4.7L 8 Cylinder Engine Gasoline Fuel,A/T,White,–,At least 1 accident or damage reported,Yes,3950.0,101459
Rivian,R1S Adventure Package,2023,"5,700 mi.",,835.0HP Electric Motor Electric Fuel System,1-Speed A/T,Gray,White,None reported,Yes,95000.0,101460
Dodge,Dakota Sport,1997,"285,000 mi.",Gasoline,230.0HP 5.2L 8 Cylinder Engine Gasoline Fuel,4-Speed A/T,White,Gray,None reported,Yes,6399.0,101461
Nissan,370Z Base,2013,"106,700 mi.",Gasoline,332.0HP 3.7L V6 Cylinder Engine Gasoline Fuel,6-Speed M/T,Red,Black,None reported,Yes,17500.0,101462
Mercedes-Benz,GLS 550 Base 4MATIC,2017,"88,454 mi.",Gasoline,449.0HP 4.7L 8 Cylinder Engine Gasoline Fuel,9-Speed A/T,White,Beige,None reported,Yes,39999.0,101463
GMC,Sierra 1500 Denali,2021,"44,691 mi.",Gasoline,6.2L V8 16V GDI OHV,10-Speed Automatic,White Frost Tri-Coat,Walnut,At least 1 accident or damage reported,,56900.0,101464
Buick,Envision Essence,2020,"28,548 mi.",Gasoline,2.5L I4 16V GDI DOHC,6-Speed Automatic,Ebony Twilight Metallic,Ebony,None reported,,32063.0,101465
BMW,M3 Base,2015,"59,000 mi.",Gasoline,425.0HP 3.0L Straight 6 Cylinder Engine Gasoline Fuel,6-Speed M/T,Gray,Black,None reported,Yes,53500.0,101466
Chevrolet,Sonic LT,2013,"110,000 mi.",–,–,A/T,Gray,Black,None reported,Yes,7500.0,101467
Volkswagen,Golf R Base,2022,"1,067 mi.",Gasoline,315.0HP 2.0L 4 Cylinder Engine Gasoline Fuel,7-Speed A/T,White,Blue,None reported,Yes,48000.0,101468
Ford,Explorer XLT,2021,"33,705 mi.",Gasoline,2.3L I4 16V GDI DOHC Turbo,10-Speed Automatic,White,Light Slate,At least 1 accident or damage reported,Yes,36995.0,101469
Mercedes-Benz,CLA-Class CLA 250,2015,"76,753 mi.",Gasoline,208.0HP 2.0L 4 Cylinder Engine Gasoline Fuel,A/T,Red,Black,At least 1 accident or damage reported,Yes,15999.0,101470
Mercedes-Benz,S-Class S 550 4MATIC,2016,"67,280 mi.",Gasoline,449.0HP 4.7L 8 Cylinder Engine Gasoline Fuel,7-Speed A/T,White,Black,None reported,Yes,41999.0,101471
Bentley,Flying Spur V8,2022,"27,858 mi.",Gasoline,4.0L V8 32V GDI DOHC Twin Turbo,8-Speed Automatic with Auto-Shift,–,–,None reported,Yes,197750.0,101472
Volvo,XC60 Recharge Plug-In Hybrid T8 Inscription,2022,"19,352 mi.",Plug-In Hybrid,455.0HP 2.0L 4 Cylinder Engine Plug-In Electric/Gas,8-Speed A/T,Blue,Beige,None reported,Yes,54599.0,101473
Pontiac,Solstice GXP,2008,"38,100 mi.",Gasoline,260.0HP 2.0L 4 Cylinder Engine Gasoline Fuel,5-Speed M/T,Orange,Black,None reported,Yes,19950.0,101474
Cadillac,CTS Base,2010,"81,696 mi.",Gasoline,270.0HP 3.0L V6 Cylinder Engine Gasoline Fuel,6-Speed A/T,Silver,Beige,At least 1 accident or damage reported,Yes,9499.0,101475
Hyundai,Kona EV SEL,2022,"9,400 mi.",,201.0HP Electric Motor Electric Fuel System,1-Speed A/T,Red,Black,None reported,Yes,31999.0,101476
Mercedes-Benz,SLK-Class SLK320,2001,"59,500 mi.",Gasoline,215.0HP 3.2L V6 Cylinder Engine Gasoline Fuel,6-Speed M/T,Blue,Beige,None reported,Yes,6500.0,101477
Hyundai,Elantra SE,2018,"32,697 mi.",Gasoline,147.0HP 2.0L 4 Cylinder Engine Gasoline Fuel,6-Speed A/T,Gray,Gray,At least 1 accident or damage reported,Yes,15900.0,101478
Genesis,GV70 2.5T,2022,"20,319 mi.",Gasoline,300.0HP 2.5L 4 Cylinder Engine Gasoline Fuel,Transmission w/Dual Shift Mode,White,Black,None reported,Yes,44249.0,101479
Jeep,Grand Cherokee Laredo,2013,"106,700 mi.",E85 Flex Fuel,290.0HP 3.6L V6 Cylinder Engine Flex Fuel Capability,6-Speed A/T,Black,Black,None reported,Yes,13500.0,101480
Lamborghini,Aventador SVJ Base,2021,"6,987 mi.",Gasoline,6.5L V12 48V MPFI DOHC,7-Speed,–,Nero Ade,None reported,Yes,749950.0,101481
Volvo,850 Turbo,1995,"94,000 mi.",–,–,A/T,White,Black,None reported,Yes,4500.0,101482
Cadillac,XTS Luxury,2018,"46,711 mi.",Gasoline,304.0HP 3.6L V6 Cylinder Engine Gasoline Fuel,6-Speed A/T,Silver,Black,At least 1 accident or damage reported,Yes,20850.0,101483
Cadillac,XT5 Luxury,2017,"72,060 mi.",Gasoline,3.6L V6 24V GDI DOHC,8-Speed Automatic,Stellar Black Metallic,Shara Beige,None reported,,24590.0,101484
Ford,Edge Titanium,2017,"113,294 mi.",Gasoline,245.0HP 2.0L 4 Cylinder Engine Gasoline Fuel,6-Speed A/T,Gray,Black,At least 1 accident or damage reported,Yes,16500.0,101485
Nissan,Xterra Pro-4X,2011,"183,000 mi.",Gasoline,261.0HP 4.0L V6 Cylinder Engine Gasoline Fuel,A/T,Black,Gray,At least 1 accident or damage reported,Yes,12000.0,101486
Mazda,Mazda6 Touring,2020,"78,700 mi.",Gasoline,187.0HP 2.5L 4 Cylinder Engine Gasoline Fuel,A/T,White,Black,None reported,Yes,18000.0,101487
Hyundai,Tucson Limited,2020,"39,913 mi.",Gasoline,2.4L I4 16V GDI DOHC,6-Speed Automatic,Black Noir Pearl,Beige,None reported,,22749.0,101488
Pontiac,G6 GTP,2006,"100,545 mi.",Gasoline,201.0HP 3.5L V6 Cylinder Engine Gasoline Fuel,4-Speed A/T,Gray,Black,None reported,Yes,5995.0,101489
RAM,2500 Laramie,2017,"117,878 mi.",Diesel,350.0HP 6.7L Straight 6 Cylinder Engine Diesel Fuel,Transmission w/Dual Shift Mode,Red,Black,None reported,Yes,42000.0,101490
Chevrolet,Corvette Z06,2016,"41,500 mi.",Gasoline,650.0HP 6.2L 8 Cylinder Engine Gasoline Fuel,7-Speed M/T,White,Black,None reported,Yes,66000.0,101491
Hyundai,Sonata Hybrid Limited,2015,"66,000 mi.",Hybrid,199.0HP 2.4L 4 Cylinder Engine Gas/Electric Hybrid,A/T,White,Gray,At least 1 accident or damage reported,Yes,15900.0,101492
Ford,Bronco,2021,"3,596 mi.",Gasoline,2.7L V6 24V PDI DOHC Twin Turbo,10-Speed Automatic,Blue,Black Onyx,None reported,,56900.0,101493
Porsche,911 Carrera 4S,2020,"25,568 mi.",Gasoline,3.0L H6 24V GDI DOHC Twin Turbo,7-Speed Manual,Red,Black,None reported,Yes,134999.0,101494
Land,Rover Discovery SE,2004,"145,000 mi.",Gasoline,217.0HP 4.6L 8 Cylinder Engine Gasoline Fuel,A/T,Green,Beige,None reported,Yes,15500.0,101495
Chrysler,300C Base,2007,"86,000 mi.",Gasoline,340.0HP 5.7L 8 Cylinder Engine Gasoline Fuel,5-Speed A/T,Gray,Black,None reported,Yes,15000.0,101496
Dodge,Challenger SE,2010,"90,305 mi.",Gasoline,250.0HP 3.5L V6 Cylinder Engine Gasoline Fuel,A/T,Gray,Black,None reported,Yes,12000.0,101497
Ford,F-150 Lariat SuperCrew,2004,"271,000 mi.",Gasoline,300.0HP 5.4L 8 Cylinder Engine Gasoline Fuel,A/T,Red,Beige,At least 1 accident or damage reported,Yes,9500.0,101498
Audi,S6 4.0T,2015,"74,000 mi.",Gasoline,420.0HP 4.0L 8 Cylinder Engine Gasoline Fuel,7-Speed A/T,Blue,Gray,None reported,Yes,29950.0,101499
Ford,Transit Connect XL,2020,"119,000 mi.",Gasoline,169.0HP 2.5L 4 Cylinder Engine Gasoline Fuel,A/T,White,Black,None reported,Yes,18000.0,101500
RAM,1500 Rebel,2021,"32,000 mi.",Hybrid,395.0HP 5.7L 8 Cylinder Engine Gasoline/Mild Electric Hybrid,8-Speed A/T,White,Black,None reported,Yes,50927.0,101501
Rivian,R1S Adventure Package,2023,542 mi.,,835.0HP Electric Motor Electric Fuel System,A/T,Black,Black,None reported,Yes,92500.0,101502
Nissan,Murano SL,2021,"43,875 mi.",Gasoline,3.5L V6 24V MPFI DOHC,Automatic CVT,Magnetic Black,Graphite,At least 1 accident or damage reported,,29725.0,101503
Ford,F-150 XL,2021,"45,979 mi.",Gasoline,3.5L V6 24V PDI DOHC Twin Turbo,10-Speed Automatic,Agate Black Metallic,Black,None reported,Yes,38532.0,101504
Dodge,Ram 1500 ST,2010,"131,100 mi.",E85 Flex Fuel,310.0HP 4.7L 8 Cylinder Engine Flex Fuel Capability,A/T,White,Gray,At least 1 accident or damage reported,Yes,12995.0,101505
BMW,535 i,2008,"135,000 mi.",Gasoline,300.0HP 3.0L Straight 6 Cylinder Engine Gasoline Fuel,A/T,Silver,Black,None reported,Yes,5699.0,101506
Jaguar,F-TYPE R,2018,"35,250 mi.",Gasoline,550.0HP 5.0L 8 Cylinder Engine Gasoline Fuel,8-Speed A/T,Green,Black,None reported,Yes,68750.0,101507
Cadillac,Escalade Premium Luxury,2017,"55,000 mi.",Gasoline,420.0HP 6.2L 8 Cylinder Engine Gasoline Fuel,8-Speed A/T,White,Beige,At least 1 accident or damage reported,Yes,49900.0,101508
Ford,F-150 XLT,2022,"18,465 mi.",Gasoline,400.0HP 3.5L V6 Cylinder Engine Gasoline Fuel,10-Speed A/T,Black,Gray,None reported,Yes,47500.0,101509
Chevrolet,Suburban 1500 LT,2014,"169,500 mi.",E85 Flex Fuel,320.0HP 5.3L 8 Cylinder Engine Flex Fuel Capability,A/T,Purple,Brown,None reported,Yes,15000.0,101510
Lamborghini,Gallardo LP570-4 Superleggera,2011,"16,000 mi.",Gasoline,562.0HP 5.2L 10 Cylinder Engine Gasoline Fuel,Transmission w/Dual Shift Mode,Yellow,Black,None reported,Yes,229000.0,101511
Ford,F-150 XLT,2021,"25,352 mi.",Gasoline,3.5L V6 24V PDI DOHC Twin Turbo,10-Speed Automatic,Gray,Black,None reported,Yes,48459.0,101512
GMC,Sierra 2500 Denali,2021,"16,919 mi.",Diesel,445.0HP 6.6L 8 Cylinder Engine Diesel Fuel,10-Speed A/T,Black,Black,At least 1 accident or damage reported,Yes,73000.0,101513
Honda,Accord EX-L,2014,"62,000 mi.",Gasoline,185.0HP 2.4L 4 Cylinder Engine Gasoline Fuel,CVT Transmission,Gray,Black,At least 1 accident or damage reported,Yes,18987.0,101514
Ford,Fiesta ST,2019,"28,724 mi.",Gasoline,197.0HP 1.6L 4 Cylinder Engine Gasoline Fuel,6-Speed M/T,Gray,Black,At least 1 accident or damage reported,Yes,18300.0,101515
Mazda,CX-30 Base,2020,"19,319 mi.",Gasoline,2.5L I4 16V GDI DOHC,6-Speed Automatic,Snowflake White Pearl,Black,At least 1 accident or damage reported,Yes,24899.0,101516
Land,Rover Range Rover Supercharged LWB,2020,"81,000 mi.",Gasoline,518.0HP 5.0L 8 Cylinder Engine Gasoline Fuel,A/T,Black,Black,None reported,Yes,64800.0,101517
Ford,F-250 Lariat,2019,"85,000 mi.",Diesel,450.0HP 6.7L 8 Cylinder Engine Diesel Fuel,6-Speed A/T,Black,Black,At least 1 accident or damage reported,Yes,52500.0,101518
Nissan,Pathfinder S,2020,"41,250 mi.",Gasoline,284.0HP 3.5L V6 Cylinder Engine Gasoline Fuel,CVT Transmission,White,–,None reported,Yes,21865.0,101519
Buick,Enclave Avenir,2021,"31,181 mi.",Gasoline,3.6L V6 24V GDI DOHC,9-Speed Automatic,Rich Garnet Metallic,Chestnut,At least 1 accident or damage reported,Yes,42442.0,101520
RAM,1500 Laramie,2022,"15,607 mi.",Gasoline,5.7L V8 16V MPFI OHV,8-Speed Automatic,Billet Silver Metallic Clearcoat,Black,None reported,,45999.0,101521
Kia,Telluride SX,2021,"24,423 mi.",Gasoline,3.8L V6 24V GDI DOHC,8-Speed Automatic,Black,Black,None reported,,44315.0,101522
Chevrolet,Corvette Z06,2016,"49,000 mi.",Gasoline,650.0HP 6.2L 8 Cylinder Engine Gasoline Fuel,7-Speed M/T,Orange,–,None reported,Yes,75000.0,101523
Lexus,GX 470 Base,2007,"116,600 mi.",Gasoline,263.0HP 4.7L 8 Cylinder Engine Gasoline Fuel,5-Speed A/T,White,Gray,None reported,Yes,19975.0,101524
Mercedes-Benz,E-Class E 350 4MATIC,2010,"67,800 mi.",Gasoline,268.0HP 3.5L V6 Cylinder Engine Gasoline Fuel,7-Speed A/T,Black,Black,None reported,Yes,13999.0,101525
Chevrolet,Silverado 2500 High Country,2022,"16,000 mi.",Diesel,445.0HP 6.6L 8 Cylinder Engine Diesel Fuel,A/T,Black,Black,At least 1 accident or damage reported,Yes,73995.0,101526
Nissan,Murano SV,2020,"47,147 mi.",Gasoline,3.5L V6 24V MPFI DOHC,Automatic CVT,Brilliant Silver Metallic,Graphite,None reported,Yes,23625.0,101527
Ford,Explorer XLT,2014,"127,558 mi.",Gasoline,3.5L V6 24V MPFI DOHC,6-Speed Automatic,Green,Charcoal Black,None reported,Yes,13715.0,101528
Ford,F-250 XLT,2022,"36,294 mi.",Diesel,6.7L V8 32V DDI OHV Turbo Diesel,Automatic,Oxford White,Medium Earth Gray,,,77535.0,101529
BMW,ALPINA B7 ALPINA B7 xDrive,2020,"15,097 mi.",Gasoline,4.4 Liter Twin Turbo,Automatic,Frozen Dark Silver Metallic,Black,None reported,,99998.0,101530
Lexus,RX 350 Base,2012,"160,900 mi.",Gasoline,270.0HP 3.5L V6 Cylinder Engine Gasoline Fuel,6-Speed A/T,Silver,Gray,None reported,Yes,15000.0,101531
Chevrolet,Avalanche 1500 LT,2010,"170,000 mi.",E85 Flex Fuel,320.0HP 5.3L 8 Cylinder Engine Flex Fuel Capability,A/T,Black,Black,At least 1 accident or damage reported,Yes,9000.0,101532
Acura,TLX Tech,2023,"2,118 mi.",Gasoline,2.0 Liter DOHC Turbo,Automatic,Red,Black,None reported,,41998.0,101533
Nissan,Juke SV,2011,"137,483 mi.",Gasoline,188.0HP 1.6L 4 Cylinder Engine Gasoline Fuel,CVT Transmission,White,Gray,None reported,Yes,3200.0,101534
Lexus,LX 570 Three-Row,2018,"50,000 mi.",Gasoline,383.0HP 5.7L 8 Cylinder Engine Gasoline Fuel,A/T,White,Black,None reported,Yes,65000.0,101535
Lexus,GX 470 Base,2006,"152,000 mi.",Gasoline,263.0HP 4.7L 8 Cylinder Engine Gasoline Fuel,A/T,Blue,Gray,At least 1 accident or damage reported,Yes,13995.0,101536
Nissan,350Z Touring,2006,"84,200 mi.",Gasoline,300.0HP 3.5L V6 Cylinder Engine Gasoline Fuel,6-Speed M/T,Silver,Gray,None reported,Yes,10200.0,101537
Maserati,Ghibli S Q4,2015,"28,700 mi.",Gasoline,404.0HP 3.0L V6 Cylinder Engine Gasoline Fuel,8-Speed A/T,White,Red,,,24900.0,101538
Toyota,4Runner SR5 Premium,2021,"36,180 mi.",Gasoline,270.0HP 4.0L V6 Cylinder Engine Gasoline Fuel,A/T,Black,–,None reported,Yes,36990.0,101539
Mercedes-Benz,SL-Class SL550 Roadster,2007,"150,000 mi.",Gasoline,382.0HP 5.5L 8 Cylinder Engine Gasoline Fuel,A/T,Black,Black,None reported,Yes,8000.0,101540
Ford,Explorer Limited,2017,"152,000 mi.",Gasoline,290.0HP 3.5L V6 Cylinder Engine Gasoline Fuel,6-Speed A/T,Gray,Black,None reported,Yes,15499.0,101541
Cadillac,XT5 Luxury,2019,"54,323 mi.",Gasoline,3.6 Liter DOHC,Automatic,Red,Beige,None reported,,27998.0,101542
Audi,Q5 2.0T Premium Plus,2017,"81,880 mi.",E85 Flex Fuel,2.0L I4 16V GDI DOHC Turbo Flexible Fuel,8-Speed Automatic,Mythos Black Metallic,Black,None reported,Yes,21375.0,101543
BMW,M3 Base,2001,"81,000 mi.",Gasoline,333.0HP 3.2L Straight 6 Cylinder Engine Gasoline Fuel,6-Speed M/T,Blue,Gray,None reported,Yes,39000.0,101544
Jaguar,F-PACE SVR,2020,"38,800 mi.",Gasoline,550.0HP 5.0L 8 Cylinder Engine Gasoline Fuel,Transmission w/Dual Shift Mode,Black,Black,None reported,Yes,57500.0,101545
Chevrolet,Suburban Premier,2021,"51,890 mi.",Gasoline,5.3L V8 16V GDI OHV,10-Speed Automatic,Shadow Gray Metallic,Jet Black,None reported,Yes,59980.0,101546
Ford,F-250 Base,1997,"92,800 mi.",Gasoline,210.0HP 5.8L 8 Cylinder Engine Gasoline Fuel,4-Speed A/T,White,Gray,None reported,Yes,9000.0,101547
Ford,Focus RS Base,2017,"26,000 mi.",Gasoline,350.0HP 2.3L 4 Cylinder Engine Gasoline Fuel,6-Speed M/T,Gray,Black,None reported,Yes,37000.0,101548
Toyota,Land Cruiser Base,1993,"231,500 mi.",–,–,A/T,White,Gray,None reported,Yes,29500.0,101549
BMW,M3 Base,2002,"60,255 mi.",Gasoline,333.0HP 3.2L Straight 6 Cylinder Engine Gasoline Fuel,6-Speed M/T,Yellow,Black,None reported,Yes,28750.0,101550
Nissan,Altima 2.5 SV,2020,"22,295 mi.",Gasoline,2.5L I4 16V GDI DOHC,Automatic CVT,Scarlet Ember,Gray,None reported,,23599.0,101551
Dodge,Challenger R/T Scat Pack,2016,"7,928 mi.",–,–,6-Speed M/T,Red,Red,None reported,Yes,37500.0,101552
Nissan,Versa 1.8 S,2011,"109,902 mi.",Gasoline,122.0HP 1.8L 4 Cylinder Engine Gasoline Fuel,A/T,Blue,Gray,None reported,Yes,4500.0,101553
Mercedes-Benz,GLE 350 GLE 350,2022,"18,815 mi.",Gasoline,2.0 Liter Turbo,Automatic,Black,Black,None reported,,61998.0,101554
Audi,TT Roadster quattro,2002,"69,300 mi.",Gasoline,225.0HP 1.8L 4 Cylinder Engine Gasoline Fuel,6-Speed M/T,Gray,Black,At least 1 accident or damage reported,Yes,9995.0,101555
Chevrolet,Tahoe LT,2022,"2,894 mi.",Gasoline,355.0HP 5.3L 8 Cylinder Engine Gasoline Fuel,10-Speed A/T,Blue,Beige,None reported,Yes,63900.0,101556
BMW,335 i,2011,"91,500 mi.",Gasoline,300.0HP 3.0L Straight 6 Cylinder Engine Gasoline Fuel,6-Speed A/T,Blue,Beige,At least 1 accident or damage reported,Yes,13599.0,101557
Jeep,Wrangler Sahara,1998,"136,500 mi.",Gasoline,181.0HP 4.0L Straight 6 Cylinder Engine Gasoline Fuel,5-Speed M/T,Black,Black,None reported,Yes,6999.0,101558
Jeep,Gladiator Overland,2021,"4,100 mi.",Gasoline,285.0HP 3.6L V6 Cylinder Engine Gasoline Fuel,A/T,Black,Black,None reported,Yes,55000.0,101559
Toyota,RAV4 TRD Off Road,2020,"46,500 mi.",Gasoline,203.0HP 2.5L 4 Cylinder Engine Gasoline Fuel,8-Speed A/T,White,Black,None reported,Yes,35200.0,101560
Chevrolet,Corvette Stingray w/2LT,2022,"3,158 mi.",Gasoline,490.0HP 6.2L 8 Cylinder Engine Gasoline Fuel,8-Speed A/T,Red,Red,None reported,Yes,85989.0,101561
Porsche,Macan S,2019,"36,700 mi.",Gasoline,348.0HP 3.0L V6 Cylinder Engine Gasoline Fuel,7-Speed A/T,Blue,Blue,At least 1 accident or damage reported,Yes,48990.0,101562
Mercedes-Benz,AMG E 63 S 4MATIC,2019,"40,000 mi.",Gasoline,603.0HP 4.0L 8 Cylinder Engine Gasoline Fuel,Transmission w/Dual Shift Mode,Black,Black,At least 1 accident or damage reported,Yes,72000.0,101563
Ford,F-150 Lariat,2020,"31,250 mi.",Gasoline,325.0HP 2.7L V6 Cylinder Engine Gasoline Fuel,A/T,Blue,Gray,None reported,Yes,42500.0,101564
Ford,Transit-350 Base,2019,"94,650 mi.",Gasoline,275.0HP 3.7L V6 Cylinder Engine Gasoline Fuel,6-Speed A/T,White,–,None reported,Yes,37000.0,101565
Acura,RDX,2016,"132,252 mi.",Gasoline,3.5 Liter,Automatic,Crystal Black,Black,None reported,,18998.0,101566
Cadillac,CTS Luxury,2012,"62,500 mi.",Gasoline,270.0HP 3.0L V6 Cylinder Engine Gasoline Fuel,6-Speed A/T,Red,Beige,At least 1 accident or damage reported,Yes,18955.0,101567
Mercedes-Benz,SLK-Class SLK230 Kompressor,2003,"33,272 mi.",Gasoline,192.0HP 2.3L 4 Cylinder Engine Gasoline Fuel,A/T,Red,Gray,At least 1 accident or damage reported,Yes,11900.0,101568
Volkswagen,Eos 2.0T,2007,"59,700 mi.",Gasoline,200.0HP 2.0L 4 Cylinder Engine Gasoline Fuel,6-Speed A/T,Blue,White,None reported,Yes,10000.0,101569
Lexus,GX 470 Base,2005,"198,000 mi.",Gasoline,270.0HP 4.7L 8 Cylinder Engine Gasoline Fuel,5-Speed A/T,Gray,Gray,At least 1 accident or damage reported,Yes,15500.0,101570
Jeep,Grand Wagoneer Series III,2022,"31,112 mi.",Gasoline,471.0HP 6.4L 8 Cylinder Engine Gasoline Fuel,8-Speed A/T,Black,Black,None reported,Yes,83000.0,101571
Lexus,NX 300 Base,2021,"6,449 mi.",Gasoline,2.0L I4 16V PDI DOHC Turbo,6-Speed Automatic,Silver,Black,At least 1 accident or damage reported,,35999.0,101572
Lexus,LX 570 Base,2013,"134,000 mi.",Gasoline,383.0HP 5.7L 8 Cylinder Engine Gasoline Fuel,A/T,Gray,Black,At least 1 accident or damage reported,Yes,29995.0,101573
Toyota,4Runner SR5 Premium,2023,"1,400 mi.",Gasoline,270.0HP 4.0L V6 Cylinder Engine Gasoline Fuel,A/T,White,Black,None reported,Yes,46500.0,101574
Nissan,NV Passenger NV3500 HD SL V8,2017,"46,496 mi.",Gasoline,375.0HP 5.6L 8 Cylinder Engine Gasoline Fuel,A/T,Black,Gray,None reported,Yes,41000.0,101575
Audi,S5 3.0T Prestige,2022,"14,739 mi.",Gasoline,3.0L,1-Speed Automatic,Daytona Gray Pearl Effect,Black,None reported,,61900.0,101576
BMW,840 Gran Coupe i xDrive,2020,"25,793 mi.",Gasoline,3.0L I6 24V GDI DOHC Turbo,8-Speed Automatic,Black Sapphire Metallic,Black,None reported,,52999.0,101577
Ford,Fusion SE,2016,"68,000 mi.",Gasoline,175.0HP 2.5L 4 Cylinder Engine Gasoline Fuel,A/T,Black,Black,None reported,Yes,12500.0,101578
BMW,530 i xDrive,2020,"23,195 mi.",Gasoline,2.0L I4 16V GDI DOHC Turbo,8-Speed Automatic,Dark Graphite Metallic,Black,None reported,,38900.0,101579
BMW,M3 Base,2009,"112,000 mi.",Gasoline,420.0HP 4.0L 8 Cylinder Engine Gasoline Fuel,Transmission w/Dual Shift Mode,Gray,Black,At least 1 accident or damage reported,Yes,28000.0,101580
Porsche,Cayenne Turbo GT,2022,"1,766 mi.",Gasoline,4.0L,Automatic,Custom Color,Black,None reported,,209995.0,101581
BMW,X5 xDrive40i,2021,"41,000 mi.",Hybrid,335.0HP 3.0L Straight 6 Cylinder Engine Gasoline/Mild Electric Hybrid,8-Speed A/T,White,Black,None reported,Yes,50000.0,101582
INFINITI,Q50 3.0t Signature Edition,2017,"67,000 mi.",Gasoline,300.0HP 3.0L V6 Cylinder Engine Gasoline Fuel,Transmission w/Dual Shift Mode,Black,Black,None reported,Yes,23000.0,101583
BMW,535 i xDrive,2013,"46,150 mi.",Gasoline,306.0HP 3.0L Straight 6 Cylinder Engine Gasoline Fuel,Transmission w/Dual Shift Mode,Silver,Black,At least 1 accident or damage reported,Yes,17000.0,101584
Hyundai,Santa Fe SEL,2021,"25,000 mi.",Gasoline,191.0HP 2.5L 4 Cylinder Engine Gasoline Fuel,8-Speed A/T,Black,Gray,None reported,Yes,28500.0,101585
Audi,Q3 45 S line Premium,2022,"9,325 mi.",Gasoline,2.0L I4 16V GDI DOHC Turbo,8-Speed Automatic,Mythos Black Metallic,Black,None reported,,33610.0,101586
Chrysler,Pacifica Touring,2017,"63,000 mi.",–,–,9-Speed A/T,White,Beige,None reported,Yes,20000.0,101587
Nissan,Murano SL,2010,"138,700 mi.",Gasoline,265.0HP 3.5L V6 Cylinder Engine Gasoline Fuel,CVT Transmission,Gray,Black,At least 1 accident or damage reported,Yes,7000.0,101588
BMW,X5 xDrive40i,2020,"5,541 mi.",Gasoline,3.0 Liter Turbo,Automatic,White,Black,None reported,,56598.0,101589
Dodge,Charger R/T,2006,"91,300 mi.",Gasoline,350.0HP 5.7L 8 Cylinder Engine Gasoline Fuel,5-Speed A/T,Yellow,–,None reported,Yes,9200.0,101590
Mercedes-Benz,E-Class E 350,2012,"95,816 mi.",Gasoline,302.0HP 3.5L V6 Cylinder Engine Gasoline Fuel,7-Speed A/T,White,Beige,None reported,Yes,12000.0,101591
Lincoln,Navigator Base,2013,"134,000 mi.",E85 Flex Fuel,310.0HP 5.4L 8 Cylinder Engine Flex Fuel Capability,6-Speed A/T,Red,Black,None reported,Yes,21500.0,101592
Mercedes-Benz,S-Class S 63 AMG,2013,"77,648 mi.",Gasoline,536.0HP 5.5L 8 Cylinder Engine Gasoline Fuel,7-Speed A/T,Silver,Black,None reported,Yes,40000.0,101593
Kia,EV6 GT-Line,2022,"22,000 mi.",,320.0HP Electric Motor Electric Fuel System,1-Speed A/T,Gray,Black,None reported,Yes,45000.0,101594
Lexus,LX 470 Base,1999,"82,000 mi.",Gasoline,230.0HP 4.7L 8 Cylinder Engine Gasoline Fuel,A/T,White,Beige,None reported,Yes,25000.0,101595
Dodge,Challenger SRT8 392,2012,"33,700 mi.",–,–,6-Speed M/T,Black,Black,None reported,Yes,33500.0,101596
INFINITI,QX60 Base,2016,"91,239 mi.",Gasoline,265.0HP 3.5L V6 Cylinder Engine Gasoline Fuel,A/T,Gray,Black,None reported,Yes,17500.0,101597
Chevrolet,Camaro 2LT,2017,"24,000 mi.",Gasoline,335.0HP 3.6L V6 Cylinder Engine Gasoline Fuel,6-Speed M/T,Yellow,Black,None reported,Yes,32000.0,101598
Mercedes-Benz,S-Class S 580 4MATIC,2021,"4,700 mi.",Hybrid,496.0HP 4.0L 8 Cylinder Engine Gasoline/Mild Electric Hybrid,9-Speed A/T,Black,Black,None reported,Yes,99900.0,101599
Mercedes-Benz,E-Class E 300 4MATIC,2017,"31,000 mi.",Gasoline,241.0HP 2.0L 4 Cylinder Engine Gasoline Fuel,A/T,Blue,White,At least 1 accident or damage reported,Yes,38000.0,101600
Nissan,Titan XD SV,2017,"80,000 mi.",Gasoline,390.0HP 5.6L 8 Cylinder Engine Gasoline Fuel,7-Speed A/T,Silver,Black,None reported,Yes,23800.0,101601
Porsche,911 Carrera C4S,2006,"65,000 mi.",Gasoline,355.0HP 3.8L Flat 6 Cylinder Engine Gasoline Fuel,6-Speed M/T,Blue,Gray,,,43000.0,101602
Ford,Utility Police Interceptor Base,2013,"51,000 mi.",E85 Flex Fuel,300.0HP 3.7L V6 Cylinder Engine Flex Fuel Capability,6-Speed A/T,Black,Black,At least 1 accident or damage reported,Yes,10300.0,101603
Hyundai,Sonata SE,2018,"57,690 mi.",Gasoline,185.0HP 2.4L 4 Cylinder Engine Gasoline Fuel,A/T,Gray,Gray,At least 1 accident or damage reported,Yes,15900.0,101604
Porsche,911 Carrera,2023,"1,500 mi.",Gasoline,379.0HP 3.0L Flat 6 Cylinder Engine Gasoline Fuel,A/T,Silver,Black,None reported,Yes,149000.0,101605
Mercedes-Benz,S-Class S 63 AMG,2008,"93,000 mi.",Gasoline,518.0HP 6.2L 8 Cylinder Engine Gasoline Fuel,A/T,Black,Black,None reported,Yes,17800.0,101606
Chevrolet,Cruze LS,2018,"100,000 mi.",Gasoline,153.0HP 1.4L 4 Cylinder Engine Gasoline Fuel,A/T,White,Black,At least 1 accident or damage reported,Yes,8500.0,101607
RAM,1500 Classic SLT,2021,"32,092 mi.",Gasoline,3.6L V6 24V MPFI DOHC,8-Speed Automatic,Patriot Blue Pearlcoat,Black,None reported,Yes,35113.0,101608
BMW,X5 3.0si,2007,"99,700 mi.",Gasoline,260.0HP 3.0L Straight 6 Cylinder Engine Gasoline Fuel,6-Speed A/T,Black,Black,None reported,Yes,8500.0,101609
Porsche,911 Carrera,2010,"61,600 mi.",Gasoline,345.0HP 3.6L Flat 6 Cylinder Engine Gasoline Fuel,7-Speed A/T,Black,Black,None reported,Yes,51750.0,101610
Jeep,Grand Cherokee Limited,2015,"157,000 mi.",E85 Flex Fuel,290.0HP 3.6L V6 Cylinder Engine Flex Fuel Capability,A/T,White,Black,None reported,Yes,17000.0,101611
Ford,Mustang GT Premium,2013,"18,000 mi.",Gasoline,412.0HP 5.0L 8 Cylinder Engine Gasoline Fuel,6-Speed A/T,Silver,Black,None reported,Yes,29000.0,101612
GMC,Yukon Denali,2018,"76,000 mi.",Gasoline,420.0HP 6.2L 8 Cylinder Engine Gasoline Fuel,A/T,Black,Black,None reported,Yes,44500.0,101613
Volvo,XC90 Hybrid T8 Inscription,2020,"44,487 mi.",Plug-In Hybrid,400.0HP 2.0L 4 Cylinder Engine Plug-In Electric/Gas,8-Speed A/T,Blue,Brown,None reported,Yes,65000.0,101614
Audi,S4 3.0T Premium,2019,"12,000 mi.",Gasoline,349.0HP 3.0L V6 Cylinder Engine Gasoline Fuel,A/T,Black,Black,None reported,Yes,48000.0,101615
BMW,328 i,1997,"206,000 mi.",Gasoline,190.0HP 2.8L Straight 6 Cylinder Engine Gasoline Fuel,5-Speed M/T,Red,Black,At least 1 accident or damage reported,Yes,15900.0,101616
McLaren,570S Base,2017,"30,200 mi.",Gasoline,562.0HP 3.8L 8 Cylinder Engine Gasoline Fuel,Transmission w/Dual Shift Mode,Orange,Black,None reported,Yes,139000.0,101617
Lincoln,Navigator Base,2009,"191,775 mi.",E85 Flex Fuel,310.0HP 5.4L 8 Cylinder Engine Flex Fuel Capability,6-Speed A/T,White,Beige,At least 1 accident or damage reported,Yes,9750.0,101618
Chevrolet,Corvette Stingray w/3LT,2020,"5,194 mi.",Gasoline,6.2L V8 16V GDI OHV,8-Speed Automatic with Auto-Shift,Arctic White,Tension,None reported,,87500.0,101619
Ford,F-150 Lariat,2020,"26,540 mi.",Gasoline,375.0HP 3.5L V6 Cylinder Engine Gasoline Fuel,A/T,White,Black,None reported,Yes,46995.0,101620
BMW,X5 xDrive50i,2013,"58,000 mi.",Gasoline,400.0HP 4.4L 8 Cylinder Engine Gasoline Fuel,8-Speed A/T,White,Black,None reported,Yes,17900.0,101621
Volvo,XC60 3.2,2012,"102,000 mi.",Gasoline,240.0HP 3.2L Straight 6 Cylinder Engine Gasoline Fuel,6-Speed A/T,Blue,Beige,None reported,Yes,10800.0,101622
Lexus,GX 460 Premium,2023,"2,533 mi.",Gasoline,301.0HP 4.6L 8 Cylinder Engine Gasoline Fuel,A/T,Black,Black,None reported,Yes,64900.0,101623
Chevrolet,Silverado 1500 LT,2017,"58,816 mi.",Gasoline,5.3L V8 16V GDI OHV,6-Speed Electronically Controlled Automatic with O,Black,Jet Black,None reported,,36590.0,101624
Audi,A6 55 Prestige,2021,"22,800 mi.",Hybrid,335.0HP 3.0L V6 Cylinder Engine Gasoline/Mild Electric Hybrid,A/T,Blue,Brown,None reported,Yes,52000.0,101625
Subaru,Forester Base,2020,"32,744 mi.",Gasoline,182.0HP 2.5L 4 Cylinder Engine Gasoline Fuel,CVT Transmission,Black,Gray,None reported,Yes,24000.0,101626
Jaguar,XF Luxury,2009,"91,491 mi.",Gasoline,300.0HP 4.2L 8 Cylinder Engine Gasoline Fuel,6-Speed A/T,Blue,Beige,None reported,Yes,7000.0,101627
Toyota,FJ Cruiser Base,2007,"162,000 mi.",Gasoline,239.0HP 4.0L V6 Cylinder Engine Gasoline Fuel,5-Speed A/T,Black,Black,None reported,Yes,23977.0,101628
Toyota,FJ Cruiser Base,2014,"86,000 mi.",Gasoline,260.0HP 4.0L V6 Cylinder Engine Gasoline Fuel,5-Speed A/T,Blue,Black,None reported,Yes,41500.0,101629
Jaguar,F-TYPE R,2016,"11,684 mi.",Gasoline,550.0HP 5.0L 8 Cylinder Engine Gasoline Fuel,8-Speed A/T,Black,Black,None reported,Yes,54900.0,101630
Lamborghini,Huracan LP580-2,2017,"14,586 mi.",Gasoline,"5.2L V-10 gasoline direct injection, DOHC, variable valve contro",Automatic,Blue Caelum,Nero Ade,None reported,,209991.0,101631
BMW,330 i,2017,"83,298 mi.",Gasoline,248.0HP 2.0L 4 Cylinder Engine Gasoline Fuel,A/T,Black,Black,None reported,Yes,18300.0,101632
Nissan,Murano SL,2005,"125,500 mi.",Gasoline,245.0HP 3.5L V6 Cylinder Engine Gasoline Fuel,CVT Transmission,Black,Beige,None reported,Yes,3950.0,101633
Mazda,CX-5 Grand Touring,2021,"61,117 mi.",Gasoline,2.5L I4 16V GDI DOHC,6-Speed Automatic,Sonic Silver Metallic,Black,None reported,Yes,26485.0,101634
Toyota,Sequoia Limited,2023,"8,200 mi.",Hybrid,437.0HP 3.4L V6 Cylinder Engine Gas/Electric Hybrid,10-Speed A/T,Brown,Black,None reported,Yes,78900.0,101635
Land,Rover Range Rover Sport SE MHEV,2021,"15,000 mi.",Hybrid,355.0HP 3.0L Straight 6 Cylinder Engine Gasoline/Mild Electric Hybrid,A/T,Black,Black,None reported,Yes,69000.0,101636
RAM,1500 Big Horn,2021,"35,003 mi.",Gasoline,5.7L V8 16V MPFI OHV,8-Speed Automatic,Bright White Clearcoat,Diesel Gray / Black,None reported,Yes,40999.0,101637
Cadillac,Escalade ESV Platinum,2017,"93,971 mi.",Gasoline,420.0HP 6.2L 8 Cylinder Engine Gasoline Fuel,A/T,White,Beige,None reported,Yes,47000.0,101638
Kia,Niro EX,2023,"7,578 mi.",Hybrid,1.6L I4 16V GDI DOHC Hybrid,Automatic,Snow White Pearl,Charcoal,None reported,,31113.0,101639
Lexus,RX 300 Base,2002,"121,000 mi.",Gasoline,220.0HP 3.0L V6 Cylinder Engine Gasoline Fuel,A/T,Silver,Black,None reported,Yes,6348.0,101640
Lexus,LC 500 Base,2021,"22,400 mi.",Gasoline,471.0HP 5.0L 8 Cylinder Engine Gasoline Fuel,A/T,White,Red,None reported,Yes,81900.0,101641
Porsche,911 Carrera S,2013,"52,044 mi.",Gasoline,400.0HP 3.8L Flat 6 Cylinder Engine Gasoline Fuel,7-Speed M/T,White,Gray,None reported,Yes,76500.0,101642
Hyundai,Sonata SE,2013,"43,903 mi.",Gasoline,200.0HP 2.4L 4 Cylinder Engine Gasoline Fuel,A/T,Red,Black,At least 1 accident or damage reported,Yes,12500.0,101643
Toyota,Highlander Limited,2020,"53,550 mi.",Gasoline,3.5L V6 24V PDI DOHC,8-Speed Automatic,Blue,Gray,None reported,Yes,39687.0,101644
Ford,Taurus SHO,2011,"160,000 mi.",Gasoline,365.0HP 3.5L V6 Cylinder Engine Gasoline Fuel,A/T,Black,Black,None reported,Yes,4700.0,101645
Ford,Excursion Limited,2001,"333,361 mi.",Diesel,250.0HP 7.3L 8 Cylinder Engine Diesel Fuel,A/T,Black,Beige,At least 1 accident or damage reported,Yes,17000.0,101646
Audi,TTS 2.0T Premium Plus,2011,"69,700 mi.",Gasoline,265.0HP 2.0L 4 Cylinder Engine Gasoline Fuel,6-Speed A/T,Orange,–,At least 1 accident or damage reported,Yes,23000.0,101647
Mercedes-Benz,E-Class E 550,2014,"43,690 mi.",Gasoline,402.0HP 4.7L 8 Cylinder Engine Gasoline Fuel,A/T,Black,Black,None reported,Yes,23500.0,101648
Porsche,911 Carrera,2020,"16,741 mi.",Gasoline,379.0HP 3.0L Flat 6 Cylinder Engine Gasoline Fuel,A/T,Green,Black,None reported,Yes,112500.0,101649
Hyundai,Accent GLS,2014,"127,941 mi.",Gasoline,138.0HP 1.6L 4 Cylinder Engine Gasoline Fuel,A/T,Silver,Gray,None reported,Yes,7500.0,101650
Honda,Clarity Plug-In Hybrid Base,2018,"71,000 mi.",Plug-In Hybrid,212.0HP 1.5L 4 Cylinder Engine Plug-In Electric/Gas,A/T,Red,Beige,At least 1 accident or damage reported,Yes,17500.0,101651
Chevrolet,Camaro Z28,1999,"58,800 mi.",Gasoline,305.0HP 5.7L 8 Cylinder Engine Gasoline Fuel,A/T,White,White,None reported,Yes,15000.0,101652
Kia,Optima LX,2011,"100,331 mi.",Gasoline,200.0HP 2.4L 4 Cylinder Engine Gasoline Fuel,A/T,Red,–,At least 1 accident or damage reported,Yes,6900.0,101653
GMC,Sierra 1500 AT4,2022,100 mi.,Diesel,277.0HP 3.0L Straight 6 Cylinder Engine Diesel Fuel,10-Speed A/T,White,Black,None reported,Yes,62499.0,101654
Mercedes-Benz,E-Class E 400,2018,"28,690 mi.",Gasoline,329.0HP 3.0L V6 Cylinder Engine Gasoline Fuel,A/T,White,Beige,None reported,Yes,38880.0,101655
GMC,Sierra 1500 SLT,2021,"12,941 mi.",Gasoline,355.0HP 5.3L 8 Cylinder Engine Gasoline Fuel,A/T,White,Black,At least 1 accident or damage reported,Yes,51500.0,101656
MINI,Cooper Base,2009,"90,367 mi.",Gasoline,118.0HP 1.6L 4 Cylinder Engine Gasoline Fuel,6-Speed M/T,Red,Black,None reported,Yes,9250.0,101657
BMW,M3 Base,2017,"44,000 mi.",Gasoline,425.0HP 3.0L Straight 6 Cylinder Engine Gasoline Fuel,7-Speed A/T,Blue,Black,None reported,Yes,55000.0,101658
Mercedes-Benz,SL-Class SL600 Roadster,2005,"93,000 mi.",Gasoline,493.0HP 5.5L 12 Cylinder Engine Gasoline Fuel,A/T,Black,Black,None reported,Yes,22500.0,101659
Mercedes-Benz,CLA-Class CLA 250,2014,"76,170 mi.",Gasoline,208.0HP 2.0L 4 Cylinder Engine Gasoline Fuel,Transmission w/Dual Shift Mode,Gray,Black,At least 1 accident or damage reported,Yes,16500.0,101660
BMW,X3 M40i,2019,"36,438 mi.",Gasoline,3.0 Liter Turbo,Automatic,Alpine White,Oyster W/Contrast,None reported,,39998.0,101661
Maserati,Coupe Cambiocorsa,2006,"54,082 mi.",Gasoline,390.0HP 4.2L 8 Cylinder Engine Gasoline Fuel,Transmission w/Dual Shift Mode,Blue,Beige,None reported,Yes,17000.0,101662
Dodge,Challenger SXT,2013,"61,074 mi.",Gasoline,305.0HP 3.6L V6 Cylinder Engine Gasoline Fuel,A/T,Black,Gray,None reported,Yes,16800.0,101663
Lexus,NX 350 F SPORT Handling,2023,820 mi.,Gasoline,2.4 Liter,8-SPEED AT,Black,Black,None reported,,51998.0,101664
Lexus,ES 350 Base,2007,"78,980 mi.",Gasoline,272.0HP 3.5L V6 Cylinder Engine Gasoline Fuel,6-Speed A/T,Silver,Beige,At least 1 accident or damage reported,Yes,10600.0,101665
Nissan,GT-R Premium,2017,"37,800 mi.",Gasoline,565.0HP 3.8L V6 Cylinder Engine Gasoline Fuel,Transmission w/Dual Shift Mode,Orange,Orange,None reported,Yes,149500.0,101666
BMW,M440 i xDrive,2021,"24,300 mi.",Hybrid,382.0HP 3.0L Straight 6 Cylinder Engine Gasoline/Mild Electric Hybrid,8-Speed A/T,Gray,Beige,None reported,Yes,49999.0,101667
Dodge,Magnum Base,2006,"133,255 mi.",Gasoline,250.0HP 3.5L V6 Cylinder Engine Gasoline Fuel,A/T,Silver,Gray,None reported,Yes,4000.0,101668
Ford,Explorer Sport Trac XLT,2007,"228,000 mi.",Gasoline,292.0HP 4.6L 8 Cylinder Engine Gasoline Fuel,A/T,Red,Beige,At least 1 accident or damage reported,Yes,3850.0,101669
Ford,Mustang GT Premium,2019,"35,500 mi.",Gasoline,460.0HP 5.0L 8 Cylinder Engine Gasoline Fuel,10-Speed A/T,White,Black,None reported,Yes,32300.0,101670
Nissan,GT-R Premium,2010,"15,600 mi.",Gasoline,485.0HP 3.8L V6 Cylinder Engine Gasoline Fuel,Transmission w/Dual Shift Mode,White,Black,None reported,Yes,69500.0,101671
Land,Rover Range Rover Sport HSE,2011,"105,000 mi.",Gasoline,375.0HP 5.0L 8 Cylinder Engine Gasoline Fuel,A/T,Black,Black,None reported,Yes,10000.0,101672
Bentley,Bentayga Activity Edition,2018,"41,000 mi.",Gasoline,600.0HP 6.0L 12 Cylinder Engine Gasoline Fuel,8-Speed A/T,Gray,Gray,None reported,Yes,113000.0,101673
Jeep,Compass Sport,2016,"99,000 mi.",Gasoline,172.0HP 2.4L 4 Cylinder Engine Gasoline Fuel,6-Speed A/T,White,Gray,At least 1 accident or damage reported,Yes,5000.0,101674
Porsche,718 Cayman GT4,2020,"13,554 mi.",Gasoline,414.0HP 4.0L Flat 6 Cylinder Engine Gasoline Fuel,6-Speed M/T,Blue,Black,None reported,Yes,124995.0,101675
Hyundai,Equus Signature,2011,"143,898 mi.",Gasoline,378.0HP 4.6L 8 Cylinder Engine Gasoline Fuel,6-Speed A/T,Gray,Brown,None reported,Yes,9950.0,101676
RAM,ProMaster 3500 High Roof,2021,"147,834 mi.",Gasoline,3.6L V6 24V MPFI DOHC,6-Speed Automatic,Bright White Clearcoat,Black,None reported,Yes,32662.0,101677
Buick,Enclave Leather,2017,"83,280 mi.",Gasoline,3.6L V6 24V GDI DOHC,6-Speed Automatic,Quicksilver Metallic,Ebony,None reported,,20599.0,101678
Mercedes-Benz,AMG C AMG C 63 S,2016,"40,515 mi.",Gasoline,4.0L V8 32V GDI DOHC Twin Turbo,7-Speed Automatic,Black,Black,At least 1 accident or damage reported,,47999.0,101679
RAM,3500 SLT,2017,"157,272 mi.",Diesel,350.0HP 6.7L Straight 6 Cylinder Engine Diesel Fuel,6-Speed A/T,White,Gray,At least 1 accident or damage reported,Yes,32999.0,101680
Mercedes-Benz,SL-Class SL 550,2013,"130,000 mi.",Gasoline,429.0HP 4.6L 8 Cylinder Engine Gasoline Fuel,A/T,Gray,Beige,At least 1 accident or damage reported,Yes,26900.0,101681
Mercedes-Benz,AMG GLC 63 Base 4MATIC,2018,"71,962 mi.",Gasoline,469.0HP 4.0L 8 Cylinder Engine Gasoline Fuel,9-Speed A/T,White,Black,None reported,Yes,46900.0,101682
Land,Rover Range Rover Sport HSE,2012,"110,000 mi.",Gasoline,375.0HP 5.0L 8 Cylinder Engine Gasoline Fuel,A/T,Silver,Black,None reported,Yes,10200.0,101683
Porsche,Cayenne E-Hybrid S Platinum Edition,2017,"69,404 mi.",Plug-In Hybrid,416.0HP 3.0L V6 Cylinder Engine Plug-In Electric/Gas,8-Speed A/T,Black,Beige,At least 1 accident or damage reported,Yes,29500.0,101684
BMW,750 i xDrive,2019,"28,744 mi.",Gasoline,4.4 Liter DOHC Twin Turbo,Automatic,Black,Black,None reported,,50998.0,101685
Ferrari,812 Superfast Base,2020,"1,575 mi.",Gasoline,788.0HP 6.5L 12 Cylinder Engine Gasoline Fuel,Transmission w/Dual Shift Mode,Red,Black,None reported,Yes,469900.0,101686
Mercedes-Benz,Maybach S S 600,2016,"108,500 mi.",Gasoline,523.0HP 6.0L 12 Cylinder Engine Gasoline Fuel,7-Speed A/T,White,Beige,None reported,Yes,63500.0,101687
INFINITI,G37 S Sport,2010,"116,451 mi.",Gasoline,328.0HP 3.7L V6 Cylinder Engine Gasoline Fuel,6-Speed M/T,White,Gray,None reported,Yes,16500.0,101688
Chevrolet,Suburban RST,2021,"52,000 mi.",Gasoline,355.0HP 5.3L 8 Cylinder Engine Gasoline Fuel,10-Speed A/T,Blue,Black,None reported,Yes,61000.0,101689
Ford,F-150 Heritage XL SuperCab Flareside,2004,"60,260 mi.",Gasoline,380.0HP 5.4L 8 Cylinder Engine Gasoline Fuel,4-Speed A/T,Blue,Gray,At least 1 accident or damage reported,Yes,30500.0,101690
Porsche,911 GT3 RS,2019,"15,509 mi.",Gasoline,4.0L H6 24V GDI DOHC,7-Speed Automatic with Auto-Shift,Lizard Green,Black,None reported,,229900.0,101691
Porsche,Cayman Base,2011,"66,000 mi.",Gasoline,265.0HP 2.9L Flat 6 Cylinder Engine Gasoline Fuel,A/T,Black,Brown,,,28000.0,101692
BMW,X6 sDrive35i,2016,"70,582 mi.",Gasoline,300.0HP 3.0L Straight 6 Cylinder Engine Gasoline Fuel,8-Speed A/T,Black,White,At least 1 accident or damage reported,Yes,35000.0,101693
Volkswagen,Beetle 1.8T,2016,"30,000 mi.",Gasoline,170.0HP 1.8L 4 Cylinder Engine Gasoline Fuel,Transmission w/Dual Shift Mode,Blue,Beige,At least 1 accident or damage reported,Yes,19000.0,101694
Toyota,4Runner Limited,2014,"65,000 mi.",Gasoline,270.0HP 4.0L V6 Cylinder Engine Gasoline Fuel,A/T,Gray,Red,None reported,Yes,27999.0,101695
GMC,Yukon XL SLT,2017,"47,589 mi.",Gasoline,355.0HP 5.3L 8 Cylinder Engine Gasoline Fuel,A/T,Black,Black,None reported,Yes,45500.0,101696
Jaguar,XE 20d Prestige,2018,"34,322 mi.",Diesel,2.0 Liter,Automatic,Blue,Beige,None reported,,29998.0,101697
Lexus,RX 450h Base,2012,"239,000 mi.",Hybrid,295.0HP 3.5L V6 Cylinder Engine Gas/Electric Hybrid,A/T,Black,Black,None reported,Yes,7000.0,101698
Mercedes-Benz,SL-Class SL500 Roadster,2004,"46,000 mi.",Gasoline,302.0HP 5.0L 8 Cylinder Engine Gasoline Fuel,A/T,White,Gray,None reported,Yes,18853.0,101699
Honda,Civic LX,2003,"160,265 mi.",Gasoline,115.0HP 1.7L 4 Cylinder Engine Gasoline Fuel,A/T,White,Gray,At least 1 accident or damage reported,Yes,3000.0,101700
Porsche,Taycan Base,2022,"9,728 mi.",,375.0HP Electric Motor Electric Fuel System,A/T,White,Beige,None reported,Yes,89000.0,101701
Acura,TLX V6 Tech,2015,"38,000 mi.",Gasoline,290.0HP 3.5L V6 Cylinder Engine Gasoline Fuel,9-Speed A/T,White,Black,None reported,Yes,21900.0,101702
Jeep,Wagoneer Series II 4x4,2022,"29,800 mi.",Gasoline,"HEMI 5.7L V-8 variable valve control, regular unleaded, engine w","Automatic, 8-Spd",–,–,None reported,,58900.0,101703
Ford,F-150 Lariat,2017,"74,349 mi.",Gasoline,375.0HP 3.5L V6 Cylinder Engine Gasoline Fuel,10-Speed A/T,White,–,None reported,Yes,36000.0,101704
Porsche,911 GT3,2018,"5,989 mi.",Gasoline,"4L H-6 gasoline direct injection, DOHC, VarioCam Plus variable v","Manual, 6-Spd",GT SILVER,BLACK,None reported,,209000.0,101705
BMW,X7 xDrive40i,2022,"8,000 mi.",Hybrid,335.0HP 3.0L Straight 6 Cylinder Engine Gasoline/Mild Electric Hybrid,A/T,Blue,Brown,None reported,Yes,85000.0,101706
Mercedes-Benz,AMG G 63 Base,2017,"73,000 mi.",Gasoline,563.0HP 5.5L 8 Cylinder Engine Gasoline Fuel,7-Speed A/T,White,Black,At least 1 accident or damage reported,Yes,78000.0,101707
BMW,M5 Competition,2020,"35,400 mi.",Gasoline,617.0HP 4.4L 8 Cylinder Engine Gasoline Fuel,8-Speed A/T,Orange,Black,None reported,Yes,71950.0,101708
Mercedes-Benz,SL-Class SL600 Roadster,2007,"78,200 mi.",Gasoline,510.0HP 5.5L 12 Cylinder Engine Gasoline Fuel,5-Speed A/T,Black,Brown,At least 1 accident or damage reported,Yes,22999.0,101709
Tesla,Model X 75D,2017,"70,579 mi.",,518.0HP Electric Motor Electric Fuel System,A/T,Black,White,None reported,Yes,42250.0,101710
Porsche,Boxster Base,2010,"64,800 mi.",Gasoline,255.0HP 2.9L Flat 6 Cylinder Engine Gasoline Fuel,6-Speed M/T,Gray,Gray,At least 1 accident or damage reported,Yes,20900.0,101711
GMC,Terrain SLE,2020,"26,470 mi.",Gasoline,1.5L I4 16V GDI DOHC Turbo,9-Speed Automatic,Summit White,Jet Black,None reported,Yes,29900.0,101712
Subaru,Ascent Touring 7-Passenger,2020,"40,971 mi.",Gasoline,260.0HP 2.4L 4 Cylinder Engine Gasoline Fuel,Transmission w/Dual Shift Mode,Blue,Brown,None reported,Yes,32500.0,101713
Mercedes-Benz,Metris Base,2018,"32,000 mi.",Gasoline,208.0HP 2.0L 4 Cylinder Engine Gasoline Fuel,Transmission w/Dual Shift Mode,Black,Black,None reported,Yes,44900.0,101714
Jeep,Liberty Renegade,2004,"144,770 mi.",Gasoline,210.0HP 3.7L V6 Cylinder Engine Gasoline Fuel,4-Speed A/T,Beige,Beige,At least 1 accident or damage reported,Yes,6500.0,101715
Acura,MDX 3.5L w/Technology Package,2019,"90,605 mi.",Gasoline,3.5 Liter,Automatic,White,Parchment,None reported,,27698.0,101716
BMW,328 i xDrive,2010,"132,000 mi.",Gasoline,230.0HP 3.0L Straight 6 Cylinder Engine Gasoline Fuel,Transmission w/Dual Shift Mode,Silver,Black,At least 1 accident or damage reported,Yes,8500.0,101717
Chevrolet,Suburban LT,2016,"98,000 mi.",E85 Flex Fuel,355.0HP 5.3L 8 Cylinder Engine Flex Fuel Capability,Transmission Overdrive Switch,Gray,Gray,At least 1 accident or damage reported,Yes,30000.0,101718
Lexus,LX 570 Three-Row,2018,"39,300 mi.",Gasoline,383.0HP 5.7L 8 Cylinder Engine Gasoline Fuel,Transmission w/Dual Shift Mode,Black,Black,None reported,Yes,69500.0,101719
Rivian,R1S Launch Edition,2023,299 mi.,,835.0HP Electric Motor Electric Fuel System,1-Speed A/T,Blue,Gray,None reported,Yes,92500.0,101720
Lexus,RX 300 4WD,1999,"249,083 mi.",Gasoline,220.0HP 3.0L V6 Cylinder Engine Gasoline Fuel,A/T,Red,Beige,At least 1 accident or damage reported,Yes,3500.0,101721
Ford,Focus RS Base,2016,"49,700 mi.",Gasoline,350.0HP 2.3L 4 Cylinder Engine Gasoline Fuel,6-Speed M/T,Blue,Black,None reported,Yes,31700.0,101722
Kia,Sorento SXL,2017,"108,559 mi.",Gasoline,3.3L V6 24V GDI DOHC,6-Speed Automatic,Titanium Silver,Satin Black,None reported,,15998.0,101723
Toyota,Mirai Base,2016,"40,000 mi.",not supported,151.0HP Electric Motor Hydrogen Fuel,A/T,Silver,Black,None reported,Yes,9500.0,101724
Lincoln,MKC Reserve,2019,"35,469 mi.",Gasoline,2.3L I4 16V GDI DOHC Turbo,6-Speed Automatic,Black,–,,,30890.0,101725
Hummer,H2 Base,2003,"109,000 mi.",Gasoline,316.0HP 6.0L 8 Cylinder Engine Gasoline Fuel,A/T,Beige,Beige,None reported,Yes,17500.0,101726
McLaren,570S Spider,2018,"5,918 mi.",Gasoline,3.8L V8 32V MPFI DOHC Twin Turbo,7-Speed Automatic with Auto-Shift,Silician Yellow,Jet Black,None reported,,179900.0,101727
Rivian,R1S Launch Edition,2023,"1,885 mi.",,835.0HP Electric Motor Electric Fuel System,1-Speed A/T,Green,White,None reported,Yes,93500.0,101728
Ford,Mustang Shelby GT500,2007,"7,346 mi.",Gasoline,500.0HP 5.4L 8 Cylinder Engine Gasoline Fuel,6-Speed M/T,Red,Black,None reported,Yes,40999.0,101729
Lamborghini,Urus Pearl Capsule,2021,"3,771 mi.",Gasoline,"4L V-8 gasoline direct injection, DOHC, variable valve control,",Automatic,Grigio Nimbus,Bianco Polar,None reported,,259991.0,101730
Chevrolet,Suburban High Country,2021,"23,292 mi.",Gasoline,420.0HP 6.2L 8 Cylinder Engine Gasoline Fuel,10-Speed A/T,Brown,Black,None reported,Yes,73500.0,101731
Nissan,Versa 1.6 SL,2015,"85,768 mi.",Gasoline,109.0HP 1.6L 4 Cylinder Engine Gasoline Fuel,CVT Transmission,White,Black,At least 1 accident or damage reported,Yes,8250.0,101732
Jeep,Gladiator Willys,2022,"8,400 mi.",Gasoline,285.0HP 3.6L V6 Cylinder Engine Gasoline Fuel,8-Speed A/T,Black,Black,At least 1 accident or damage reported,Yes,47000.0,101733
BMW,528 i,2016,"82,000 mi.",Gasoline,240.0HP 2.0L 4 Cylinder Engine Gasoline Fuel,8-Speed A/T,Silver,Black,At least 1 accident or damage reported,Yes,16995.0,101734
Lexus,ES 250 Base,2021,"17,570 mi.",Gasoline,2.5 Liter,Automatic,Emin White,Black,None reported,,39998.0,101735
Land,Rover Range Rover Sport HSE,2013,"111,000 mi.",Gasoline,375.0HP 5.0L 8 Cylinder Engine Gasoline Fuel,6-Speed A/T,Black,Black,At least 1 accident or damage reported,Yes,15000.0,101736
Chevrolet,Tahoe LTZ,2007,"177,000 mi.",E85 Flex Fuel,320.0HP 5.3L 8 Cylinder Engine Flex Fuel Capability,4-Speed A/T,Gold,Beige,At least 1 accident or damage reported,Yes,10750.0,101737
Bentley,Bentayga Speed,2020,"15,109 mi.",Gasoline,6.0L W12 48V PDI DOHC Twin Turbo,8-Speed Automatic,Ice,Beluga Hide,,,162950.0,101738
Ford,Focus RS Base,2016,"14,900 mi.",Gasoline,350.0HP 2.3L 4 Cylinder Engine Gasoline Fuel,6-Speed M/T,Blue,Black,None reported,Yes,39000.0,101739
BMW,M5 Base,2013,"61,145 mi.",Gasoline,560.0HP 4.4L 8 Cylinder Engine Gasoline Fuel,7-Speed A/T,White,Beige,At least 1 accident or damage reported,Yes,37500.0,101740
Porsche,Taycan Base,2021,"13,344 mi.",,321.0HP Electric Motor Electric Fuel System,2-Speed A/T,Black,Beige,At least 1 accident or damage reported,Yes,83499.0,101741
Mazda,RX-8 Grand Touring,2008,"81,219 mi.",Gasoline,232.0HP 1.3L Rotary engine Gasoline Fuel,6-Speed M/T,Red,Black,None reported,Yes,8500.0,101742
Mercedes-Benz,C-Class C 300 4MATIC Sport,2016,"67,289 mi.",Gasoline,241.0HP 2.0L 4 Cylinder Engine Gasoline Fuel,7-Speed A/T,White,Gray,None reported,Yes,20490.0,101743
Ford,Mustang SVT Cobra,2003,"16,100 mi.",Gasoline,390.0HP 4.6L 8 Cylinder Engine Gasoline Fuel,M/T,Red,Beige,None reported,Yes,35500.0,101744
Audi,S5 3.0T Premium Plus,2014,"67,900 mi.",Gasoline,333.0HP 3.0L V6 Cylinder Engine Gasoline Fuel,6-Speed M/T,Silver,Black,,,25990.0,101745
Land,Rover Range Rover Velar SVAutobiography Dynamic Edition,2020,"36,500 mi.",Gasoline,550.0HP 5.0L 8 Cylinder Engine Gasoline Fuel,Transmission w/Dual Shift Mode,White,Red,None reported,Yes,72000.0,101746
Ford,F-250 Lariat,2019,"80,200 mi.",E85 Flex Fuel,385.0HP 6.2L 8 Cylinder Engine Flex Fuel Capability,A/T,White,Black,None reported,Yes,42500.0,101747
RAM,1500 Limited,2019,"29,000 mi.",Gasoline,395.0HP 5.7L 8 Cylinder Engine Gasoline Fuel,8-Speed A/T,Gray,Black,At least 1 accident or damage reported,Yes,49500.0,101748
BMW,X6 xDrive40i,2022,"13,000 mi.",Hybrid,335.0HP 3.0L Straight 6 Cylinder Engine Gasoline/Mild Electric Hybrid,Transmission w/Dual Shift Mode,Gray,Orange,None reported,Yes,69000.0,101749
Lamborghini,Aventador SVJ Base,2019,"6,929 mi.",Gasoline,759.0HP 6.5L 12 Cylinder Engine Gasoline Fuel,A/T,Blue,Black,None reported,Yes,649999.0,101750
GMC,Sierra 3500 Denali,2019,"73,091 mi.",Diesel,445.0HP 6.6L 8 Cylinder Engine Diesel Fuel,A/T,White,Black,At least 1 accident or damage reported,Yes,58500.0,101751
Mercedes-Benz,C-Class C 300 4MATIC,2018,"49,000 mi.",Gasoline,241.0HP 2.0L 4 Cylinder Engine Gasoline Fuel,A/T,Black,Black,None reported,Yes,23450.0,101752
Jeep,Grand Cherokee Limited,2017,"80,150 mi.",Gasoline,293.0HP 3.6L V6 Cylinder Engine Gasoline Fuel,8-Speed A/T,Blue,Black,At least 1 accident or damage reported,Yes,22500.0,101753
Lincoln,Corsair Reserve,2021,"29,336 mi.",Gasoline,2.0L I4 16V GDI DOHC Turbo,8-Speed Automatic,Black,Sandstone,None reported,,36999.0,101754
Subaru,Outback 2.5i Limited,2014,"78,007 mi.",Gasoline,173.0HP 2.5L 4 Cylinder Engine Gasoline Fuel,A/T,Blue,Black,None reported,Yes,14750.0,101755
Jaguar,XJ6 Vanden Plas,1995,"70,000 mi.",–,–,A/T,Gold,–,None reported,Yes,19000.0,101756
Honda,Insight EX,2020,"64,200 mi.",Hybrid,151.0HP 1.5L 4 Cylinder Engine Gas/Electric Hybrid,CVT Transmission,White,Black,At least 1 accident or damage reported,Yes,20499.0,101757
Mercedes-Benz,C-Class C 63 AMG,2014,"42,000 mi.",Gasoline,451.0HP 6.2L 8 Cylinder Engine Gasoline Fuel,7-Speed A/T,Gray,Black,None reported,Yes,45000.0,101758
MINI,Cooper Base,2010,"58,000 mi.",Gasoline,118.0HP 1.6L 4 Cylinder Engine Gasoline Fuel,6-Speed A/T,Gold,Black,None reported,Yes,8000.0,101759
Chevrolet,Corvette Base,2006,"39,132 mi.",Gasoline,400.0HP 6.0L 8 Cylinder Engine Gasoline Fuel,Transmission w/Dual Shift Mode,Red,Beige,None reported,Yes,35000.0,101760
Dodge,Charger R/T 392,2017,"73,350 mi.",Gasoline,485.0HP 6.4L 8 Cylinder Engine Gasoline Fuel,8-Speed A/T,Gray,Red,None reported,Yes,37000.0,101761
Land,Rover Range Rover Sport HSE,2019,"65,019 mi.",Gasoline,340.0HP 3.0L V6 Cylinder Engine Gasoline Fuel,A/T,Black,Beige,None reported,Yes,40500.0,101762
Dodge,Sprinter 2500 High Roof,2004,"55,000 mi.",Diesel,154.0HP 2.7L 5 Cylinder Engine Diesel Fuel,A/T,White,Gray,None reported,Yes,24000.0,101763
Buick,LaCrosse Base,2017,"67,500 mi.",Gasoline,310.0HP 3.6L V6 Cylinder Engine Gasoline Fuel,8-Speed A/T,Black,Beige,None reported,Yes,20000.0,101764
Toyota,Highlander Platinum,2020,"41,000 mi.",Gasoline,295.0HP 3.5L V6 Cylinder Engine Gasoline Fuel,8-Speed A/T,Blue,Black,None reported,Yes,38700.0,101765
Chevrolet,Tahoe Base,1997,"229,000 mi.",Diesel,180.0HP 6.5L 8 Cylinder Engine Diesel Fuel,A/T,Green,Beige,At least 1 accident or damage reported,Yes,19500.0,101766
Jeep,New Compass Trailhawk,2017,"119,000 mi.",Gasoline,180.0HP 2.4L 4 Cylinder Engine Gasoline Fuel,A/T,Red,Black,None reported,Yes,15900.0,101767
GMC,Acadia Denali,2021,"18,083 mi.",Gasoline,3.6L V6 24V GDI DOHC,9-Speed Automatic,Ebony Twilight Metallic,Jet Black,None reported,Yes,43999.0,101768
Mazda,Mazda3 s Sport,2008,"77,700 mi.",Gasoline,156.0HP 2.3L 4 Cylinder Engine Gasoline Fuel,5-Speed M/T,Red,Black,None reported,Yes,6300.0,101769
Lexus,NX 350h Premium,2024,300 mi.,Hybrid,240.0HP 2.5L 4 Cylinder Engine Gas/Electric Hybrid,A/T,Black,Black,None reported,Yes,50999.0,101770
Chevrolet,Traverse Premier,2018,"68,455 mi.",Gasoline,3.6L V6 24V GDI DOHC,9-Speed Automatic,Silver Ice Metallic,Jet Black,None reported,Yes,30989.0,101771
Audi,Q5 2.0T Premium Plus,2018,"50,400 mi.",Gasoline,252.0HP 2.0L 4 Cylinder Engine Gasoline Fuel,Transmission w/Dual Shift Mode,White,Beige,None reported,Yes,28500.0,101772
Bugatti,Veyron 16.4 Grand Sport,2011,"6,330 mi.",Gasoline,8.0L W16 64V GDI DOHC Twin Turbo,7-Speed Automatic with Auto-Shift,White,White,None reported,Yes,1950995.0,101773
Mercedes-Benz,E-Class E 350,2012,"31,130 mi.",Gasoline,302.0HP 3.5L V6 Cylinder Engine Gasoline Fuel,7-Speed A/T,Black,Black,None reported,Yes,23500.0,101774
Land,Rover Range Rover Evoque SE,2020,"38,356 mi.",Gasoline,2.0 Liter,Automatic,Firenze Red Metallic,Ebony,None reported,,36598.0,101775
Nissan,240SX Base,1996,"160,490 mi.",–,–,5-Speed M/T,Gray,Black,None reported,Yes,15500.0,101776
BMW,M6 Base,2015,"17,900 mi.",Gasoline,560.0HP 4.4L 8 Cylinder Engine Gasoline Fuel,Transmission w/Dual Shift Mode,Black,Black,None reported,Yes,59900.0,101777
Ford,Bronco Big Bend Advanced,2023,"12,000 mi.",Gasoline,275.0HP 2.3L 4 Cylinder Engine Gasoline Fuel,10-Speed A/T,Black,–,None reported,Yes,54000.0,101778
Ford,F-350 Platinum,2022,"23,850 mi.",Diesel,475.0HP 6.7L 8 Cylinder Engine Diesel Fuel,10-Speed A/T,Silver,Black,None reported,Yes,99750.0,101779
Chevrolet,Colorado ZR2,2021,"24,915 mi.",Gasoline,3.6L V6 24V GDI DOHC,Automatic,Satin Steel Metallic,Jet Black,None reported,,44791.0,101780
Mercedes-Benz,Metris Base,2016,"17,340 mi.",Gasoline,208.0HP 2.0L 4 Cylinder Engine Gasoline Fuel,A/T,White,Black,None reported,Yes,29000.0,101781
Subaru,Impreza WRX,2005,"90,200 mi.",Gasoline,227.0HP 2.0L 4 Cylinder Engine Gasoline Fuel,5-Speed M/T,Blue,Black,None reported,Yes,12499.0,101782
Mercedes-Benz,G-Class G 550 4MATIC,2019,"47,850 mi.",Gasoline,416.0HP 4.0L 8 Cylinder Engine Gasoline Fuel,A/T,White,Black,At least 1 accident or damage reported,Yes,127899.0,101783
Toyota,Tundra Hybrid Limited,2023,"10,748 mi.",Hybrid,3.4L V6 24V PDI DOHC Twin Turbo Hybrid,Automatic,Midnight Black Metallic,Black,None reported,,63100.0,101784
RAM,1500 Laramie,2022,"13,438 mi.",Gasoline,5.7L V8 16V MPFI OHV,8-Speed Automatic,Diamond Black,Black,None reported,,46599.0,101785
Audi,TT 2.0T,2015,"126,760 mi.",Gasoline,211.0HP 2.0L 4 Cylinder Engine Gasoline Fuel,A/T,Black,Black,At least 1 accident or damage reported,Yes,14000.0,101786
BMW,135 is,2013,"29,400 mi.",Gasoline,320.0HP 3.0L Straight 6 Cylinder Engine Gasoline Fuel,6-Speed M/T,White,Beige,None reported,Yes,29000.0,101787
Ford,Mustang GT,2016,"36,000 mi.",Gasoline,435.0HP 5.0L 8 Cylinder Engine Gasoline Fuel,6-Speed M/T,Orange,Black,At least 1 accident or damage reported,Yes,31000.0,101788
Dodge,Charger Scat Pack,2020,"40,208 mi.",Gasoline,485.0HP 6.4L 8 Cylinder Engine Gasoline Fuel,8-Speed A/T,Red,Black,At least 1 accident or damage reported,Yes,38000.0,101789
Land,Rover Range Rover 5.0L Supercharged,2015,"110,000 mi.",E85 Flex Fuel,510.0HP 5.0L 8 Cylinder Engine Flex Fuel Capability,A/T,Black,–,At least 1 accident or damage reported,Yes,26499.0,101790
BMW,Z3 3.0i Roadster,2001,"103,990 mi.",Gasoline,225.0HP 3.0L Straight 6 Cylinder Engine Gasoline Fuel,5-Speed M/T,Black,Beige,None reported,Yes,10500.0,101791
GMC,Yukon SLT,2015,"94,500 mi.",Gasoline,355.0HP 5.3L 8 Cylinder Engine Gasoline Fuel,A/T,White,Beige,At least 1 accident or damage reported,Yes,30000.0,101792
Porsche,Cayenne Turbo S,2014,"156,193 mi.",Gasoline,550.0HP 4.8L 8 Cylinder Engine Gasoline Fuel,8-Speed A/T,Silver,Black,None reported,Yes,36000.0,101793
GMC,Yukon XL Denali,2022,"48,306 mi.",Gasoline,6.2L V8 16V GDI OHV,10-Speed Automatic,Summit White,Jet Black,At least 1 accident or damage reported,Yes,71999.0,101794
BMW,430 i,2017,"58,880 mi.",Gasoline,248.0HP 2.0L 4 Cylinder Engine Gasoline Fuel,8-Speed A/T,White,Brown,None reported,Yes,21000.0,101795
Lamborghini,Huracan LP580-2,2017,"22,000 mi.",Gasoline,573.0HP 5.2L 10 Cylinder Engine Gasoline Fuel,Transmission w/Dual Shift Mode,White,Black,None reported,Yes,210000.0,101796
Toyota,4Runner Venture,2021,"27,000 mi.",Gasoline,270.0HP 4.0L V6 Cylinder Engine Gasoline Fuel,A/T,White,Black,None reported,Yes,48500.0,101797
Toyota,Tacoma SR5,2018,"65,290 mi.",Gasoline,278.0HP 3.5L V6 Cylinder Engine Gasoline Fuel,6-Speed A/T,Blue,Black,At least 1 accident or damage reported,Yes,26450.0,101798
Hyundai,Palisade Calligraphy,2023,"1,500 mi.",Gasoline,291.0HP 3.8L V6 Cylinder Engine Gasoline Fuel,Transmission w/Dual Shift Mode,Green,Black,None reported,Yes,55000.0,101799
Maserati,GranTurismo Base,2013,"34,920 mi.",Gasoline,440.0HP 4.7L 8 Cylinder Engine Gasoline Fuel,6-Speed A/T,Gray,Brown,None reported,Yes,38900.0,101800
Lexus,GX 460 Base,2010,"97,097 mi.",Gasoline,301.0HP 4.6L 8 Cylinder Engine Gasoline Fuel,A/T,Red,Beige,At least 1 accident or damage reported,Yes,22000.0,101801
Porsche,Macan Turbo,2016,"46,000 mi.",Gasoline,400.0HP 3.6L V6 Cylinder Engine Gasoline Fuel,Transmission w/Dual Shift Mode,Gray,–,None reported,Yes,38000.0,101802
Land,Rover Range Rover P530 SE,2023,"1,869 mi.",Gasoline,4.4L V8 32V GDI DOHC Twin Turbo,Automatic,Eiger Grey,Deep Garnet,None reported,Yes,164725.0,101803
Mercedes-Benz,GLC 300 Base,2020,"42,717 mi.",Gasoline,255.0HP 2.0L 4 Cylinder Engine Gasoline Fuel,A/T,Gold,Beige,None reported,Yes,33500.0,101804
Bentley,Bentayga Onyx Edition,2018,"32,500 mi.",Gasoline,600.0HP 6.0L 12 Cylinder Engine Gasoline Fuel,A/T,Black,Beige,At least 1 accident or damage reported,Yes,103000.0,101805
Honda,Ridgeline RTL-E,2021,"14,442 mi.",Gasoline,280.0HP 3.5L V6 Cylinder Engine Gasoline Fuel,9-Speed A/T,White,Beige,None reported,Yes,38500.0,101806
Chevrolet,Corvette Stingray w/3LT,2023,"1,100 mi.",Gasoline,490.0HP 6.2L 8 Cylinder Engine Gasoline Fuel,8-Speed A/T,Gray,Beige,None reported,Yes,92000.0,101807
Kia,Seltos S,2021,"16,100 mi.",Gasoline,146.0HP 2.0L 4 Cylinder Engine Gasoline Fuel,A/T,Blue,Black,None reported,Yes,25500.0,101808
Lexus,RC 350 Base,2015,"124,000 mi.",Gasoline,306.0HP 3.5L V6 Cylinder Engine Gasoline Fuel,Transmission w/Dual Shift Mode,Blue,Blue,None reported,Yes,24000.0,101809
Lexus,RX 350 Base,2013,"164,500 mi.",Gasoline,270.0HP 3.5L V6 Cylinder Engine Gasoline Fuel,6-Speed A/T,White,Black,At least 1 accident or damage reported,Yes,16500.0,101810
Land,Rover Range Rover 3.0L Supercharged HSE,2017,"55,000 mi.",Gasoline,380.0HP 3.0L V6 Cylinder Engine Gasoline Fuel,A/T,White,Beige,At least 1 accident or damage reported,Yes,58000.0,101811
Porsche,911 Carrera S,2010,"13,850 mi.",Gasoline,385.0HP 3.8L Flat 6 Cylinder Engine Gasoline Fuel,6-Speed M/T,Black,Black,None reported,Yes,71400.0,101812
Genesis,GV70 3.5T Sport,2022,"10,200 mi.",Gasoline,375.0HP 3.5L V6 Cylinder Engine Gasoline Fuel,A/T,White,Black,None reported,Yes,50500.0,101813
BMW,M6 Gran Coupe Base,2017,"27,965 mi.",Gasoline,560.0HP 4.4L 8 Cylinder Engine Gasoline Fuel,7-Speed A/T,Green,Black,None reported,Yes,58000.0,101814
Kia,Sorento S,2021,"19,605 mi.",Gasoline,2.5L I4 16V PDI DOHC,8-Speed Automatic,Glacial White Pearl,Black,None reported,,33591.0,101815
Chevrolet,Corvette Stingray w/1LT,2023,"9,000 mi.",Gasoline,490.0HP 6.2L 8 Cylinder Engine Gasoline Fuel,8-Speed A/T,White,White,None reported,Yes,82500.0,101816
GMC,Yukon SLT,2015,"142,792 mi.",Gasoline,355.0HP 5.3L 8 Cylinder Engine Gasoline Fuel,6-Speed A/T,White,Brown,None reported,Yes,22999.0,101817
Lexus,IS-F Base,2010,"41,500 mi.",Gasoline,416.0HP 5.0L 8 Cylinder Engine Gasoline Fuel,8-Speed A/T,Blue,Black,At least 1 accident or damage reported,Yes,44800.0,101818
Lexus,GX 460 Premium,2022,"35,700 mi.",Gasoline,301.0HP 4.6L 8 Cylinder Engine Gasoline Fuel,A/T,Silver,Gray,At least 1 accident or damage reported,Yes,51900.0,101819
Chevrolet,Corvette Stingray w/1LT,2022,"6,200 mi.",Gasoline,490.0HP 6.2L 8 Cylinder Engine Gasoline Fuel,Transmission w/Dual Shift Mode,Brown,Black,None reported,Yes,99999.0,101820
BMW,M4 Base,2018,"10,950 mi.",Gasoline,425.0HP 3.0L Straight 6 Cylinder Engine Gasoline Fuel,6-Speed M/T,White,White,None reported,Yes,60995.0,101821
Ford,Excursion Limited,2004,"76,163 mi.",Diesel,325.0HP 6.0L 8 Cylinder Engine Diesel Fuel,5-Speed A/T,Gold,Gold,None reported,Yes,20500.0,101822
Chevrolet,Corvette Base,2008,"80,000 mi.",Gasoline,430.0HP 6.2L 8 Cylinder Engine Gasoline Fuel,6-Speed A/T,Red,Beige,None reported,Yes,31000.0,101823
Ford,Explorer Timberline,2021,"25,240 mi.",Gasoline,2.3L I4 16V GDI DOHC Turbo,10-Speed Automatic,Gray,Ebony,At least 1 accident or damage reported,,39951.0,101824
Hyundai,Genesis 4.6,2010,"153,332 mi.",Gasoline,378.0HP 4.6L 8 Cylinder Engine Gasoline Fuel,Transmission w/Dual Shift Mode,Silver,Black,At least 1 accident or damage reported,Yes,10000.0,101825
Mercedes-Benz,GLC 300 GLC 300,2022,"1,408 mi.",Gasoline,2.0 Liter Turbo,Automatic,Lunar Blue Metallic,–,None reported,,46798.0,101826
Pontiac,Firebird Trans Am,2001,"91,812 mi.",Gasoline,310.0HP 5.7L 8 Cylinder Engine Gasoline Fuel,A/T,Green,Black,None reported,Yes,12850.0,101827
Kia,Forte Koup EX,2015,"103,748 mi.",Gasoline,173.0HP 2.0L 4 Cylinder Engine Gasoline Fuel,A/T,Gray,Gray,None reported,Yes,8500.0,101828
Chevrolet,Suburban 1500 LTZ,2015,"217,500 mi.",Gasoline,355.0HP 5.3L 8 Cylinder Engine Gasoline Fuel,A/T,Black,Black,None reported,Yes,20000.0,101829
Ford,F-250 Lariat,2019,"85,000 mi.",Diesel,450.0HP 6.7L 8 Cylinder Engine Diesel Fuel,6-Speed A/T,White,Black,At least 1 accident or damage reported,Yes,55000.0,101830
Lincoln,Navigator Reserve,2022,"13,750 mi.",Gasoline,440.0HP 3.5L V6 Cylinder Engine Gasoline Fuel,10-Speed A/T,White,Beige,None reported,Yes,79999.0,101831
Toyota,Land Cruiser Base,1994,"178,416 mi.",–,–,A/T,Green,Beige,None reported,Yes,9000.0,101832
Hummer,H3 Base,2007,"137,333 mi.",Gasoline,242.0HP 3.7L 5 Cylinder Engine Gasoline Fuel,4-Speed A/T,Blue,Black,At least 1 accident or damage reported,Yes,10000.0,101833
RAM,2500 Tradesman,2018,"52,000 mi.",Diesel,350.0HP 6.7L Straight 6 Cylinder Engine Diesel Fuel,6-Speed A/T,Gray,Black,None reported,Yes,50000.0,101834
BMW,650 Gran Coupe i,2014,"92,000 mi.",Gasoline,445.0HP 4.4L 8 Cylinder Engine Gasoline Fuel,Transmission w/Dual Shift Mode,Black,Black,At least 1 accident or damage reported,Yes,24000.0,101835
Mercedes-Benz,AMG GLE AMG GLE 63 S-Model 4MATIC,2016,"44,000 mi.",Gasoline,577.0HP 5.5L 8 Cylinder Engine Gasoline Fuel,7-Speed A/T,Black,Black,None reported,Yes,46599.0,101836
Ford,F-250 Lariat,2017,"132,269 mi.",E85 Flex Fuel,385.0HP 6.2L 8 Cylinder Engine Flex Fuel Capability,A/T,Gray,Black,None reported,Yes,35900.0,101837
Hyundai,Sonata GLS,2013,"136,991 mi.",Gasoline,198.0HP 2.4L 4 Cylinder Engine Gasoline Fuel,6-Speed A/T,Gray,Gray,None reported,Yes,11000.0,101838
BMW,M550 i xDrive,2018,"14,993 mi.",Gasoline,456.0HP 4.4L 8 Cylinder Engine Gasoline Fuel,8-Speed A/T,Gray,Black,None reported,Yes,44900.0,101839
Chevrolet,Silverado 3500 LTZ,2018,"92,149 mi.",Diesel,6.6L V8 32V DDI OHV Turbo Diesel,6-Speed Automatic,Black,Jet Black,,,52889.0,101840
Jeep,Wrangler Sport,2018,"23,399 mi.",Gasoline,2.0L I4 16V GDI DOHC Turbo,8-Speed Automatic,Black Clearcoat,Black,None reported,,28999.0,101841
Land,Rover Range Rover 5.0L Supercharged Autobiography,2016,"56,000 mi.",Gasoline,510.0HP 5.0L 8 Cylinder Engine Gasoline Fuel,8-Speed A/T,Black,Brown,None reported,Yes,49900.0,101842
Chevrolet,Corvette Base,2008,"28,150 mi.",Gasoline,430.0HP 6.2L 8 Cylinder Engine Gasoline Fuel,Transmission w/Dual Shift Mode,Red,Beige,None reported,Yes,31000.0,101843
GMC,Acadia SLE-2,2016,"100,795 mi.",Gasoline,3.6L V6 24V GDI DOHC,6-Speed Automatic,White Frost Tri-Coat,Ebony,At least 1 accident or damage reported,Yes,12995.0,101844
Tesla,Model Y Long Range,2022,"9,411 mi.",,Dual Motor - Standard,Automatic,Silver,Black,None reported,,47998.0,101845
Audi,Q5 S line Premium Plus,2023,"6,682 mi.",Hybrid,2.0 Liter TFSI,Automatic,Mythos Black Metallic,Rock Gray,None reported,,47798.0,101846
INFINITI,QX60 AUTOGRAPH,2022,"6,000 mi.",Gasoline,295.0HP 3.5L V6 Cylinder Engine Gasoline Fuel,9-Speed A/T,Gold,Brown,None reported,Yes,57999.0,101847
Rolls-Royce,Wraith Base,2016,"21,000 mi.",Gasoline,624.0HP 6.6L 12 Cylinder Engine Gasoline Fuel,A/T,Brown,Black,,,217000.0,101848
Lamborghini,Huracan Tecnica Coupe,2023,255 mi.,Gasoline,"5.2L V-10 gasoline direct injection, DOHC, variable valve contro",Automatic,BLU ELEOS,Nero Ade,None reported,,359991.0,101849
Kia,K5 EX,2021,"8,263 mi.",Gasoline,180.0HP 1.6L 4 Cylinder Engine Gasoline Fuel,A/T,Gray,White,None reported,Yes,29000.0,101850
Volkswagen,Arteon 2.0T SEL R-Line,2020,"15,500 mi.",Gasoline,268.0HP 2.0L 4 Cylinder Engine Gasoline Fuel,8-Speed A/T,Silver,Black,None reported,Yes,30000.0,101851
Ford,Expedition EL XLT,2014,"85,149 mi.",Gasoline,5.4 Liter,Automatic,Oxford White,Camel Leather,None reported,,23598.0,101852
Mercedes-Benz,CLA-Class CLA 250,2014,"91,140 mi.",Gasoline,208.0HP 2.0L 4 Cylinder Engine Gasoline Fuel,7-Speed A/T,Gray,Black,None reported,Yes,13500.0,101853
Audi,Q5 2.0T Premium,2012,"119,000 mi.",Gasoline,211.0HP 2.0L 4 Cylinder Engine Gasoline Fuel,A/T,Gray,–,None reported,Yes,12000.0,101854
Audi,SQ5 3.0T Premium Plus,2019,"22,300 mi.",Gasoline,349.0HP 3.0L V6 Cylinder Engine Gasoline Fuel,8-Speed A/T,Blue,Gray,None reported,Yes,38999.0,101855
Lincoln,MKZ Base,2016,"68,200 mi.",Gasoline,300.0HP 3.7L V6 Cylinder Engine Gasoline Fuel,6-Speed A/T,Silver,Black,At least 1 accident or damage reported,Yes,16750.0,101856
Lexus,LS 460 Base,2012,"103,000 mi.",Gasoline,380.0HP 4.6L 8 Cylinder Engine Gasoline Fuel,A/T,White,Beige,None reported,Yes,20500.0,101857
Chrysler,300 Touring,2020,"23,152 mi.",Gasoline,292.0HP 3.6L V6 Cylinder Engine Gasoline Fuel,8-Speed A/T,White,White,None reported,Yes,28250.0,101858
BMW,640 Gran Coupe i xDrive,2015,"98,000 mi.",Gasoline,315.0HP 3.0L Straight 6 Cylinder Engine Gasoline Fuel,Transmission w/Dual Shift Mode,Black,Beige,None reported,Yes,22500.0,101859
Mercedes-Benz,CLA-Class CLA 250,2016,"88,600 mi.",Gasoline,208.0HP 2.0L 4 Cylinder Engine Gasoline Fuel,A/T,Black,Black,At least 1 accident or damage reported,Yes,16800.0,101860
Chrysler,300C Base,2013,"87,500 mi.",Gasoline,292.0HP 3.6L V6 Cylinder Engine Gasoline Fuel,8-Speed A/T,White,Beige,None reported,Yes,13750.0,101861
RAM,2500 Big Horn,2016,"95,115 mi.",Diesel,6.7L I6 24V DDI OHV Turbo Diesel,6-Speed Automatic,Bright White Clearcoat,Diesel Gray / Black,None reported,Yes,43640.0,101862
Acura,MDX Technology,2008,"184,421 mi.",Gasoline,300.0HP 3.7L V6 Cylinder Engine Gasoline Fuel,A/T,Gray,Black,None reported,Yes,5000.0,101863
INFINITI,Q50 3.0t Red Sport 400,2018,"51,850 mi.",Gasoline,400.0HP 3.0L V6 Cylinder Engine Gasoline Fuel,Transmission w/Dual Shift Mode,Black,Black,None reported,Yes,28900.0,101864
Jeep,Gladiator Overland,2020,"40,000 mi.",Gasoline,285.0HP 3.6L V6 Cylinder Engine Gasoline Fuel,Transmission w/Dual Shift Mode,Gray,Black,None reported,Yes,45000.0,101865
Dodge,Grand Caravan R/T,2013,"43,000 mi.",E85 Flex Fuel,283.0HP 3.6L V6 Cylinder Engine Flex Fuel Capability,6-Speed A/T,Red,Black,None reported,Yes,35000.0,101866
Porsche,718 Spyder Base,2020,"3,400 mi.",Gasoline,414.0HP 4.0L Flat 6 Cylinder Engine Gasoline Fuel,6-Speed M/T,White,Black,None reported,Yes,129900.0,101867
RAM,2500 Laramie,2019,"18,526 mi.",Diesel,6.7L I6 24V DDI OHV Turbo Diesel,6-Speed Automatic,Pearl White,Black,None reported,,67999.0,101868
Hyundai,Genesis Coupe 3.8 Grand Touring,2011,"165,454 mi.",Gasoline,306.0HP 3.8L V6 Cylinder Engine Gasoline Fuel,6-Speed A/T,Gray,Black,At least 1 accident or damage reported,Yes,4000.0,101869
Mazda,RX-8 Sport,2008,"155,500 mi.",Gasoline,212.0HP 1.3L Rotary engine Gasoline Fuel,A/T,Blue,Black,At least 1 accident or damage reported,Yes,6800.0,101870
Ford,Expedition Limited,2018,"98,995 mi.",Gasoline,3.5 Liter GTDI,Automatic,Ingot Silver Metallic,Ebony,None reported,,34998.0,101871
Chevrolet,Monte Carlo SS,2006,"66,840 mi.",Gasoline,303.0HP 5.3L 8 Cylinder Engine Gasoline Fuel,A/T,White,Gray,At least 1 accident or damage reported,Yes,12000.0,101872
Tesla,Model X Long Range,2022,"15,443 mi.",,670.0HP Electric Motor Electric Fuel System,1-Speed A/T,Red,Black,None reported,Yes,84500.0,101873
Lexus,GS 350 Base,2016,"128,032 mi.",Gasoline,311.0HP 3.5L V6 Cylinder Engine Gasoline Fuel,Transmission w/Dual Shift Mode,Silver,Black,None reported,Yes,18000.0,101874
Mercedes-Benz,CLK-Class CLK 350,2009,"21,500 mi.",Gasoline,268.0HP 3.5L V6 Cylinder Engine Gasoline Fuel,A/T,Black,Black,At least 1 accident or damage reported,Yes,18000.0,101875
BMW,X3 M AWD,2021,"31,500 mi.",Gasoline,473.0HP 3.0L Straight 6 Cylinder Engine Gasoline Fuel,8-Speed A/T,Black,Black,None reported,Yes,54500.0,101876
Lexus,LC 500 Base,2018,"61,000 mi.",Gasoline,471.0HP 5.0L 8 Cylinder Engine Gasoline Fuel,Transmission w/Dual Shift Mode,Black,Black,None reported,Yes,65000.0,101877
Subaru,Forester 2.5 XT,2004,"122,000 mi.",Gasoline,210.0HP 2.5L 4 Cylinder Engine Gasoline Fuel,5-Speed M/T,Gold,Black,At least 1 accident or damage reported,Yes,9999.0,101878
Toyota,Highlander XLE,2015,"68,575 mi.",Gasoline,270.0HP 3.5L V6 Cylinder Engine Gasoline Fuel,A/T,Silver,Gray,At least 1 accident or damage reported,Yes,26000.0,101879
BMW,M235 i,2014,"125,450 mi.",Gasoline,320.0HP 3.0L Straight 6 Cylinder Engine Gasoline Fuel,6-Speed M/T,Blue,Black,None reported,Yes,17200.0,101880
Tesla,Model 3 Standard Range Plus,2019,"32,300 mi.",,Electric Motor Electric Fuel System,A/T,Black,Black,None reported,Yes,29000.0,101881
Chevrolet,Colorado ZR2,2018,"76,500 mi.",Gasoline,308.0HP 3.6L V6 Cylinder Engine Gasoline Fuel,8-Speed A/T,White,Black,None reported,Yes,33500.0,101882
Toyota,Tacoma Double Cab,2007,"24,985 mi.",Gasoline,236.0HP 4.0L V6 Cylinder Engine Gasoline Fuel,5-Speed A/T,Silver,Silver,,,33580.0,101883
INFINITI,Q70 3.7X,2014,"33,500 mi.",Gasoline,330.0HP 3.7L V6 Cylinder Engine Gasoline Fuel,7-Speed A/T,Black,Black,None reported,Yes,23000.0,101884
Chevrolet,Bolt EUV Premier,2022,"14,676 mi.",,200.0HP Electric Motor Electric Fuel System,A/T,Black,Blue,None reported,Yes,33000.0,101885
Jaguar,E-PACE 300 Sport,2021,"23,600 mi.",Hybrid,296.0HP 2.0L 4 Cylinder Engine Gasoline/Mild Electric Hybrid,9-Speed A/T,Black,Black,None reported,Yes,42999.0,101886
Dodge,Charger R/T,2021,"7,751 mi.",Gasoline,370.0HP 5.7L 8 Cylinder Engine Gasoline Fuel,8-Speed A/T,Black,Black,None reported,Yes,41950.0,101887
BMW,X5 xDrive35i,2018,"25,348 mi.",Gasoline,3.0L I6 24V GDI DOHC Turbo,8-Speed Automatic,Imperial Blue Metallic,Black,At least 1 accident or damage reported,,33889.0,101888
Cadillac,CT5-V Blackwing,2023,"2,415 mi.",Gasoline,6.2L V8 16V GDI OHV Supercharged,10-Speed Automatic,Rift Metallic,Gray,None reported,,104900.0,101889
Tesla,Model S Performance,2020,"14,700 mi.",,778.0HP Electric Motor Electric Fuel System,1-Speed A/T,Gray,Black,None reported,Yes,63000.0,101890
Kia,Sportage S,2021,"16,949 mi.",Gasoline,2.4L I4 16V GDI DOHC,6-Speed Automatic,Hyper Red,Black,None reported,Yes,24995.0,101891
INFINITI,G37 x,2013,"60,058 mi.",Gasoline,328.0HP 3.7L V6 Cylinder Engine Gasoline Fuel,A/T,White,Beige,At least 1 accident or damage reported,Yes,15000.0,101892
Porsche,911 Carrera 4,2013,"67,522 mi.",Gasoline,350.0HP 3.4L Flat 6 Cylinder Engine Gasoline Fuel,7-Speed A/T,Gray,Black,At least 1 accident or damage reported,Yes,59500.0,101893
Rivian,R1S Adventure Package,2023,159 mi.,,533.0HP Electric Motor Electric Fuel System,A/T,White,Black,None reported,Yes,95500.0,101894
BMW,530 i xDrive,2021,"60,942 mi.",Gasoline,2.0L I4 16V GDI DOHC Turbo,8-Speed Automatic,Glacier Silver Metallic,Black,None reported,Yes,32085.0,101895
BMW,128 i,2013,"67,874 mi.",Gasoline,230.0HP 3.0L Straight 6 Cylinder Engine Gasoline Fuel,6-Speed A/T,Gray,Black,None reported,Yes,18000.0,101896
Nissan,Armada Platinum,2018,"42,833 mi.",Gasoline,390.0HP 5.6L 8 Cylinder Engine Gasoline Fuel,Transmission w/Dual Shift Mode,Blue,Gray,None reported,Yes,37000.0,101897
Ford,Mustang GT Premium,2010,"69,000 mi.",Gasoline,315.0HP 4.6L 8 Cylinder Engine Gasoline Fuel,5-Speed A/T,White,Black,None reported,Yes,20000.0,101898
Toyota,4Runner Trail,2011,"157,000 mi.",Gasoline,270.0HP 4.0L V6 Cylinder Engine Gasoline Fuel,Transmission w/Dual Shift Mode,Black,Beige,None reported,Yes,23500.0,101899
Ford,Expedition Limited,2016,"85,253 mi.",Gasoline,365.0HP 3.5L V6 Cylinder Engine Gasoline Fuel,A/T,White,Beige,None reported,Yes,19995.0,101900
Mercedes-Benz,AMG GLE 43 Coupe 4MATIC,2018,"49,000 mi.",Gasoline,385.0HP 3.0L V6 Cylinder Engine Gasoline Fuel,9-Speed A/T,Blue,Brown,At least 1 accident or damage reported,Yes,42995.0,101901
Jeep,Grand Cherokee Limited,2018,"91,677 mi.",Gasoline,3.6L V6 24V MPFI DOHC,8-Speed Automatic,Granite Crystal Clearcoat Metallic,Black,None reported,,26816.0,101902
Lexus,LS 460 Base,2012,"200,000 mi.",Gasoline,380.0HP 4.6L 8 Cylinder Engine Gasoline Fuel,Transmission w/Dual Shift Mode,White,Beige,At least 1 accident or damage reported,Yes,9995.0,101903
Land,Rover Range Rover Sport First Edition,2023,"3,534 mi.",Hybrid,4.4 Liter,Automatic,Red,Black,None reported,,143998.0,101904
BMW,M3 Base,2016,"56,235 mi.",Gasoline,425.0HP 3.0L Straight 6 Cylinder Engine Gasoline Fuel,6-Speed M/T,Orange,Orange,None reported,Yes,50500.0,101905
Mercedes-Benz,AMG C 43 Base 4MATIC,2017,"54,500 mi.",Gasoline,362.0HP 3.0L V6 Cylinder Engine Gasoline Fuel,9-Speed A/T,White,Black,None reported,Yes,37995.0,101906
Honda,Odyssey Elite,2019,"82,000 mi.",Gasoline,280.0HP 3.5L V6 Cylinder Engine Gasoline Fuel,10-Speed A/T,Silver,Black,None reported,Yes,32471.0,101907
Nissan,Altima 2.5 SL,2014,"153,350 mi.",Gasoline,182.0HP 2.5L 4 Cylinder Engine Gasoline Fuel,A/T,Black,Black,At least 1 accident or damage reported,Yes,9000.0,101908
Mazda,Protege DX,1993,"94,200 mi.",–,–,A/T,Gray,–,At least 1 accident or damage reported,Yes,2500.0,101909
BMW,440 Gran Coupe i,2018,"39,300 mi.",Gasoline,320.0HP 3.0L Straight 6 Cylinder Engine Gasoline Fuel,8-Speed A/T,White,Beige,At least 1 accident or damage reported,Yes,31750.0,101910
Lexus,LS 460 Base,2013,"99,524 mi.",Gasoline,386.0HP 4.6L 8 Cylinder Engine Gasoline Fuel,8-Speed A/T,Gray,Black,At least 1 accident or damage reported,Yes,24900.0,101911
BMW,X5 M Base,2017,"61,773 mi.",Gasoline,567.0HP 4.4L 8 Cylinder Engine Gasoline Fuel,Transmission w/Dual Shift Mode,Gray,Black,None reported,Yes,46000.0,101912
BMW,X6 M Base,2021,"11,102 mi.",Gasoline,600.0HP 4.4L 8 Cylinder Engine Gasoline Fuel,8-Speed A/T,Black,Black,None reported,Yes,101000.0,101913
Mercedes-Benz,C-Class C 63 AMG,2012,"103,000 mi.",Gasoline,451.0HP 6.3L 8 Cylinder Engine Gasoline Fuel,7-Speed A/T,Silver,Black,At least 1 accident or damage reported,Yes,40000.0,101914
Kia,Sorento SX Prestige,2023,"11,100 mi.",Gasoline,281.0HP 2.5L 4 Cylinder Engine Gasoline Fuel,Transmission w/Dual Shift Mode,White,Black,None reported,Yes,40200.0,101915
Honda,Accord EX-L 2.0T,2019,"40,069 mi.",Gasoline,252.0HP 2.0L 4 Cylinder Engine Gasoline Fuel,A/T,White,Black,At least 1 accident or damage reported,Yes,27500.0,101916
Mercedes-Benz,AMG C 43 Base 4MATIC,2017,"39,000 mi.",Gasoline,362.0HP 3.0L V6 Cylinder Engine Gasoline Fuel,9-Speed A/T,White,Black,At least 1 accident or damage reported,Yes,39000.0,101917
BMW,M4 Base,2020,"29,140 mi.",Gasoline,425.0HP 3.0L Straight 6 Cylinder Engine Gasoline Fuel,M/T,Orange,Orange,None reported,Yes,71995.0,101918
Toyota,Tundra 1794,2020,"67,400 mi.",Gasoline,381.0HP 5.7L 8 Cylinder Engine Gasoline Fuel,A/T,Black,Brown,None reported,Yes,47500.0,101919
Mercedes-Benz,CLS-Class CLS 400 4MATIC,2016,"62,285 mi.",Gasoline,329.0HP 3.0L V6 Cylinder Engine Gasoline Fuel,7-Speed A/T,Black,Black,At least 1 accident or damage reported,Yes,29950.0,101920
Pontiac,Solstice GXP,2007,"25,718 mi.",Gasoline,260.0HP 2.0L 4 Cylinder Engine Gasoline Fuel,M/T,Yellow,Black,None reported,Yes,17900.0,101921
Mercedes-Benz,CLA-Class CLA 250,2016,"120,000 mi.",Gasoline,208.0HP 2.0L 4 Cylinder Engine Gasoline Fuel,Transmission w/Dual Shift Mode,Black,Black,None reported,Yes,19800.0,101922
Mercedes-Benz,AMG E 53 4MATIC,2020,"8,375 mi.",Gasoline,"AMG 3L I-6 gasoline direct injection, DOHC, variable valve contr","Automatic, 9-Spd 9G-Tronic",BLACK,BLACK,None reported,,69900.0,101923
Chevrolet,Suburban 1500 LT,2015,"153,800 mi.",E85 Flex Fuel,355.0HP 5.3L 8 Cylinder Engine Flex Fuel Capability,6-Speed A/T,Silver,Black,At least 1 accident or damage reported,Yes,23000.0,101924
Chrysler,300M Base,2004,"45,000 mi.",Gasoline,250.0HP 3.5L V6 Cylinder Engine Gasoline Fuel,A/T,Gray,Gray,None reported,Yes,6000.0,101925
GMC,Canyon Denali,2019,"26,339 mi.",Gasoline,308.0HP 3.6L V6 Cylinder Engine Gasoline Fuel,8-Speed A/T,Red,Black,At least 1 accident or damage reported,Yes,36750.0,101926
Nissan,Leaf S,2018,"56,450 mi.",,147.0HP Electric Motor Electric Fuel System,A/T,Black,Black,At least 1 accident or damage reported,Yes,13999.0,101927
Ford,F-150 Lariat,2022,"28,000 mi.",Gasoline,400.0HP 3.5L V6 Cylinder Engine Gasoline Fuel,A/T,Black,Black,None reported,Yes,53500.0,101928
Alfa,Romeo Giulia Base,2017,"48,000 mi.",Gasoline,280.0HP 2.0L 4 Cylinder Engine Gasoline Fuel,A/T,Red,Black,None reported,Yes,20500.0,101929
BMW,M3 Base,2011,"114,890 mi.",Gasoline,414.0HP 4.0L 8 Cylinder Engine Gasoline Fuel,Transmission w/Dual Shift Mode,White,Beige,None reported,Yes,20990.0,101930
Mercedes-Benz,GLE 350 Base,2020,"26,293 mi.",Gasoline,2.0 Liter Turbo,Automatic,designo Diamond White Bright,Macchiato/Magmagrey,None reported,,49998.0,101931
Chevrolet,Colorado Z85,2005,"155,000 mi.",Gasoline,220.0HP 3.5L 5 Cylinder Engine Gasoline Fuel,A/T,Blue,Gray,At least 1 accident or damage reported,Yes,7995.0,101932
Ford,Bronco Sport Outer Banks,2021,"31,654 mi.",Gasoline,1.5L I3 12V PDI DOHC Turbo,8-Speed Automatic,Rapid Red Metallic Tinted Clearcoat,Navy Pier,None reported,,33410.0,101933
Acura,TLX V6 Advance,2019,"25,779 mi.",Gasoline,3.5L V6 24V GDI SOHC,9-Speed Automatic,Platinum White Pearl,Ebony,At least 1 accident or damage reported,,30999.0,101934
Kia,Forte LX,2018,"47,466 mi.",Gasoline,"2L I-4 DOHC, D-CVVT variable valve control, engine with 147HP",Automatic,Silky Silver,Black,None reported,,14699.0,101935
BMW,325 i,2003,"142,000 mi.",Gasoline,184.0HP 2.5L Straight 6 Cylinder Engine Gasoline Fuel,5-Speed M/T,Silver,Black,At least 1 accident or damage reported,Yes,4800.0,101936
Lexus,RX 350 Crafted Line F Sport,2015,"110,000 mi.",Gasoline,270.0HP 3.5L V6 Cylinder Engine Gasoline Fuel,Transmission w/Dual Shift Mode,White,Black,None reported,Yes,28000.0,101937
GMC,Acadia SLE,2021,"26,000 mi.",Gasoline,228.0HP 2.0L 4 Cylinder Engine Gasoline Fuel,A/T,White,Black,None reported,Yes,30900.0,101938
Audi,Q7 3.0T Prestige,2018,"70,773 mi.",Gasoline,333.0HP 3.0L V6 Cylinder Engine Gasoline Fuel,A/T,White,Black,None reported,Yes,30950.0,101939
BMW,740 i,2012,"126,000 mi.",Gasoline,326.0HP 3.0L Straight 6 Cylinder Engine Gasoline Fuel,A/T,Black,Black,At least 1 accident or damage reported,Yes,12700.0,101940
Mercedes-Benz,Sprinter 3500XD High Roof,2021,"33,300 mi.",Diesel,188.0HP 3.0L V6 Cylinder Engine Diesel Fuel,7-Speed A/T,White,Black,None reported,Yes,45000.0,101941
BMW,330e iPerformance,2018,"45,253 mi.",Plug-In Hybrid,247.0HP 2.0L 4 Cylinder Engine Plug-In Electric/Gas,Transmission w/Dual Shift Mode,Black,Black,None reported,Yes,24995.0,101942
Rivian,R1S Launch Edition,2023,"4,500 mi.",,835.0HP Electric Motor Electric Fuel System,1-Speed A/T,Silver,Gray,None reported,Yes,89999.0,101943
Ford,F-150 Lariat,2018,"65,441 mi.",Gasoline,325.0HP 2.7L V6 Cylinder Engine Gasoline Fuel,A/T,Gray,Black,None reported,Yes,38000.0,101944
Nissan,Pathfinder SL,2015,"115,000 mi.",Gasoline,260.0HP 3.5L V6 Cylinder Engine Gasoline Fuel,A/T,Gray,Black,None reported,Yes,11995.0,101945
Hyundai,Elantra N Base,2023,"3,800 mi.",Gasoline,276.0HP 2.0L 4 Cylinder Engine Gasoline Fuel,6-Speed M/T,White,Black,None reported,Yes,34000.0,101946
Mercedes-Benz,SLK-Class SLK 350,2012,"44,000 mi.",Gasoline,302.0HP 3.5L V6 Cylinder Engine Gasoline Fuel,Transmission w/Dual Shift Mode,Gray,White,At least 1 accident or damage reported,Yes,22222.0,101947
Mercedes-Benz,C-Class C 300 4MATIC,2018,"41,515 mi.",Gasoline,2.0L I4 16V GDI DOHC Turbo,9-Speed Automatic,Black,Black,None reported,Yes,28251.0,101948
Mercedes-Benz,Sprinter High Roof,2014,"65,000 mi.",Diesel,188.0HP 3.0L V6 Cylinder Engine Diesel Fuel,7-Speed A/T,Black,Black,At least 1 accident or damage reported,Yes,54999.0,101949
Cadillac,Escalade ESV Sport,2021,"8,044 mi.",Gasoline,420.0HP 6.2L 8 Cylinder Engine Gasoline Fuel,Transmission w/Dual Shift Mode,Black,Beige,None reported,Yes,93000.0,101950
Genesis,GV70 3.5T Sport,2023,"5,400 mi.",Gasoline,375.0HP 3.5L V6 Cylinder Engine Gasoline Fuel,8-Speed A/T,Green,Beige,,,60000.0,101951
BMW,325 Ci,2004,"178,000 mi.",Gasoline,184.0HP 2.5L Straight 6 Cylinder Engine Gasoline Fuel,5-Speed A/T,Blue,Brown,None reported,Yes,5750.0,101952
Porsche,911 Carrera,2016,"22,500 mi.",Gasoline,350.0HP 3.4L Flat 6 Cylinder Engine Gasoline Fuel,A/T,Gray,Beige,None reported,Yes,78000.0,101953
Chevrolet,Camaro Z28,2002,"35,515 mi.",Gasoline,310.0HP 5.7L 8 Cylinder Engine Gasoline Fuel,M/T,Silver,Black,At least 1 accident or damage reported,Yes,21000.0,101954
Hyundai,Genesis 5,2012,"15,698 mi.",Gasoline,429.0HP 5.0L 8 Cylinder Engine Gasoline Fuel,Transmission w/Dual Shift Mode,Black,Black,None reported,Yes,19000.0,101955
Dodge,Durango GT,2020,"49,000 mi.",Gasoline,295.0HP 3.6L V6 Cylinder Engine Gasoline Fuel,A/T,White,Black,None reported,Yes,40000.0,101956
Honda,Passport TrailSport,2023,"11,649 mi.",Gasoline,280.0HP 3.5L V6 Cylinder Engine Gasoline Fuel,9-Speed A/T,Black,Black,,,39999.0,101957
Lexus,LS 460 Base,2014,"123,256 mi.",Gasoline,386.0HP 4.6L 8 Cylinder Engine Gasoline Fuel,8-Speed A/T,White,Beige,None reported,Yes,24995.0,101958
BMW,X5 xDrive50i,2016,"75,479 mi.",Gasoline,445.0HP 4.4L 8 Cylinder Engine Gasoline Fuel,Transmission w/Dual Shift Mode,Silver,Black,None reported,Yes,27899.0,101959
Hyundai,Palisade SEL,2020,"69,487 mi.",Gasoline,291.0HP 3.8L V6 Cylinder Engine Gasoline Fuel,A/T,White,Black,None reported,Yes,32000.0,101960
Chevrolet,Silverado 2500 WT,2018,"141,195 mi.",E85 Flex Fuel,6.0L V8 16V MPFI OHV Flexible Fuel,6-Speed Automatic,Summit White,Dark Ash,,,28499.0,101961
Mercedes-Benz,SL-Class SL 550,2013,"72,500 mi.",Gasoline,429.0HP 4.6L 8 Cylinder Engine Gasoline Fuel,7-Speed A/T,Black,Beige,None reported,Yes,31450.0,101962
Audi,S4 3.0T Premium Plus,2014,"106,000 mi.",Gasoline,333.0HP 3.0L V6 Cylinder Engine Gasoline Fuel,6-Speed M/T,Gray,Black,At least 1 accident or damage reported,Yes,23000.0,101963
Tesla,Model Y Performance,2022,"30,000 mi.",,455.0HP Electric Motor Electric Fuel System,A/T,White,White,None reported,Yes,51999.0,101964
BMW,650 Gran Coupe i xDrive,2015,"41,000 mi.",Gasoline,445.0HP 4.4L 8 Cylinder Engine Gasoline Fuel,8-Speed A/T,Black,Black,None reported,Yes,30000.0,101965
INFINITI,M56 Base,2011,"137,000 mi.",Gasoline,420.0HP 5.6L 8 Cylinder Engine Gasoline Fuel,Transmission w/Dual Shift Mode,Gray,Brown,At least 1 accident or damage reported,Yes,8500.0,101966
BMW,650 i,2006,"122,141 mi.",Gasoline,360.0HP 4.8L 8 Cylinder Engine Gasoline Fuel,6-Speed M/T,Silver,Black,None reported,Yes,10500.0,101967
Maybach,Type 57 Base,2004,"34,254 mi.",Gasoline,543.0HP 5.5L 12 Cylinder Engine Gasoline Fuel,5-Speed A/T,Brown,–,None reported,Yes,64250.0,101968
Hyundai,Accent SEL,2022,"5,100 mi.",Gasoline,120.0HP 1.6L 4 Cylinder Engine Gasoline Fuel,A/T,Blue,Black,None reported,Yes,19500.0,101969
Ford,Mustang GT,2006,"27,407 mi.",Gasoline,300.0HP 4.6L 8 Cylinder Engine Gasoline Fuel,5-Speed M/T,Silver,Red,None reported,Yes,21750.0,101970
BMW,X7 xDrive40i,2023,"2,437 mi.",Hybrid,375.0HP 3.0L Straight 6 Cylinder Engine Gasoline/Mild Electric Hybrid,Transmission w/Dual Shift Mode,Gray,Black,None reported,Yes,78350.0,101971
BMW,M3 Base,2011,"129,999 mi.",Gasoline,414.0HP 4.0L 8 Cylinder Engine Gasoline Fuel,6-Speed M/T,White,Black,None reported,Yes,29999.0,101972
Porsche,Cayenne Turbo,2004,"92,500 mi.",Gasoline,450.0HP 4.5L 8 Cylinder Engine Gasoline Fuel,Transmission w/Dual Shift Mode,Silver,Black,None reported,Yes,12000.0,101973
Ford,Expedition Limited,2013,"163,500 mi.",E85 Flex Fuel,310.0HP 5.4L 8 Cylinder Engine Flex Fuel Capability,A/T,Gray,Black,None reported,Yes,16490.0,101974
Porsche,911 Carrera,2015,"43,500 mi.",Gasoline,350.0HP 3.4L Flat 6 Cylinder Engine Gasoline Fuel,7-Speed A/T,Black,Black,None reported,Yes,66500.0,101975
Alfa,Romeo Stelvio Base,2018,"50,000 mi.",Gasoline,280.0HP 2.0L 4 Cylinder Engine Gasoline Fuel,A/T,Brown,Brown,None reported,Yes,27500.0,101976
Lincoln,Navigator Reserve,2019,"39,000 mi.",Gasoline,450.0HP 3.5L V6 Cylinder Engine Gasoline Fuel,10-Speed A/T,Black,Black,None reported,Yes,51999.0,101977
Chevrolet,Corvette Stingray w/1LT,2023,"4,000 mi.",Gasoline,490.0HP 6.2L 8 Cylinder Engine Gasoline Fuel,8-Speed A/T,Black,Red,At least 1 accident or damage reported,Yes,73900.0,101978
Aston,Martin V8 Vantage Base,2010,"25,991 mi.",Gasoline,420.0HP 4.7L 8 Cylinder Engine Gasoline Fuel,6-Speed A/T,Silver,Black,None reported,Yes,69995.0,101979
Subaru,BRZ Limited,2013,"129,858 mi.",Gasoline,200.0HP 2.0L 4 Cylinder Engine Gasoline Fuel,6-Speed A/T,Silver,Black,At least 1 accident or damage reported,Yes,13490.0,101980
Porsche,Panamera 4S,2017,"42,596 mi.",Gasoline,440.0HP 2.9L V6 Cylinder Engine Gasoline Fuel,Transmission w/Dual Shift Mode,Black,Black,None reported,Yes,78000.0,101981
Audi,Q5 40 Premium,2022,"14,550 mi.",Hybrid,201.0HP 2.0L 4 Cylinder Engine Gasoline/Mild Electric Hybrid,7-Speed A/T,Silver,Brown,None reported,Yes,41500.0,101982
Audi,A3 2.0T Premium,2012,"111,564 mi.",Gasoline,200.0HP 2.0L 4 Cylinder Engine Gasoline Fuel,6-Speed A/T,White,Black,None reported,Yes,11200.0,101983
Maserati,GranTurismo Sport,2015,"45,000 mi.",Gasoline,454.0HP 4.7L 8 Cylinder Engine Gasoline Fuel,6-Speed A/T,Black,Black,None reported,Yes,41900.0,101984
Mercedes-Benz,C-Class C 300 4MATIC,2021,"19,162 mi.",Gasoline,255.0HP 2.0L 4 Cylinder Engine Gasoline Fuel,Transmission w/Dual Shift Mode,Black,Black,None reported,Yes,38500.0,101985
Nissan,300ZX Base,1993,"168,000 mi.",–,–,5-Speed M/T,White,Black,None reported,Yes,7000.0,101986
Volvo,XC60 T6 Inscription,2019,"20,623 mi.",Gasoline,330.0HP 2.0L 4 Cylinder Engine Gasoline Fuel,A/T,Silver,Black,None reported,Yes,36800.0,101987
Porsche,Panamera 2,2011,"104,000 mi.",Gasoline,300.0HP 3.6L V6 Cylinder Engine Gasoline Fuel,7-Speed A/T,White,Black,None reported,Yes,20900.0,101988
Hyundai,Tucson SEL,2022,"13,666 mi.",Gasoline,2.5L I4 16V PDI DOHC,8-Speed Automatic,Portofino Gray,Black,None reported,,27999.0,101989
Chrysler,Town & Country Touring-L,2013,"115,872 mi.",E85 Flex Fuel,283.0HP 3.6L V6 Cylinder Engine Flex Fuel Capability,A/T,Black,Black,None reported,Yes,9500.0,101990
Chevrolet,Camaro 2LT,2015,"56,675 mi.",Gasoline,323.0HP 3.6L V6 Cylinder Engine Gasoline Fuel,Transmission w/Dual Shift Mode,Silver,Black,None reported,Yes,19750.0,101991
Mitsubishi,Lancer Evolution GSR,2013,"76,500 mi.",Gasoline,291.0HP 2.0L 4 Cylinder Engine Gasoline Fuel,5-Speed M/T,Black,Black,None reported,Yes,28000.0,101992
Jeep,Wrangler Sport,2001,"171,000 mi.",Gasoline,181.0HP 4.0L Straight 6 Cylinder Engine Gasoline Fuel,5-Speed M/T,White,Black,At least 1 accident or damage reported,Yes,15000.0,101993
Audi,TT 3.2 Cabriolet quattro,2008,"207,000 mi.",Gasoline,250.0HP 3.2L V6 Cylinder Engine Gasoline Fuel,6-Speed M/T,Black,Black,At least 1 accident or damage reported,Yes,10500.0,101994
Ford,Maverick Lariat,2022,"13,700 mi.",Hybrid,191.0HP 2.5L 4 Cylinder Engine Gas/Electric Hybrid,CVT Transmission,Blue,Brown,None reported,Yes,39500.0,101995
INFINITI,Q70h Base,2016,"52,750 mi.",Hybrid,360.0HP 3.5L V6 Cylinder Engine Gas/Electric Hybrid,7-Speed A/T,White,Black,At least 1 accident or damage reported,Yes,28998.0,101996
Chevrolet,Suburban Premier,2019,"44,800 mi.",Gasoline,420.0HP 6.2L 8 Cylinder Engine Gasoline Fuel,6-Speed A/T,Black,Black,None reported,Yes,52500.0,101997
Toyota,Sequoia TRD Pro,2023,600 mi.,Hybrid,437.0HP 3.4L V6 Cylinder Engine Gas/Electric Hybrid,10-Speed A/T,Orange,Black,None reported,Yes,91995.0,101998
Mercedes-Benz,Maybach S S 600,2016,"18,069 mi.",Gasoline,523.0HP 6.0L 12 Cylinder Engine Gasoline Fuel,7-Speed A/T,Black,Black,None reported,Yes,79999.0,101999
Ford,Fusion Hybrid Titanium,2014,"112,180 mi.",Hybrid,2.0L I4 16V MPFI DOHC Hybrid,Automatic CVT,White,Charcoal Black,None reported,,12599.0,102000
Cadillac,Escalade Sport Platinum,2021,"28,121 mi.",Gasoline,6.2L V8 16V GDI OHV,10-Speed Automatic,Black Raven,Jet Black,None reported,,89000.0,102001
Karma,Revero Base,2018,"21,000 mi.",,403.0HP 2.0L Electric Motor Electric Fuel System,A/T,White,Black,None reported,Yes,51000.0,102002
Tesla,Model S P100D,2018,"10,065 mi.",,Electric,1-Speed Automatic,Red Multi,White,None reported,,59999.0,102003
Jeep,Wrangler X,2005,"160,900 mi.",Gasoline,190.0HP 4.0L Straight 6 Cylinder Engine Gasoline Fuel,4-Speed A/T,Black,–,At least 1 accident or damage reported,Yes,7200.0,102004
Mercedes-Benz,CLS 450 Base,2019,"67,000 mi.",Hybrid,369.0HP 3.0L Straight 6 Cylinder Engine Gasoline/Mild Electric Hybrid,Transmission w/Dual Shift Mode,Yellow,Black,None reported,Yes,44500.0,102005
BMW,330 i xDrive,2017,"63,150 mi.",Gasoline,248.0HP 2.0L 4 Cylinder Engine Gasoline Fuel,A/T,White,Beige,None reported,Yes,21500.0,102006
Audi,TT 2.0T,2018,"42,650 mi.",Gasoline,220.0HP 2.0L 4 Cylinder Engine Gasoline Fuel,Transmission w/Dual Shift Mode,Gray,Black,None reported,Yes,31990.0,102007
Acura,Integra w/A-Spec Tech Package,2023,"3,574 mi.",Gasoline,1.5 Liter Turbo,Variable,Apex Blue,Orchid,None reported,,34998.0,102008
Lexus,RX 450h F Sport Handling,2022,"1,600 mi.",Hybrid,308.0HP 3.5L V6 Cylinder Engine Gas/Electric Hybrid,A/T,White,Black,None reported,Yes,59000.0,102009
BMW,X6 xDrive50i,2017,"78,500 mi.",Gasoline,445.0HP 4.4L 8 Cylinder Engine Gasoline Fuel,8-Speed A/T,Red,Brown,At least 1 accident or damage reported,Yes,42000.0,102010
Bentley,Bentayga Onyx Edition,2018,"18,500 mi.",Gasoline,600.0HP 6.0L 12 Cylinder Engine Gasoline Fuel,8-Speed A/T,Black,Brown,None reported,Yes,115000.0,102011
Toyota,Celica GT,2001,"122,000 mi.",Gasoline,140.0HP 1.8L 4 Cylinder Engine Gasoline Fuel,5-Speed M/T,Blue,Gray,None reported,Yes,7800.0,102012
Mercedes-Benz,Metris Base,2018,"58,350 mi.",Gasoline,208.0HP 2.0L 4 Cylinder Engine Gasoline Fuel,7-Speed A/T,Black,Black,None reported,Yes,29497.0,102013
BMW,X3 xDrive28i,2015,"92,984 mi.",Gasoline,240.0HP 2.0L 4 Cylinder Engine Gasoline Fuel,Transmission w/Dual Shift Mode,White,Beige,At least 1 accident or damage reported,Yes,17000.0,102014
Maserati,Quattroporte Modena Q4,2023,"8,603 mi.",Gasoline,3.0L V6 24V GDI DOHC Twin Turbo,8-Speed Automatic,Blu,Tan,None reported,,125900.0,102015
Jeep,Liberty Sport,2008,"141,485 mi.",Gasoline,210.0HP 3.7L V6 Cylinder Engine Gasoline Fuel,A/T,Black,Gray,At least 1 accident or damage reported,Yes,6500.0,102016
Mercedes-Benz,S-Class S 560 4MATIC,2019,"49,500 mi.",Gasoline,463.0HP 4.0L 8 Cylinder Engine Gasoline Fuel,A/T,Black,Beige,None reported,Yes,55900.0,102017
Dodge,Durango GT,2022,"15,592 mi.",Gasoline,3.6L V6 24V MPFI DOHC,8-Speed Automatic,DB Black Clearcoat,Black,None reported,Yes,39985.0,102018
Cadillac,Escalade Sport,2023,"3,000 mi.",Diesel,277.0HP 3.0L Straight 6 Cylinder Engine Diesel Fuel,A/T,White,Brown,None reported,Yes,123999.0,102019
Acura,ILX Premium Package,2022,"16,120 mi.",Gasoline,2.4L I4 16V GDI DOHC,8-Speed Automatic with Auto-Shift,Gray,Ebony,None reported,,26599.0,102020
RAM,1500 Big Horn,2022,"14,920 mi.",Gasoline,3.6L V6 24V MPFI DOHC,Automatic,Diamond Black,Black,None reported,Yes,41741.0,102021
Nissan,Armada Platinum,2018,"119,950 mi.",Gasoline,390.0HP 5.6L 8 Cylinder Engine Gasoline Fuel,Transmission w/Dual Shift Mode,Black,Black,None reported,Yes,20999.0,102022
Audi,A4 2.0T Premium Plus,2015,"73,000 mi.",E85 Flex Fuel,220.0HP 2.0L 4 Cylinder Engine Flex Fuel Capability,A/T,Black,Black,At least 1 accident or damage reported,Yes,17200.0,102023
Toyota,86 860 Special Edition,2017,"87,500 mi.",Gasoline,200.0HP 2.0L 4 Cylinder Engine Gasoline Fuel,6-Speed A/T,Silver,Black,None reported,Yes,20000.0,102024
BMW,335 i xDrive,2013,"82,849 mi.",Gasoline,300.0HP 3.0L Straight 6 Cylinder Engine Gasoline Fuel,8-Speed A/T,Red,Black,None reported,Yes,19999.0,102025
Ford,Transit-350 XLT,2020,"32,000 mi.",Diesel,210.0HP 2.0L 4 Cylinder Engine Diesel Fuel,A/T,Black,Black,None reported,Yes,68000.0,102026
Lexus,IS 350 Base,2007,"103,000 mi.",Gasoline,306.0HP 3.5L V6 Cylinder Engine Gasoline Fuel,6-Speed A/T,Red,Beige,At least 1 accident or damage reported,Yes,12900.0,102027
Land,Rover Range Rover P525 HSE SWB,2020,"49,899 mi.",Gasoline,518.0HP 5.0L 8 Cylinder Engine Gasoline Fuel,Transmission w/Dual Shift Mode,White,Black,At least 1 accident or damage reported,Yes,64500.0,102028
Cadillac,CTS Luxury,2011,"66,200 mi.",Gasoline,270.0HP 3.0L V6 Cylinder Engine Gasoline Fuel,6-Speed A/T,Black,Black,None reported,Yes,16499.0,102029
Chevrolet,Corvette Base,2004,"40,011 mi.",Gasoline,350.0HP 5.7L 8 Cylinder Engine Gasoline Fuel,4-Speed A/T,Red,Black,None reported,Yes,23500.0,102030
Ford,Expedition Max Limited,2018,"45,578 mi.",Gasoline,375.0HP 3.5L V6 Cylinder Engine Gasoline Fuel,10-Speed A/T,White,–,None reported,Yes,45023.0,102031
Dodge,Challenger SRT 392,2016,"37,700 mi.",–,–,8-Speed A/T,Black,Black,At least 1 accident or damage reported,Yes,38000.0,102032
BMW,M5 Base,2015,"33,000 mi.",Gasoline,560.0HP 4.4L 8 Cylinder Engine Gasoline Fuel,7-Speed A/T,Gray,Black,None reported,Yes,65000.0,102033
Chevrolet,Suburban LT,2017,"117,000 mi.",Gasoline,6.0L 8 Cylinder Engine Gasoline Fuel,6-Speed A/T,Blue,Beige,None reported,Yes,27000.0,102034
BMW,M5 Base,2018,"47,700 mi.",Gasoline,600.0HP 4.4L 8 Cylinder Engine Gasoline Fuel,8-Speed A/T,Red,White,At least 1 accident or damage reported,Yes,54999.0,102035
Ford,Ranger XLT,1999,"115,402 mi.",E85 Flex Fuel,152.0HP 3.0L V6 Cylinder Engine Flex Fuel Capability,A/T,Gold,Beige,None reported,Yes,8000.0,102036
Lexus,GS 350 F Sport,2020,"24,651 mi.",Gasoline,3.5L V6 24V PDI DOHC,6-Speed Automatic,Ultra White,Black,None reported,,45950.0,102037
Lexus,IS-F Base,2008,"113,000 mi.",Gasoline,416.0HP 5.0L 8 Cylinder Engine Gasoline Fuel,8-Speed A/T,Black,Black,At least 1 accident or damage reported,Yes,34000.0,102038
Ford,Fusion SE,2014,"80,800 mi.",Gasoline,175.0HP 2.5L 4 Cylinder Engine Gasoline Fuel,A/T,Blue,Beige,None reported,Yes,10000.0,102039
Chevrolet,Suburban 2500 LS,2006,"60,000 mi.",Gasoline,325.0HP 8.1L 8 Cylinder Engine Gasoline Fuel,A/T,Brown,Brown,At least 1 accident or damage reported,Yes,24950.0,102040
BMW,528 i xDrive,2015,"125,500 mi.",Gasoline,240.0HP 2.0L 4 Cylinder Engine Gasoline Fuel,A/T,Black,Black,At least 1 accident or damage reported,Yes,12950.0,102041
Porsche,Taycan Base,2021,"6,785 mi.",,Electric,2-Speed Automatic,Gentian Blue Metallic,Black,None reported,,108900.0,102042
GMC,Sierra 1500 Denali,2019,"43,433 mi.",Gasoline,5.3L V8 16V GDI OHV,Automatic,Onyx Black,Walnut,None reported,,51899.0,102043
BMW,M3 Base,2012,"83,000 mi.",Gasoline,414.0HP 4.0L 8 Cylinder Engine Gasoline Fuel,7-Speed A/T,Black,Red,At least 1 accident or damage reported,Yes,31000.0,102044
Jaguar,XJ8 L,2006,"78,049 mi.",Gasoline,300.0HP 4.2L 8 Cylinder Engine Gasoline Fuel,6-Speed A/T,White,Beige,None reported,Yes,13980.0,102045
Nissan,GT-R Premium,2020,"16,010 mi.",Gasoline,565.0HP 3.8L V6 Cylinder Engine Gasoline Fuel,A/T,White,Black,None reported,Yes,114000.0,102046
Audi,A8 L 3.0T,2016,"55,000 mi.",Gasoline,333.0HP 3.0L V6 Cylinder Engine Gasoline Fuel,A/T,White,Brown,None reported,Yes,28000.0,102047
Lucid,Air Pure,2023,"1,300 mi.",,620.0HP Electric Motor Electric Fuel System,A/T,Black,Gray,,,86900.0,102048
Cadillac,Escalade ESV Sport,2021,"4,283 mi.",Gasoline,6.2L V8 16V GDI OHV,10-Speed Automatic,Black,Brandy,None reported,Yes,479995.0,102049
Mitsubishi,Lancer DE,2009,"143,346 mi.",Gasoline,152.0HP 2.0L 4 Cylinder Engine Gasoline Fuel,5-Speed M/T,Black,Black,At least 1 accident or damage reported,Yes,3000.0,102050
Toyota,Tundra SR,2018,"51,000 mi.",Gasoline,381.0HP 5.7L 8 Cylinder Engine Gasoline Fuel,A/T,Black,Gray,None reported,Yes,38000.0,102051
Chevrolet,Express 1500 Work Van,2014,"139,804 mi.",Gasoline,195.0HP 4.3L V6 Cylinder Engine Gasoline Fuel,A/T,White,Gray,At least 1 accident or damage reported,Yes,14500.0,102052
Ford,F-250 XLT,2019,"33,000 mi.",Diesel,450.0HP 6.7L 8 Cylinder Engine Diesel Fuel,6-Speed A/T,Black,Gray,None reported,Yes,59000.0,102053
Honda,Accord Hybrid Base,2021,"33,523 mi.",Hybrid,2.0L I4 16V MPFI DOHC Hybrid,Automatic CVT,Lunar Silver Metallic,Gray,None reported,,28748.0,102054
Dodge,Magnum R/T,2005,"96,000 mi.",Gasoline,340.0HP 5.7L 8 Cylinder Engine Gasoline Fuel,5-Speed A/T,Gray,Gold,At least 1 accident or damage reported,Yes,12000.0,102055
Lexus,RX 350 Base,2021,"30,761 mi.",Gasoline,3.5L V6 24V PDI DOHC,8-Speed Automatic,Eminent White Pearl,Black,None reported,,44950.0,102056
Audi,e-tron Premium,2021,"18,031 mi.",,Electric,1-Speed Automatic,Navarra Blue Metallic,Black,None reported,,39599.0,102057
Mercedes-Benz,E-Class E500,2005,"153,460 mi.",Gasoline,302.0HP 5.0L 8 Cylinder Engine Gasoline Fuel,A/T,Gold,Gold,At least 1 accident or damage reported,Yes,5800.0,102058
Audi,A6 3.0T Premium Plus,2016,"71,280 mi.",Gasoline,333.0HP 3.0L V6 Cylinder Engine Gasoline Fuel,A/T,Silver,Black,None reported,Yes,22000.0,102059
Acura,MDX Technology,2022,"15,895 mi.",Gasoline,3.5L V6 24V GDI SOHC,10-Speed Automatic,Majestic Black Pearl,Parchment,None reported,,47950.0,102060
Land,Rover Discovery SE,2018,"63,295 mi.",Gasoline,340.0HP 3.0L V6 Cylinder Engine Gasoline Fuel,8-Speed A/T,Blue,White,None reported,Yes,29993.0,102061
Land,Rover Range Rover Sport 3.0 Supercharged HST,2021,"27,608 mi.",Gasoline,V6,Automatic,Fuji White,Pimento / Ebony,None reported,,73897.0,102062
Bentley,Bentayga V8,2019,"22,039 mi.",Gasoline,542.0HP 4.0L 8 Cylinder Engine Gasoline Fuel,8-Speed A/T,White,Black,None reported,Yes,113990.0,102063
Audi,TT 1.8T,2004,"79,500 mi.",Gasoline,180.0HP 1.8L 4 Cylinder Engine Gasoline Fuel,A/T,Silver,Black,None reported,Yes,12000.0,102064
Dodge,Durango SRT,2020,"36,000 mi.",Gasoline,475.0HP 6.4L 8 Cylinder Engine Gasoline Fuel,8-Speed A/T,Gray,Red,None reported,Yes,62000.0,102065
Ford,F-150 XL,2018,"52,500 mi.",E85 Flex Fuel,395.0HP 5.0L 8 Cylinder Engine Flex Fuel Capability,A/T,Gray,Gray,None reported,Yes,35000.0,102066
Chevrolet,Suburban 1500 LT,2015,"167,500 mi.",Gasoline,355.0HP 5.3L 8 Cylinder Engine Gasoline Fuel,6-Speed A/T,Silver,Black,None reported,Yes,18000.0,102067
Hyundai,Genesis 3.8,2015,"92,225 mi.",Gasoline,311.0HP 3.8L V6 Cylinder Engine Gasoline Fuel,A/T,Black,Black,At least 1 accident or damage reported,Yes,17000.0,102068
Toyota,Tacoma TRD Sport,2018,"84,184 mi.",Gasoline,3.5 Liter,Automatic,Magnetic Gray Metallic,Graphite w/Gun Metal,None reported,,35998.0,102069
Buick,Lucerne CXL,2006,"110,000 mi.",Gasoline,275.0HP 4.6L 8 Cylinder Engine Gasoline Fuel,A/T,Gold,Beige,None reported,Yes,5000.0,102070
Ferrari,Roma Base,2021,"3,000 mi.",Gasoline,611.0HP 3.9L 8 Cylinder Engine Gasoline Fuel,8-Speed A/T,Blue,Brown,None reported,Yes,275000.0,102071
Ford,F-250 XLT Crew Cab Super Duty,2008,"190,321 mi.",Diesel,350.0HP 6.4L 8 Cylinder Engine Diesel Fuel,A/T,White,Beige,None reported,Yes,15900.0,102072
Jaguar,XF Premium,2011,"35,134 mi.",Gasoline,385.0HP 5.0L 8 Cylinder Engine Gasoline Fuel,A/T,Gray,Gray,At least 1 accident or damage reported,Yes,12400.0,102073
Cadillac,XTS Luxury,2019,"54,002 mi.",Gasoline,304.0HP 3.6L V6 Cylinder Engine Gasoline Fuel,A/T,Black,Beige,At least 1 accident or damage reported,Yes,22500.0,102074
Subaru,BRZ Limited,2022,"10,500 mi.",Gasoline,228.0HP 2.4L 4 Cylinder Engine Gasoline Fuel,Transmission w/Dual Shift Mode,Gray,–,None reported,Yes,32500.0,102075
Nissan,Altima 2.5 S,2020,"30,900 mi.",Gasoline,182.0HP 2.5L 4 Cylinder Engine Gasoline Fuel,A/T,Silver,Gray,None reported,Yes,21000.0,102076
Lotus,Evora 2+2,2011,"20,000 mi.",Gasoline,276.0HP 3.5L V6 Cylinder Engine Gasoline Fuel,6-Speed M/T,White,Red,None reported,Yes,51000.0,102077
Jeep,Commander Base,2006,"212,500 mi.",Gasoline,210.0HP 3.7L V6 Cylinder Engine Gasoline Fuel,A/T,Black,Gray,None reported,Yes,6500.0,102078
Audi,RS Q8 4.0T,2020,"41,856 mi.",Gasoline,591.0HP 4.0L 8 Cylinder Engine Gasoline Fuel,Transmission w/Dual Shift Mode,Gray,Black,None reported,Yes,91500.0,102079
RAM,1500 Laramie,2022,"13,464 mi.",Gasoline,5.7L V8 16V MPFI OHV,8-Speed Automatic,Diamond Black,Black,None reported,,46999.0,102080
Land,Rover Range Rover P400 SE SWB,2023,"11,700 mi.",Hybrid,395.0HP 3.0L Straight 6 Cylinder Engine Gasoline/Mild Electric Hybrid,Transmission w/Dual Shift Mode,Gray,White,None reported,Yes,133500.0,102081
Pontiac,Firebird Trans Am,2001,"71,448 mi.",Gasoline,200.0HP 3.8L V6 Cylinder Engine Gasoline Fuel,4-Speed A/T,Gray,Black,None reported,Yes,10500.0,102082
Volkswagen,Golf R 20th Anniversary Edition,2023,633 mi.,Gasoline,315.0HP 2.0L 4 Cylinder Engine Gasoline Fuel,6-Speed M/T,White,Black,None reported,Yes,47999.0,102083
Nissan,Murano SV,2021,"23,677 mi.",Gasoline,3.5L V6 24V MPFI DOHC,Automatic CVT,Sunset Drift Chromaflair,Graphite,None reported,,29510.0,102084
Dodge,Challenger SRT Demon,2018,"2,620 mi.",Gasoline,808.0HP 6.2L 8 Cylinder Engine Gasoline Fuel,8-Speed A/T,Black,Black,,,155700.0,102085
Porsche,Boxster RS 60 Spyder,2008,"58,000 mi.",Gasoline,303.0HP 3.4L Flat 6 Cylinder Engine Gasoline Fuel,6-Speed M/T,Silver,Black,None reported,Yes,41500.0,102086
Ford,Mustang Premium,2007,"126,000 mi.",Gasoline,210.0HP 4.0L V6 Cylinder Engine Gasoline Fuel,A/T,Red,Black,None reported,Yes,9000.0,102087
MINI,Hardtop Cooper S,2017,"44,300 mi.",Gasoline,189.0HP 2.0L 4 Cylinder Engine Gasoline Fuel,6-Speed M/T,Silver,Black,None reported,Yes,20784.0,102088
Land,Rover Range Rover Sport HST MHEV,2020,"19,000 mi.",Hybrid,395.0HP 3.0L Straight 6 Cylinder Engine Gasoline/Mild Electric Hybrid,Transmission w/Dual Shift Mode,Silver,Black,,,74900.0,102089
Mercedes-Benz,GL-Class GL 450 4MATIC,2013,"63,300 mi.",Gasoline,362.0HP 4.6L 8 Cylinder Engine Gasoline Fuel,7-Speed A/T,Black,Black,None reported,Yes,22800.0,102090
BMW,M5 Base,2006,"106,000 mi.",Gasoline,500.0HP 5.0L 10 Cylinder Engine Gasoline Fuel,Transmission w/Dual Shift Mode,Black,Black,None reported,Yes,19500.0,102091
Mercedes-Benz,AMG C 43 Base 4MATIC,2018,"28,800 mi.",Gasoline,362.0HP 3.0L V6 Cylinder Engine Gasoline Fuel,9-Speed A/T,Silver,Black,None reported,Yes,48000.0,102092
Jeep,Grand Cherokee L Limited,2021,"25,968 mi.",Gasoline,3.6L V6 24V MPFI DOHC,8-Speed Automatic,Metallic,Global Black,None reported,,38405.0,102093
Chevrolet,Camaro 2SS,2018,"75,151 mi.",Gasoline,455.0HP 6.2L 8 Cylinder Engine Gasoline Fuel,6-Speed M/T,Gray,Black,At least 1 accident or damage reported,Yes,45000.0,102094
Volvo,S60 B5 Inscription,2022,"14,280 mi.",Hybrid,247.0HP 2.0L 4 Cylinder Engine Gasoline/Mild Electric Hybrid,A/T,Blue,Black,None reported,Yes,36500.0,102095
RAM,2500 Tradesman,2021,"34,365 mi.",Gasoline,410.0HP 6.4L 8 Cylinder Engine Gasoline Fuel,8-Speed A/T,Gray,Gray,At least 1 accident or damage reported,Yes,48000.0,102096
Chevrolet,Suburban LTZ,2016,"135,484 mi.",Gasoline,5.3L V8 16V GDI OHV,6-Speed Automatic,Tungsten Metallic,Cocoa / Dune,,,29748.0,102097
Mercedes-Benz,E-Class E 350,2012,"82,046 mi.",Gasoline,302.0HP 3.5L V6 Cylinder Engine Gasoline Fuel,7-Speed A/T,Black,Beige,None reported,Yes,13999.0,102098
Chevrolet,Express 1500 Base,2010,"204,000 mi.",E85 Flex Fuel,310.0HP 5.3L 8 Cylinder Engine Flex Fuel Capability,4-Speed A/T,White,Gray,At least 1 accident or damage reported,Yes,4900.0,102099
Tesla,Model X 100D,2018,"23,250 mi.",,518.0HP Electric Motor Electric Fuel System,1-Speed A/T,Gray,White,None reported,Yes,57000.0,102100
BMW,650 Gran Coupe i xDrive,2015,"69,000 mi.",Gasoline,445.0HP 4.4L 8 Cylinder Engine Gasoline Fuel,8-Speed A/T,Gray,Black,None reported,Yes,25700.0,102101
Ford,Focus SE,2014,"60,109 mi.",E85 Flex Fuel,160.0HP 2.0L 4 Cylinder Engine Flex Fuel Capability,6-Speed A/T,Gray,Black,None reported,Yes,9499.0,102102
GMC,Yukon Denali,2018,"92,800 mi.",Gasoline,420.0HP 6.2L 8 Cylinder Engine Gasoline Fuel,10-Speed A/T,White,Black,None reported,Yes,34000.0,102103
Ford,Transit Connect XLT,2012,"140,450 mi.",Gasoline,136.0HP 2.0L 4 Cylinder Engine Gasoline Fuel,4-Speed A/T,Red,Gray,At least 1 accident or damage reported,Yes,8500.0,102104
Mercedes-Benz,CLK-Class CLK 350,2009,"77,925 mi.",Gasoline,268.0HP 3.5L V6 Cylinder Engine Gasoline Fuel,Transmission w/Dual Shift Mode,Silver,Black,None reported,Yes,16500.0,102105
Audi,A3 2.0T Premium,2018,"36,500 mi.",Gasoline,220.0HP 2.0L 4 Cylinder Engine Gasoline Fuel,6-Speed A/T,Gray,Silver,At least 1 accident or damage reported,Yes,25500.0,102106
Rolls-Royce,Ghost Base,2011,"79,000 mi.",Gasoline,563.0HP 6.6L 12 Cylinder Engine Gasoline Fuel,8-Speed A/T,Black,White,At least 1 accident or damage reported,Yes,80300.0,102107
Mercedes-Benz,S-Class S 450,2018,"69,600 mi.",Gasoline,362.0HP 3.0L V6 Cylinder Engine Gasoline Fuel,9-Speed A/T,Black,Black,None reported,Yes,40888.0,102108
Toyota,Prius Touring,2009,"142,500 mi.",Hybrid,76.0HP 1.5L 4 Cylinder Engine Gas/Electric Hybrid,A/T,Blue,Beige,None reported,Yes,6999.0,102109
Dodge,Charger R/T,2012,"122,000 mi.",Gasoline,370.0HP 5.7L 8 Cylinder Engine Gasoline Fuel,5-Speed A/T,White,Black,At least 1 accident or damage reported,Yes,13500.0,102110
Porsche,Macan S,2018,"40,950 mi.",Gasoline,340.0HP 3.0L V6 Cylinder Engine Gasoline Fuel,7-Speed A/T,Black,Black,None reported,Yes,39750.0,102111
Porsche,Cayenne Diesel,2015,"97,300 mi.",Diesel,240.0HP 3.0L V6 Cylinder Engine Diesel Fuel,8-Speed A/T,Black,Black,None reported,Yes,29995.0,102112
GMC,Sierra 2500 AT4,2020,"52,673 mi.",Diesel,445.0HP 6.6L 8 Cylinder Engine Diesel Fuel,6-Speed A/T,Black,Beige,None reported,Yes,69500.0,102113
Mercedes-Benz,G 550 4x4 Squared Base,2017,"23,567 mi.",Gasoline,416.0HP 4.0L 8 Cylinder Engine Gasoline Fuel,Transmission w/Dual Shift Mode,White,Black,At least 1 accident or damage reported,Yes,215000.0,102114
Audi,A4 2.0T Premium quattro,2011,"181,000 mi.",Gasoline,211.0HP 2.0L 4 Cylinder Engine Gasoline Fuel,A/T,White,Black,None reported,Yes,5500.0,102115
Audi,A5 2.0T Premium,2018,"67,035 mi.",Gasoline,252.0HP 2.0L 4 Cylinder Engine Gasoline Fuel,Transmission w/Dual Shift Mode,Pink,Brown,At least 1 accident or damage reported,Yes,31500.0,102116
Maserati,Quattroporte Base,2005,"32,000 mi.",Gasoline,394.0HP 4.2L 8 Cylinder Engine Gasoline Fuel,Transmission w/Dual Shift Mode,Red,Beige,At least 1 accident or damage reported,Yes,2954083.0,102117
Dodge,Dart SE,2015,"66,000 mi.",Gasoline,160.0HP 2.0L 4 Cylinder Engine Gasoline Fuel,6-Speed M/T,Black,Black,None reported,Yes,12000.0,102118
Subaru,Outback 2.5i Limited,2014,"157,530 mi.",Gasoline,2.5L H4 16V MPFI DOHC,Automatic CVT,Twilight Blue Metallic,Black,At least 1 accident or damage reported,Yes,9995.0,102119
Toyota,Camry Hybrid Base,2007,"53,249 mi.",Hybrid,147.0HP 2.4L 4 Cylinder Engine Gas/Electric Hybrid,A/T,Silver,Gray,At least 1 accident or damage reported,Yes,9250.0,102120
BMW,X7 xDrive40i,2020,"46,000 mi.",Gasoline,335.0HP 3.0L Straight 6 Cylinder Engine Gasoline Fuel,Transmission w/Dual Shift Mode,Black,Black,None reported,Yes,54999.0,102121
Nissan,Leaf SV PLUS,2023,"5,121 mi.",,Electric,1-Speed Automatic,Brilliant Silver Metallic,Black,None reported,Yes,28196.0,102122
Audi,A5 2.0T Premium Plus,2019,"47,523 mi.",Gasoline,248.0HP 2.0L 4 Cylinder Engine Gasoline Fuel,Transmission w/Dual Shift Mode,Black,Black,None reported,Yes,31000.0,102123
BMW,M240 i,2019,"19,300 mi.",Gasoline,335.0HP 3.0L Straight 6 Cylinder Engine Gasoline Fuel,8-Speed A/T,White,Red,None reported,Yes,36000.0,102124
Lincoln,Navigator L Select,2016,"115,600 mi.",Gasoline,380.0HP 3.5L V6 Cylinder Engine Gasoline Fuel,6-Speed A/T,Black,Black,None reported,Yes,22500.0,102125
Ford,E250 Cargo,2013,"87,501 mi.",E85 Flex Fuel,225.0HP 4.6L 8 Cylinder Engine Flex Fuel Capability,4-Speed A/T,White,Gray,At least 1 accident or damage reported,Yes,17777.0,102126
Bentley,Continental GT Base,2009,"18,000 mi.",Gasoline,552.0HP 6.0L 12 Cylinder Engine Gasoline Fuel,A/T,Blue,Beige,None reported,Yes,63000.0,102127
Jaguar,XJ Vanden Plas,2008,"87,888 mi.",Gasoline,300.0HP 4.2L 8 Cylinder Engine Gasoline Fuel,6-Speed A/T,Black,Black,None reported,Yes,11990.0,102128
Land,Rover Range Rover Sport Supercharged HSE,2016,"49,799 mi.",Gasoline,340.0HP 3.0L V6 Cylinder Engine Gasoline Fuel,A/T,Brown,Brown,None reported,Yes,37500.0,102129
BMW,428 i,2014,"71,000 mi.",Gasoline,240.0HP 2.0L 4 Cylinder Engine Gasoline Fuel,Transmission w/Dual Shift Mode,White,Black,At least 1 accident or damage reported,Yes,16700.0,102130
Lexus,LC 500 Base,2018,"29,800 mi.",Gasoline,471.0HP 5.0L 8 Cylinder Engine Gasoline Fuel,10-Speed A/T,Black,Black,None reported,Yes,68495.0,102131
Mercedes-Benz,E-Class E 400 4MATIC,2018,"45,203 mi.",Gasoline,3.0L V6 24V GDI DOHC Twin Turbo,9-Speed Automatic,White,Saddle Brown,None reported,Yes,39853.0,102132
FIAT,500e Battery Electric,2017,"33,812 mi.",,111.0HP Electric Motor Electric Fuel System,1-Speed A/T,Silver,Black,None reported,Yes,14999.0,102133
Land,Rover Range Rover 5.0L V8 Supercharged,2019,"17,500 mi.",Gasoline,518.0HP 5.0L 8 Cylinder Engine Gasoline Fuel,8-Speed A/T,Black,Black,None reported,Yes,65000.0,102134
Audi,R8 5.2 V10,2021,"6,397 mi.",Gasoline,5.2L V10 40V PDI DOHC,7-Speed Automatic with Auto-Shift,Kemora Gray Metallic,Black / Express Red,None reported,,172900.0,102135
Saturn,Sky Base,2008,"15,020 mi.",Gasoline,173.0HP 2.4L 4 Cylinder Engine Gasoline Fuel,A/T,Silver,Red,None reported,Yes,18500.0,102136
Buick,Envision Essence,2019,"47,839 mi.",Gasoline,2.5L I4 16V GDI DOHC,6-Speed Automatic,Summit White,Ebony,None reported,Yes,24991.0,102137
INFINITI,QX56 Base,2012,"141,775 mi.",Gasoline,400.0HP 5.6L 8 Cylinder Engine Gasoline Fuel,Transmission w/Dual Shift Mode,White,Beige,None reported,Yes,11500.0,102138
Jeep,Wrangler Sport,2016,"86,250 mi.",Gasoline,285.0HP 3.6L V6 Cylinder Engine Gasoline Fuel,5-Speed A/T,White,Black,None reported,Yes,22000.0,102139
Volkswagen,Arteon SEL R-Line,2022,"18,655 mi.",Gasoline,2.0 Liter TSI,Automatic,Oryx White Prl,Titan Black,None reported,,38698.0,102140
Porsche,911 Carrera,2020,"23,278 mi.",Gasoline,3.0 Liter,Automatic,Blue,–,None reported,,114998.0,102141
BMW,X6 M Base,2018,"48,000 mi.",Gasoline,567.0HP 4.4L 8 Cylinder Engine Gasoline Fuel,8-Speed A/T,Blue,Black,None reported,Yes,54000.0,102142
INFINITI,QX80 Luxe,2022,"49,860 mi.",Gasoline,5.6L V8 32V GDI DOHC,Automatic,Black Obsidian,Graphite,At least 1 accident or damage reported,Yes,47645.0,102143
Saturn,Sky Red Line,2008,"94,291 mi.",Gasoline,260.0HP 2.0L 4 Cylinder Engine Gasoline Fuel,A/T,White,–,None reported,Yes,14500.0,102144
Volvo,XC70 T6 Platinum,2012,"69,000 mi.",Gasoline,300.0HP 3.0L Straight 6 Cylinder Engine Gasoline Fuel,A/T,Silver,Black,At least 1 accident or damage reported,Yes,15900.0,102145
Kia,Sportage LX,2009,"100,730 mi.",Gasoline,173.0HP 2.7L V6 Cylinder Engine Gasoline Fuel,A/T,Gold,Gold,None reported,Yes,6975.0,102146
Subaru,Impreza 2.0i,2015,"102,242 mi.",Gasoline,"2L H-4 DOHC, variable valve control, regular unleaded, engine wi",Manual,Quartz Blue Pearl,Black,At least 1 accident or damage reported,,11498.0,102147
Buick,LaCrosse Leather,2012,"19,079 mi.",Hybrid,182.0HP 2.4L 4 Cylinder Engine Gasoline/Mild Electric Hybrid,6-Speed A/T,Gold,Beige,None reported,Yes,15995.0,102148
Jeep,Grand Wagoneer Series III,2022,"18,428 mi.",Gasoline,6.4 Liter,Automatic,Baltic Gray,Black,None reported,,83998.0,102149
Jeep,Wrangler X,2005,"162,482 mi.",Gasoline,190.0HP 4.0L Straight 6 Cylinder Engine Gasoline Fuel,6-Speed M/T,Orange,Gray,None reported,Yes,11000.0,102150
Maserati,GranTurismo Base,2008,"70,000 mi.",Gasoline,405.0HP 4.2L 8 Cylinder Engine Gasoline Fuel,A/T,Blue,Brown,At least 1 accident or damage reported,Yes,13000.0,102151
Acura,MDX 3.5L w/Advance & Entertainment Pkgs,2017,"79,884 mi.",Gasoline,3.5L V6 24V GDI SOHC,9-Speed Automatic,Gray,Graystone,At least 1 accident or damage reported,,24840.0,102152
Mercedes-Benz,G-Class G 550 4MATIC,2019,"32,376 mi.",Gasoline,416.0HP 4.0L 8 Cylinder Engine Gasoline Fuel,A/T,Black,Black,None reported,Yes,128000.0,102153
Ford,Edge SEL,2019,"26,465 mi.",Gasoline,2.0L I4 16V GDI DOHC Turbo,8-Speed Automatic,White Platinum Tri-Coat Metallic,Ebony,None reported,,24998.0,102154
Toyota,Sequoia Platinum,2011,"173,456 mi.",E85 Flex Fuel,381.0HP 5.7L 8 Cylinder Engine Flex Fuel Capability,6-Speed A/T,Black,Gray,At least 1 accident or damage reported,Yes,16000.0,102155
Ford,Fusion Energi Titanium,2015,"84,352 mi.",Plug-In Hybrid,188.0HP 2.0L 4 Cylinder Engine Plug-In Electric/Gas,CVT Transmission,Blue,Black,At least 1 accident or damage reported,Yes,10000.0,102156
Mazda,Mazda3 FWD w/Premium Package,2022,"21,701 mi.",Gasoline,2.5L I4 16V,6-Speed Automatic,Soul Red Crystal Metallic,Black,None reported,,25099.0,102157
BMW,Z4 sDrive28i,2015,"57,550 mi.",Gasoline,240.0HP 2.0L 4 Cylinder Engine Gasoline Fuel,6-Speed M/T,Black,White,None reported,Yes,29995.0,102158
Chevrolet,Malibu Limited LT,2016,"104,000 mi.",Gasoline,2.5L 4 Cylinder Engine Gasoline Fuel,6-Speed A/T,Silver,Gray,None reported,Yes,10500.0,102159
Audi,S7 4.0T Premium Plus,2017,"52,500 mi.",Gasoline,450.0HP 4.0L 8 Cylinder Engine Gasoline Fuel,Transmission w/Dual Shift Mode,Gray,Gray,None reported,Yes,39999.0,102160
Nissan,GT-R Black Edition,2015,"16,850 mi.",Gasoline,545.0HP 3.8L V6 Cylinder Engine Gasoline Fuel,Transmission w/Dual Shift Mode,White,Black,None reported,Yes,95000.0,102161
Chevrolet,Camaro 1SS,2017,"39,000 mi.",Gasoline,455.0HP 6.2L 8 Cylinder Engine Gasoline Fuel,8-Speed A/T,Yellow,Black,None reported,Yes,31500.0,102162
Jeep,Wrangler Unlimited X,2007,"135,465 mi.",Gasoline,205.0HP 3.8L V6 Cylinder Engine Gasoline Fuel,A/T,Black,Gray,None reported,Yes,15750.0,102163
Mercedes-Benz,SL-Class SL500 Roadster,2004,"35,400 mi.",Gasoline,302.0HP 5.0L 8 Cylinder Engine Gasoline Fuel,7-Speed A/T,Black,Gray,None reported,Yes,24900.0,102164
Jeep,Wrangler Unlimited Sport,2016,"67,499 mi.",Gasoline,285.0HP 3.6L V6 Cylinder Engine Gasoline Fuel,6-Speed M/T,Beige,Black,None reported,Yes,27500.0,102165
Lexus,IS 300 Base,2018,"70,891 mi.",Gasoline,260.0HP 3.5L V6 Cylinder Engine Gasoline Fuel,Transmission w/Dual Shift Mode,White,Black,None reported,Yes,28995.0,102166
Mercedes-Benz,AMG GLE AMG GLE 63 S-Model 4MATIC,2016,"35,943 mi.",Gasoline,577.0HP 5.5L 8 Cylinder Engine Gasoline Fuel,7-Speed A/T,Black,White,None reported,Yes,51700.0,102167
Cadillac,CTS 2.0L Turbo Luxury,2019,"35,566 mi.",Gasoline,265.0HP 2.0L 4 Cylinder Engine Gasoline Fuel,8-Speed A/T,White,Beige,At least 1 accident or damage reported,Yes,26000.0,102168
Audi,A6 2.0T Premium Plus,2016,"63,398 mi.",Gasoline,252.0HP 2.0L 4 Cylinder Engine Gasoline Fuel,A/T,White,Gray,At least 1 accident or damage reported,Yes,19500.0,102169
BMW,650 i xDrive,2015,"76,474 mi.",Gasoline,445.0HP 4.4L 8 Cylinder Engine Gasoline Fuel,Transmission w/Dual Shift Mode,White,Black,None reported,Yes,32000.0,102170
Mercedes-Benz,CLS-Class CLS 550,2014,"34,600 mi.",Gasoline,402.0HP 4.7L 8 Cylinder Engine Gasoline Fuel,Transmission w/Dual Shift Mode,Black,Black,None reported,Yes,27500.0,102171
Nissan,Titan SL,2021,"95,993 mi.",Gasoline,5.6L V8 32V GDI DOHC,9-Speed Automatic,White,Black,None reported,Yes,32612.0,102172
Land,Rover Range Rover Velar P250 SE R-Dynamic,2019,"58,000 mi.",Gasoline,247.0HP 2.0L 4 Cylinder Engine Gasoline Fuel,A/T,White,Black,None reported,Yes,38000.0,102173
Chevrolet,Silverado 1500 ZR2,2022,"7,455 mi.",Gasoline,6.2L V8 16V GDI OHV,Automatic,Glacier Blue Metallic,Jet Black,None reported,,68990.0,102174
GMC,Canyon Elevation Standard,2022,"16,500 mi.",Gasoline,308.0HP 3.6L V6 Cylinder Engine Gasoline Fuel,8-Speed A/T,Gray,Gray,None reported,Yes,32900.0,102175
Tesla,Model 3 Standard Range Plus,2021,"21,600 mi.",,271.0HP Electric Motor Electric Fuel System,A/T,White,Black,None reported,Yes,31000.0,102176
RAM,1500 Laramie,2022,"14,636 mi.",Gasoline,5.7L V8 16V MPFI OHV,8-Speed Automatic,Diamond Black,Black,None reported,,46599.0,102177
Porsche,Panamera Base,2018,"61,000 mi.",Gasoline,330.0HP 3.0L V6 Cylinder Engine Gasoline Fuel,Transmission w/Dual Shift Mode,Gray,Gray,None reported,Yes,57500.0,102178
Toyota,4Runner Venture Special Edition,2021,"28,567 mi.",Gasoline,"4L V-6 DOHC, VVT-i variable valve control, regular unleaded, eng",Automatic,–,Black/Graphite,None reported,,44775.0,102179
Porsche,Panamera Base,2018,"42,500 mi.",Gasoline,330.0HP 3.0L V6 Cylinder Engine Gasoline Fuel,8-Speed A/T,Black,Beige,At least 1 accident or damage reported,Yes,53999.0,102180
GMC,Terrain SLE,2010,"81,500 mi.",Gasoline,182.0HP 2.4L 4 Cylinder Engine Gasoline Fuel,A/T,Brown,Gray,None reported,Yes,12250.0,102181
GMC,Yukon Denali,2019,"36,526 mi.",Gasoline,420.0HP 6.2L 8 Cylinder Engine Gasoline Fuel,10-Speed A/T,Red,Black,None reported,Yes,57850.0,102182
Volkswagen,Golf SportWagen TSI S 4-Door,2016,"127,770 mi.",Gasoline,170.0HP 1.8L 4 Cylinder Engine Gasoline Fuel,5-Speed M/T,White,Beige,None reported,Yes,13800.0,102183
Ford,Expedition XLT,2007,"123,921 mi.",Gasoline,300.0HP 5.4L 8 Cylinder Engine Gasoline Fuel,6-Speed A/T,White,Beige,None reported,Yes,6900.0,102184
Chevrolet,Camaro ZL1,2023,"2,950 mi.",Gasoline,650.0HP 6.2L 8 Cylinder Engine Gasoline Fuel,10-Speed A/T,Red,Gray,None reported,Yes,74500.0,102185
Ford,Mustang Shelby GT500,2013,"16,478 mi.",Gasoline,650.0HP 5.8L 8 Cylinder Engine Gasoline Fuel,6-Speed M/T,White,Black,None reported,Yes,66400.0,102186
Ford,Thunderbird Premium,2005,"82,000 mi.",Gasoline,280.0HP 3.9L 8 Cylinder Engine Gasoline Fuel,Transmission w/Dual Shift Mode,Gold,White,None reported,Yes,14900.0,102187
Tesla,Model Y Long Range,2023,"4,786 mi.",,425.0HP Electric Motor Electric Fuel System,A/T,White,White,None reported,Yes,48000.0,102188
RAM,1500 Laramie,2022,"16,616 mi.",Gasoline,5.7L V8 16V MPFI OHV,8-Speed Automatic,Diamond Black,Black,None reported,,45999.0,102189
Mercedes-Benz,Metris Base,2021,"2,284 mi.",Gasoline,2.0L I4 16V GDI DOHC Turbo,9-Speed Automatic,Black,Tan,None reported,Yes,157500.0,102190
Jeep,Wrangler Sport,1997,"131,000 mi.",Gasoline,181.0HP 4.0L Straight 6 Cylinder Engine Gasoline Fuel,5-Speed M/T,Green,Gray,At least 1 accident or damage reported,Yes,5500.0,102191
INFINITI,G37 x,2009,"158,564 mi.",Gasoline,328.0HP 3.7L V6 Cylinder Engine Gasoline Fuel,A/T,Blue,Beige,None reported,Yes,8750.0,102192
Ford,F-250 Lariat,2023,"3,763 mi.",Diesel,475.0HP 6.7L 8 Cylinder Engine Diesel Fuel,10-Speed A/T,Red,Black,None reported,Yes,92000.0,102193
Buick,Enclave 1XL,2011,"170,000 mi.",Gasoline,288.0HP 3.6L V6 Cylinder Engine Gasoline Fuel,6-Speed A/T,Gold,Beige,At least 1 accident or damage reported,Yes,4000.0,102194
Ford,Shelby GT350 Base,2018,"8,237 mi.",Gasoline,526.0HP 5.2L 8 Cylinder Engine Gasoline Fuel,6-Speed M/T,Gray,Black,None reported,Yes,62900.0,102195
Jaguar,XK Base,2013,"55,700 mi.",Gasoline,385.0HP 5.0L 8 Cylinder Engine Gasoline Fuel,6-Speed A/T,Black,Black,None reported,Yes,27200.0,102196
Nissan,Pathfinder SL,2018,"167,000 mi.",Gasoline,284.0HP 3.5L V6 Cylinder Engine Gasoline Fuel,A/T,Black,Beige,,,14500.0,102197
Audi,e-tron Prestige,2019,"7,874 mi.",,Electric,1-Speed Automatic,Typhoon Gray Metallic,Pearl Beige,None reported,,38999.0,102198
Maserati,GranTurismo Base,2012,"12,100 mi.",Gasoline,440.0HP 4.7L 8 Cylinder Engine Gasoline Fuel,Transmission w/Dual Shift Mode,Blue,Beige,None reported,Yes,37900.0,102199
Tesla,Model 3 Long Range,2019,"27,123 mi.",,425.0HP Electric Motor Electric Fuel System,A/T,Red,Black,None reported,Yes,38200.0,102200
Lexus,CT 200h Base,2016,"39,750 mi.",Hybrid,134.0HP 1.8L 4 Cylinder Engine Gas/Electric Hybrid,A/T,Black,Black,None reported,Yes,21995.0,102201
Kia,Sportage LX,2014,"87,000 mi.",Gasoline,182.0HP 2.4L 4 Cylinder Engine Gasoline Fuel,A/T,Black,Black,At least 1 accident or damage reported,Yes,8900.0,102202
MINI,Cooper S Base,2006,"95,000 mi.",Gasoline,168.0HP 1.6L 4 Cylinder Engine Gasoline Fuel,6-Speed M/T,Gray,–,None reported,Yes,12500.0,102203
Porsche,Boxster Base,1998,"75,539 mi.",Gasoline,201.0HP 2.5L Flat 6 Cylinder Engine Gasoline Fuel,5-Speed M/T,Blue,Beige,None reported,Yes,11995.0,102204
Lexus,IS 250 Base,2013,"148,000 mi.",Gasoline,204.0HP 2.5L V6 Cylinder Engine Gasoline Fuel,6-Speed A/T,Gray,Black,At least 1 accident or damage reported,Yes,10000.0,102205
Jeep,Wrangler Unlimited Sport,2019,"52,775 mi.",Gasoline,285.0HP 3.6L V6 Cylinder Engine Gasoline Fuel,8-Speed A/T,Gray,Black,None reported,Yes,39799.0,102206
BMW,i8 Base,2015,846 mi.,Plug-In Hybrid,357.0HP 1.5L 3 Cylinder Engine Plug-In Electric/Gas,A/T,White,White,None reported,Yes,86999.0,102207
Chevrolet,Silverado 1500 Base,1999,"88,750 mi.",Gasoline,255.0HP 4.8L 8 Cylinder Engine Gasoline Fuel,A/T,White,Gray,None reported,Yes,6800.0,102208
Cadillac,ATS 3.6L Luxury,2016,"25,000 mi.",Gasoline,335.0HP 3.6L V6 Cylinder Engine Gasoline Fuel,8-Speed A/T,Red,Beige,None reported,Yes,17999.0,102209
Chevrolet,Camaro 1SS,2021,"12,600 mi.",Gasoline,455.0HP 6.2L 8 Cylinder Engine Gasoline Fuel,6-Speed M/T,Gray,Black,None reported,Yes,47000.0,102210
Mercedes-Benz,Sprinter 2500 Standard Roof,2021,"13,344 mi.",Diesel,188.0HP 3.0L V6 Cylinder Engine Diesel Fuel,7-Speed A/T,Red,Black,None reported,Yes,56500.0,102211
Ford,Mustang GT,2010,"87,500 mi.",Gasoline,315.0HP 4.6L 8 Cylinder Engine Gasoline Fuel,A/T,Red,Black,At least 1 accident or damage reported,Yes,14900.0,102212
Audi,A7 55 Premium,2020,"27,100 mi.",Hybrid,335.0HP 3.0L V6 Cylinder Engine Gasoline/Mild Electric Hybrid,A/T,White,Black,None reported,Yes,50000.0,102213
Chevrolet,Camaro 2SS,2022,"1,400 mi.",Gasoline,455.0HP 6.2L 8 Cylinder Engine Gasoline Fuel,10-Speed A/T,Black,Black,None reported,Yes,54900.0,102214
Land,Rover Range Rover Velar P250 S R-Dynamic,2020,"30,500 mi.",Gasoline,247.0HP 2.0L 4 Cylinder Engine Gasoline Fuel,A/T,Silver,Beige,None reported,Yes,44000.0,102215
Honda,CR-V Touring,2019,"55,100 mi.",Gasoline,1.5L I4 16V GDI DOHC Turbo,Automatic CVT,White,Gray,None reported,,28324.0,102216
BMW,528 i,2015,"111,000 mi.",Gasoline,240.0HP 2.0L 4 Cylinder Engine Gasoline Fuel,8-Speed A/T,Gray,–,At least 1 accident or damage reported,Yes,15000.0,102217
Polestar,2 Launch Edition,2021,"12,172 mi.",,Electric,1-Speed Automatic,Thunder Gray,Charcoal,None reported,,35999.0,102218
Chevrolet,Impala 1LT,2017,"70,000 mi.",Gasoline,305.0HP 3.6L V6 Cylinder Engine Gasoline Fuel,6-Speed A/T,White,Gray,At least 1 accident or damage reported,Yes,17900.0,102219
Land,Rover Range Rover P400 SE LWB 7 Seat,2023,"4,126 mi.",Hybrid,395.0HP 3.0L Straight 6 Cylinder Engine Gasoline/Mild Electric Hybrid,A/T,Black,Beige,,,155000.0,102220
BMW,340 i,2018,"44,261 mi.",Gasoline,3.0 Liter Turbo,Automatic,Gray,Black,None reported,,33598.0,102221
Cadillac,Escalade Platinum,2020,"48,613 mi.",Gasoline,420.0HP 6.2L 8 Cylinder Engine Gasoline Fuel,A/T,Black,Black,At least 1 accident or damage reported,Yes,61500.0,102222
GMC,Sierra 2500 Denali,2017,"96,343 mi.",Diesel,445.0HP 6.6L 8 Cylinder Engine Diesel Fuel,6-Speed A/T,Blue,Beige,At least 1 accident or damage reported,Yes,53000.0,102223
Honda,Accord EX-L,2009,"167,300 mi.",Gasoline,190.0HP 2.4L 4 Cylinder Engine Gasoline Fuel,5-Speed A/T,Silver,Black,None reported,Yes,6250.0,102224
Hyundai,Santa Fe SE,2021,"35,550 mi.",Gasoline,2.5L I4 16V PDI DOHC,8-Speed Automatic,Twilight Black,Black,At least 1 accident or damage reported,Yes,25987.0,102225
Land,Rover Range Rover Supercharged,2010,"130,000 mi.",Gasoline,510.0HP 5.0L 8 Cylinder Engine Gasoline Fuel,A/T,White,Black,None reported,Yes,15500.0,102226
Mercedes-Benz,E-Class E 550,2017,"56,000 mi.",Gasoline,402.0HP 4.7L 8 Cylinder Engine Gasoline Fuel,Transmission w/Dual Shift Mode,Gray,White,None reported,Yes,35750.0,102227
Toyota,Highlander XLE,2019,"81,301 mi.",Gasoline,3.5L V6 24V PDI DOHC,8-Speed Automatic,Black,Black,None reported,Yes,30275.0,102228
Tesla,Model Y Long Range,2021,"69,548 mi.",,425.0HP Electric Motor Electric Fuel System,1-Speed A/T,Black,Black,At least 1 accident or damage reported,Yes,36300.0,102229
Mazda,CX-30 Select,2020,"23,162 mi.",Gasoline,2.5L I4 16V GDI DOHC,6-Speed Automatic,Soul Red Crystal Metallic,Black,None reported,Yes,25495.0,102230
Cadillac,DTS Luxury II,2008,"94,155 mi.",Gasoline,275.0HP 4.6L 8 Cylinder Engine Gasoline Fuel,4-Speed A/T,White,Beige,None reported,Yes,10500.0,102231
Mercedes-Benz,GLC 300 Base 4MATIC,2018,"48,700 mi.",Gasoline,241.0HP 2.0L 4 Cylinder Engine Gasoline Fuel,9-Speed A/T,Blue,Brown,None reported,Yes,27900.0,102232
GMC,Sierra 2500 Base,2021,"8,210 mi.",Gasoline,401.0HP 6.6L 8 Cylinder Engine Gasoline Fuel,A/T,White,Black,None reported,Yes,55000.0,102233
Dodge,Charger SE,2017,"63,250 mi.",Gasoline,292.0HP 3.6L V6 Cylinder Engine Gasoline Fuel,A/T,Red,Black,None reported,Yes,18650.0,102234
Acura,Integra GS-R,1995,"123,000 mi.",–,–,5-Speed M/T,White,Blue,None reported,Yes,10999.0,102235
Toyota,Tundra Hybrid TRD Pro,2022,"7,000 mi.",Hybrid,437.0HP 3.4L V6 Cylinder Engine Gas/Electric Hybrid,10-Speed A/T,Orange,–,None reported,Yes,75500.0,102236
Ford,F-250 XLT Crew Cab Super Duty,2008,"157,500 mi.",Gasoline,300.0HP 5.4L 8 Cylinder Engine Gasoline Fuel,5-Speed A/T,Green,Gray,At least 1 accident or damage reported,Yes,15000.0,102237
Genesis,GV80 2.5T,2023,"8,100 mi.",Gasoline,300.0HP 2.5L 4 Cylinder Engine Gasoline Fuel,Transmission w/Dual Shift Mode,Silver,Beige,None reported,Yes,57300.0,102238
Jeep,Wrangler Sport,2012,"57,237 mi.",Gasoline,285.0HP 3.6L V6 Cylinder Engine Gasoline Fuel,A/T,Black,Black,None reported,Yes,22500.0,102239
Porsche,911 Carrera,2023,"19,800 mi.",Gasoline,379.0HP 3.0L Flat 6 Cylinder Engine Gasoline Fuel,8-Speed A/T,Silver,Black,None reported,Yes,134900.0,102240
Porsche,Macan Base,2017,"40,600 mi.",Gasoline,252.0HP 2.0L 4 Cylinder Engine Gasoline Fuel,7-Speed A/T,Gray,Black,None reported,Yes,32000.0,102241
Lexus,LX 600 Premium,2023,"1,500 mi.",Gasoline,409.0HP 3.4L V6 Cylinder Engine Gasoline Fuel,10-Speed A/T,Gray,Black,,,119500.0,102242
Tesla,Model X Long Range Plus,2021,"46,897 mi.",,557.0HP Electric Motor Electric Fuel System,A/T,Blue,Black,None reported,Yes,69000.0,102243
Volkswagen,Jetta GLI,2014,"99,499 mi.",Gasoline,210.0HP 2.0L 4 Cylinder Engine Gasoline Fuel,Transmission w/Dual Shift Mode,Black,Black,At least 1 accident or damage reported,Yes,15000.0,102244
Ford,Shelby GT350 Base,2018,"18,515 mi.",Gasoline,526.0HP 5.2L 8 Cylinder Engine Gasoline Fuel,6-Speed M/T,White,Black,At least 1 accident or damage reported,Yes,60867.0,102245
Ford,Explorer Platinum,2021,"64,957 mi.",Gasoline,3.0L V6 24V GDI DOHC Twin Turbo,10-Speed Automatic,Black,Light Slate,None reported,Yes,39979.0,102246
Lexus,LX 570 Base,2016,"118,700 mi.",Gasoline,383.0HP 5.7L 8 Cylinder Engine Gasoline Fuel,8-Speed A/T,Black,Beige,None reported,Yes,46900.0,102247
Ford,Transit-350 XL,2017,"134,000 mi.",Gasoline,310.0HP 3.5L V6 Cylinder Engine Gasoline Fuel,A/T,Silver,Gray,None reported,Yes,26500.0,102248
Audi,A4 2.0T Premium,2013,"96,800 mi.",Gasoline,211.0HP 2.0L 4 Cylinder Engine Gasoline Fuel,A/T,Gray,Black,At least 1 accident or damage reported,Yes,11000.0,102249
Lexus,SC 300 Base,1998,"165,000 mi.",Gasoline,225.0HP 3.0L Straight 6 Cylinder Engine Gasoline Fuel,A/T,Purple,Beige,None reported,Yes,8700.0,102250
Chevrolet,Monte Carlo Supercharged SS,2004,"148,800 mi.",Gasoline,240.0HP 3.8L V6 Cylinder Engine Gasoline Fuel,A/T,Red,Black,None reported,Yes,6500.0,102251
Porsche,Boxster S,2003,"138,202 mi.",Gasoline,3.2L H6 24V MPFI DOHC,6-Speed Manual,Silver,Black,At least 1 accident or damage reported,Yes,22550.0,102252
BMW,540 i,2017,"98,500 mi.",Gasoline,335.0HP 3.0L Straight 6 Cylinder Engine Gasoline Fuel,8-Speed A/T,Black,Black,None reported,Yes,24500.0,102253
Chevrolet,Camaro 1LT,2021,"10,300 mi.",Gasoline,335.0HP 3.6L V6 Cylinder Engine Gasoline Fuel,M/T,Black,Black,None reported,Yes,29900.0,102254
Land,Rover Range Rover Evoque SE Premium,2016,"79,500 mi.",Gasoline,240.0HP 2.0L 4 Cylinder Engine Gasoline Fuel,9-Speed A/T,White,Black,None reported,Yes,19000.0,102255
Mazda,MX-5 Miata Sport,2006,"218,000 mi.",Gasoline,170.0HP 2.0L 4 Cylinder Engine Gasoline Fuel,6-Speed M/T,Black,Black,At least 1 accident or damage reported,Yes,4999.0,102256
Audi,R8 5.2 quattro Spyder,2011,"75,000 mi.",Gasoline,525.0HP 5.2L 10 Cylinder Engine Gasoline Fuel,Transmission w/Dual Shift Mode,White,Brown,At least 1 accident or damage reported,Yes,74000.0,102257
Honda,Passport Elite,2023,"2,978 mi.",Gasoline,3.5 Liter SOHC,Automatic,Lunar Silver Metallic,Gray,None reported,,45498.0,102258
Hyundai,Equus Signature,2016,"72,000 mi.",Gasoline,429.0HP 5.0L 8 Cylinder Engine Gasoline Fuel,8-Speed A/T,White,Beige,None reported,Yes,21400.0,102259
MINI,Cooper S Base,2012,"66,000 mi.",Gasoline,181.0HP 1.6L 4 Cylinder Engine Gasoline Fuel,6-Speed A/T,White,Black,None reported,Yes,10999.0,102260
MINI,Clubman Cooper S ALL4,2017,"79,950 mi.",Gasoline,189.0HP 2.0L 4 Cylinder Engine Gasoline Fuel,A/T,Blue,Black,None reported,Yes,17390.0,102261
Audi,SQ5 3.0T Premium Plus,2022,"8,497 mi.",Gasoline,3.0L V6 24V GDI DOHC Turbo,Automatic,Ibis White,Black,None reported,,52900.0,102262
Mercedes-Benz,C-Class C280 4MATIC,2007,"49,626 mi.",Gasoline,228.0HP 3.0L V6 Cylinder Engine Gasoline Fuel,A/T,White,–,None reported,Yes,12000.0,102263
Honda,S2000 Base,2003,"101,000 mi.",Gasoline,240.0HP 2.0L 4 Cylinder Engine Gasoline Fuel,6-Speed M/T,Silver,Black,None reported,Yes,28000.0,102264
Chevrolet,Camaro 2SS,2015,"27,000 mi.",Gasoline,426.0HP 6.2L 8 Cylinder Engine Gasoline Fuel,Transmission w/Dual Shift Mode,Black,Beige,None reported,Yes,33000.0,102265
Hyundai,Genesis Coupe 2.0T,2010,"65,000 mi.",Gasoline,210.0HP 2.0L 4 Cylinder Engine Gasoline Fuel,A/T,Gray,Black,,,8900.0,102266
BMW,M3 Base,2002,"117,200 mi.",Gasoline,333.0HP 3.2L Straight 6 Cylinder Engine Gasoline Fuel,6-Speed A/T,Black,Black,None reported,Yes,15000.0,102267
Toyota,Sienna XLE Limited,2007,"112,630 mi.",Gasoline,266.0HP 3.5L V6 Cylinder Engine Gasoline Fuel,5-Speed A/T,Silver,Gray,At least 1 accident or damage reported,Yes,11500.0,102268
Ford,Edge SE,2020,"71,200 mi.",Gasoline,250.0HP 2.0L 4 Cylinder Engine Gasoline Fuel,8-Speed A/T,White,Beige,None reported,Yes,18900.0,102269
Jeep,Gladiator Overland,2021,"7,388 mi.",Gasoline,3.6L V6 24V MPFI DOHC,8-Speed Automatic,Firecracker Red Clearcoat,Black,None reported,Yes,43663.0,102270
Audi,A5 2.0T Premium Plus,2015,"82,000 mi.",Gasoline,220.0HP 2.0L 4 Cylinder Engine Gasoline Fuel,8-Speed A/T,White,Brown,None reported,Yes,17000.0,102271
BMW,740 i,2017,"55,000 mi.",Gasoline,320.0HP 3.0L Straight 6 Cylinder Engine Gasoline Fuel,Transmission w/Dual Shift Mode,White,Black,None reported,Yes,40000.0,102272
Lexus,NX 200t Base,2016,"83,400 mi.",Gasoline,235.0HP 2.0L 4 Cylinder Engine Gasoline Fuel,A/T,Blue,Brown,At least 1 accident or damage reported,Yes,22495.0,102273
Ford,Explorer XLT,2013,"82,900 mi.",Gasoline,290.0HP 3.5L V6 Cylinder Engine Gasoline Fuel,6-Speed A/T,White,Gray,At least 1 accident or damage reported,Yes,16000.0,102274
Land,Rover Range Rover Sport P400 SE Dynamic,2023,450 mi.,Hybrid,395.0HP 3.0L Straight 6 Cylinder Engine Gasoline/Mild Electric Hybrid,8-Speed A/T,Blue,Black,None reported,Yes,124000.0,102275
RAM,2500 Laramie,2017,"67,483 mi.",Gasoline,410.0HP 6.4L 8 Cylinder Engine Gasoline Fuel,6-Speed A/T,Brown,Beige,At least 1 accident or damage reported,Yes,46500.0,102276
Mercedes-Benz,S-Class S 580 4MATIC,2023,989 mi.,Gasoline,4.0L V8 32V GDI DOHC Twin Turbo,9-Speed Automatic,Black,Black,None reported,Yes,122950.0,102277
BMW,640 Gran Coupe i,2014,"39,886 mi.",Gasoline,315.0HP 3.0L Straight 6 Cylinder Engine Gasoline Fuel,Transmission w/Dual Shift Mode,Black,Red,At least 1 accident or damage reported,Yes,26000.0,102278
Lexus,NX 300h Base,2020,"16,425 mi.",Hybrid,2.5L I4 16V MPFI DOHC Hybrid,Automatic CVT,Gray,Black,At least 1 accident or damage reported,,33200.0,102279
Chevrolet,Malibu Premier,2021,"33,400 mi.",Gasoline,250.0HP 2.0L 4 Cylinder Engine Gasoline Fuel,A/T,White,Black,None reported,Yes,28000.0,102280
BMW,X7 xDrive40i,2021,"9,200 mi.",Hybrid,335.0HP 3.0L Straight 6 Cylinder Engine Gasoline/Mild Electric Hybrid,8-Speed A/T,White,Brown,At least 1 accident or damage reported,Yes,71200.0,102281
Ford,F-150 XLT,2017,"94,000 mi.",Gasoline,325.0HP 2.7L V6 Cylinder Engine Gasoline Fuel,6-Speed A/T,White,Black,None reported,Yes,26000.0,102282
Hyundai,Tucson Hybrid SEL Convenience,2023,"3,402 mi.",Hybrid,226.0HP 1.6L 4 Cylinder Engine Gas/Electric Hybrid,A/T,White,Black,None reported,Yes,44000.0,102283
Mercedes-Benz,GLE 350 Base 4MATIC,2017,"57,000 mi.",Gasoline,302.0HP 3.5L V6 Cylinder Engine Gasoline Fuel,7-Speed A/T,White,Black,At least 1 accident or damage reported,Yes,29500.0,102284
Ford,F-250 XLT Super Duty,2001,"64,309 mi.",Gasoline,260.0HP 5.4L 8 Cylinder Engine Gasoline Fuel,A/T,White,Gray,None reported,Yes,7500.0,102285
Pontiac,G8 GT,2009,"81,327 mi.",Gasoline,355.0HP 6.0L 8 Cylinder Engine Gasoline Fuel,Transmission w/Dual Shift Mode,Black,Black,None reported,Yes,17500.0,102286
Porsche,Cayenne Base,2016,"110,000 mi.",Gasoline,300.0HP 3.6L V6 Cylinder Engine Gasoline Fuel,A/T,White,White,At least 1 accident or damage reported,Yes,25900.0,102287
Nissan,Leaf SL,2012,"102,000 mi.",,107.0HP Electric Motor Electric Fuel System,1-Speed A/T,Silver,Gray,None reported,Yes,4200.0,102288
Jaguar,XF 25t Premium,2018,"18,800 mi.",Gasoline,247.0HP 2.0L 4 Cylinder Engine Gasoline Fuel,8-Speed A/T,White,White,None reported,Yes,26000.0,102289
Volkswagen,Jetta 1.4T S,2019,"59,000 mi.",Gasoline,147.0HP 1.4L 4 Cylinder Engine Gasoline Fuel,A/T,Gray,Black,None reported,Yes,17000.0,102290
Chevrolet,Corvette Base,2007,"20,200 mi.",Gasoline,400.0HP 6.0L 8 Cylinder Engine Gasoline Fuel,6-Speed A/T,Red,Red,None reported,Yes,27500.0,102291
Chevrolet,Silverado 1500 W/T,2006,"111,228 mi.",Gasoline,195.0HP 4.3L V6 Cylinder Engine Gasoline Fuel,A/T,Blue,Gray,At least 1 accident or damage reported,Yes,4000.0,102292
Bentley,Continental GTC Base,2011,"20,200 mi.",E85 Flex Fuel,552.0HP 6.0L 12 Cylinder Engine Flex Fuel Capability,6-Speed A/T,Black,Black,None reported,Yes,79950.0,102293
Toyota,FJ Cruiser Base,2013,"53,000 mi.",Gasoline,260.0HP 4.0L V6 Cylinder Engine Gasoline Fuel,A/T,Blue,Black,None reported,Yes,36740.0,102294
Chevrolet,Colorado LT,2019,"139,116 mi.",Gasoline,3.6L V6 24V GDI DOHC,Automatic,Red,Jet Black,At least 1 accident or damage reported,Yes,24899.0,102295
Mercedes-Benz,GLS 450 Base 4MATIC,2020,"17,900 mi.",Hybrid,362.0HP 3.0L Straight 6 Cylinder Engine Gasoline/Mild Electric Hybrid,9-Speed A/T,Black,Black,At least 1 accident or damage reported,Yes,80000.0,102296
BMW,X5 xDrive40i,2019,"60,000 mi.",Gasoline,335.0HP 3.0L Straight 6 Cylinder Engine Gasoline Fuel,8-Speed A/T,White,Beige,None reported,Yes,36500.0,102297
Mercedes-Benz,A-Class A 220 4MATIC,2019,"28,663 mi.",Gasoline,2.0L I4 16V GDI DOHC Turbo,7-Speed Automatic with Auto-Shift,Jupiter Red,Black,None reported,,29500.0,102298
Volvo,V60 Cross Country T5,2020,"10,500 mi.",Gasoline,250.0HP 2.0L 4 Cylinder Engine Gasoline Fuel,8-Speed A/T,White,Black,None reported,Yes,36000.0,102299
Audi,RS 3 2.5T,2023,"1,900 mi.",Gasoline,401.0HP 2.5L 5 Cylinder Engine Gasoline Fuel,Transmission w/Dual Shift Mode,Gray,Black,None reported,Yes,78900.0,102300
Chevrolet,Monte Carlo SS,2000,"74,000 mi.",Gasoline,200.0HP 3.8L V6 Cylinder Engine Gasoline Fuel,4-Speed A/T,Red,–,None reported,Yes,4700.0,102301
Cadillac,XLR Base,2009,"69,423 mi.",Gasoline,320.0HP 4.6L 8 Cylinder Engine Gasoline Fuel,A/T,Red,Beige,None reported,Yes,36500.0,102302
Acura,TSX 2.4,2010,"116,000 mi.",Gasoline,201.0HP 2.4L 4 Cylinder Engine Gasoline Fuel,6-Speed M/T,Silver,Black,At least 1 accident or damage reported,Yes,9000.0,102303
Cadillac,CTS 3.6L Premium,2014,"69,001 mi.",Gasoline,321.0HP 3.6L V6 Cylinder Engine Gasoline Fuel,6-Speed A/T,Red,Black,None reported,Yes,19500.0,102304
Mercedes-Benz,E-Class E 550 4MATIC,2014,"63,000 mi.",Gasoline,402.0HP 4.7L 8 Cylinder Engine Gasoline Fuel,7-Speed A/T,Silver,Black,None reported,Yes,28500.0,102305
Porsche,Panamera 4S,2010,"62,743 mi.",Gasoline,400.0HP 4.8L 8 Cylinder Engine Gasoline Fuel,Transmission w/Dual Shift Mode,Silver,Gray,None reported,Yes,28600.0,102306
BMW,328 xi,2007,"83,000 mi.",Gasoline,230.0HP 3.0L Straight 6 Cylinder Engine Gasoline Fuel,6-Speed A/T,Black,Brown,None reported,Yes,8995.0,102307
Lexus,LX 570 Base,2016,"33,655 mi.",Gasoline,383.0HP 5.7L 8 Cylinder Engine Gasoline Fuel,8-Speed A/T,White,Brown,None reported,Yes,62900.0,102308
FIAT,500 Sport,2015,"47,800 mi.",Gasoline,101.0HP 1.4L 4 Cylinder Engine Gasoline Fuel,A/T,Black,Black,At least 1 accident or damage reported,Yes,11500.0,102309
BMW,330 i,2005,"59,300 mi.",Gasoline,225.0HP 3.0L Straight 6 Cylinder Engine Gasoline Fuel,M/T,Red,Black,None reported,Yes,30900.0,102310
Land,Rover Range Rover Sport 3.0L Supercharged HSE,2018,"104,700 mi.",Gasoline,V6,Automatic,Fuji White,Ivory / Ebony,At least 1 accident or damage reported,,30775.0,102311
Bentley,Arnage R,2005,"8,332 mi.",Gasoline,400.0HP 6.75L 8 Cylinder Engine Gasoline Fuel,4-Speed A/T,White,Beige,None reported,Yes,47350.0,102312
BMW,X3 xDrive30i,2019,"92,040 mi.",Gasoline,2.0L I4 16V GDI DOHC Turbo,8-Speed Automatic,Alpine White,Black,None reported,Yes,24999.0,102313
Toyota,Land Cruiser Base,2000,"209,193 mi.",Gasoline,230.0HP 4.7L 8 Cylinder Engine Gasoline Fuel,A/T,Black,Beige,None reported,Yes,15900.0,102314
BMW,440 i xDrive,2018,"73,500 mi.",Gasoline,320.0HP 3.0L Straight 6 Cylinder Engine Gasoline Fuel,A/T,Black,Blue,None reported,Yes,32000.0,102315
Mercedes-Benz,AMG GLE 53 AMG GLE 53,2021,"5,595 mi.",Hybrid,3.0 Liter Turbo,Automatic,designo Diamond White Metallic,Black,None reported,,83598.0,102316
Porsche,Macan,2023,"2,925 mi.",Gasoline,2.0L I4 16V GDI DOHC Turbo,7-Speed Automatic with Auto-Shift,Carrara White Metallic,Black,None reported,Yes,73300.0,102317
Dodge,Durango GT,2021,"14,684 mi.",Gasoline,3.6L V6 24V MPFI DOHC,8-Speed Automatic,DB Black Clearcoat,Black,None reported,,37995.0,102318
Rolls-Royce,Cullinan,2022,"3,420 mi.",Gasoline,6.7L V12 48V GDI DOHC Twin Turbo,8-Speed Automatic,Red,Black,None reported,Yes,399950.0,102319
Lincoln,Navigator L Select,2016,"84,272 mi.",Gasoline,380.0HP 3.5L V6 Cylinder Engine Gasoline Fuel,6-Speed A/T,Black,Black,At least 1 accident or damage reported,Yes,25221.0,102320
BMW,X5 xDrive40i,2020,"37,000 mi.",Gasoline,335.0HP 3.0L Straight 6 Cylinder Engine Gasoline Fuel,8-Speed A/T,Black,Black,At least 1 accident or damage reported,Yes,50000.0,102321
Ford,F-250 XLT,2019,"32,268 mi.",E85 Flex Fuel,385.0HP 6.2L 8 Cylinder Engine Flex Fuel Capability,6-Speed A/T,White,Gray,None reported,Yes,46500.0,102322
Nissan,Cube 1.8 S,2010,"72,500 mi.",Gasoline,122.0HP 1.8L 4 Cylinder Engine Gasoline Fuel,6-Speed M/T,Brown,Black,None reported,Yes,6750.0,102323
Lexus,NX 200t Base,2015,"54,000 mi.",Gasoline,235.0HP 2.0L 4 Cylinder Engine Gasoline Fuel,6-Speed A/T,White,Black,None reported,Yes,27000.0,102324
BMW,M5 Base,2021,"13,250 mi.",Gasoline,4.4L V8 32V GDI DOHC Twin Turbo,8-Speed Automatic,Alpine White,Aragon Brown,None reported,,86900.0,102325
Chevrolet,Tahoe RST,2023,"39,517 mi.",Gasoline,5.3L V8 16V GDI OHV,10-Speed Automatic,Black,Jet Black,At least 1 accident or damage reported,,67190.0,102326
Ford,Shelby GT500 Base,2022,"2,050 mi.",Gasoline,760.0HP 5.2L 8 Cylinder Engine Gasoline Fuel,Transmission w/Dual Shift Mode,Gray,Black,None reported,Yes,94999.0,102327
Chevrolet,Corvette Base,2007,"4,048 mi.",Gasoline,400.0HP 6.0L 8 Cylinder Engine Gasoline Fuel,6-Speed M/T,Yellow,Gray,None reported,Yes,38000.0,102328
Ford,Shelby GT500 Base,2014,"15,629 mi.",Gasoline,5.8L V8 32V MPFI DOHC Supercharged,6-Speed Manual,Black,Black,None reported,,61900.0,102329
Tesla,Model S Performance,2012,"61,000 mi.",,416.0HP Electric Motor Electric Fuel System,A/T,Green,Black,None reported,Yes,29000.0,102330
GMC,Terrain SLE,2022,"27,352 mi.",Gasoline,1.5L I4 16V GDI DOHC Turbo,9-Speed Automatic,Summit White,Jet Black,None reported,,27785.0,102331
GMC,Sierra 1500 SLE Crew Cab,2006,"167,500 mi.",Gasoline,295.0HP 5.3L 8 Cylinder Engine Gasoline Fuel,A/T,Silver,Black,None reported,Yes,14500.0,102332
Ford,Maverick XL,2023,"12,500 mi.",Hybrid,191.0HP 2.5L 4 Cylinder Engine Gas/Electric Hybrid,A/T,Silver,Black,None reported,Yes,29999.0,102333
Bentley,Continental GT V8 S,2016,"31,500 mi.",Gasoline,521.0HP 4.0L 8 Cylinder Engine Gasoline Fuel,8-Speed A/T,Black,Beige,None reported,Yes,103900.0,102334
Lexus,HS 250h Premium,2010,"123,500 mi.",Hybrid,147.0HP 2.4L 4 Cylinder Engine Gas/Electric Hybrid,A/T,Red,Black,At least 1 accident or damage reported,Yes,9500.0,102335
Tesla,Model 3 Performance,2020,"45,468 mi.",,455.0HP Electric Motor Electric Fuel System,1-Speed A/T,Silver,White,None reported,Yes,45999.0,102336
GMC,Acadia SLT-1,2012,"116,226 mi.",Gasoline,288.0HP 3.6L V6 Cylinder Engine Gasoline Fuel,6-Speed A/T,Black,Black,None reported,Yes,7900.0,102337
Toyota,Camry XLE,2007,"59,700 mi.",Gasoline,268.0HP 3.5L V6 Cylinder Engine Gasoline Fuel,6-Speed A/T,Green,Gray,None reported,Yes,9500.0,102338
Lucid,Air Grand Touring,2022,"4,900 mi.",,536.0HP Electric Motor Electric Fuel System,1-Speed A/T,Red,Black,None reported,Yes,99000.0,102339
Jeep,Wrangler Sport,2002,"103,500 mi.",Gasoline,190.0HP 4.0L Straight 6 Cylinder Engine Gasoline Fuel,M/T,Yellow,Gray,None reported,Yes,12500.0,102340
Chevrolet,Suburban Premier,2017,"92,728 mi.",Gasoline,355.0HP 5.3L 8 Cylinder Engine Gasoline Fuel,6-Speed A/T,White,Black,None reported,Yes,34900.0,102341
Mercedes-Benz,C-Class C 300 4MATIC,2019,"59,766 mi.",Gasoline,2.0L I4 16V GDI DOHC Turbo,9-Speed Automatic,Lunar Blue Metallic,Macchiato,None reported,,26900.0,102342
Volvo,C70 T5,2011,"199,000 mi.",Gasoline,227.0HP 2.5L 5 Cylinder Engine Gasoline Fuel,Transmission w/Dual Shift Mode,Red,Beige,At least 1 accident or damage reported,Yes,5500.0,102343
Cadillac,CTS Premium,2013,"105,000 mi.",Gasoline,318.0HP 3.6L V6 Cylinder Engine Gasoline Fuel,6-Speed A/T,Black,Black,At least 1 accident or damage reported,Yes,12000.0,102344
Cadillac,Escalade ESV Platinum,2016,"168,600 mi.",Gasoline,420.0HP 6.2L 8 Cylinder Engine Gasoline Fuel,8-Speed A/T,White,Beige,None reported,Yes,29500.0,102345
BMW,535 i xDrive,2015,"65,000 mi.",Gasoline,300.0HP 3.0L Straight 6 Cylinder Engine Gasoline Fuel,Transmission w/Dual Shift Mode,Silver,Black,None reported,Yes,24995.0,102346
Porsche,911 R,2016,"12,454 mi.",Gasoline,500.0HP 4.0L Flat 6 Cylinder Engine Gasoline Fuel,6-Speed M/T,Purple,Black,None reported,Yes,210000.0,102347
Lexus,IS 350 Base,2014,"123,000 mi.",Gasoline,306.0HP 3.5L V6 Cylinder Engine Gasoline Fuel,6-Speed A/T,Red,Black,At least 1 accident or damage reported,Yes,18000.0,102348
INFINITI,QX60 Pure,2020,"39,000 mi.",Gasoline,295.0HP 3.5L V6 Cylinder Engine Gasoline Fuel,A/T,Gray,Gray,None reported,Yes,29900.0,102349
Land,Rover Discovery HSE LUXURY,2017,"47,200 mi.",Gasoline,340.0HP 3.0L V6 Cylinder Engine Gasoline Fuel,8-Speed A/T,Black,Beige,At least 1 accident or damage reported,Yes,29000.0,102350
Nissan,Kicks S,2022,"15,577 mi.",Gasoline,1.6L I4 16V MPFI DOHC,Automatic CVT,Electric Blue Metallic,Charcoal,None reported,,19599.0,102351
BMW,M2 Competition,2020,500 mi.,Gasoline,405.0HP 3.0L Straight 6 Cylinder Engine Gasoline Fuel,7-Speed A/T,Black,Black,None reported,Yes,70000.0,102352
Honda,S2000 Base,2000,"26,900 mi.",Gasoline,240.0HP 2.0L 4 Cylinder Engine Gasoline Fuel,M/T,Silver,Red,None reported,Yes,35000.0,102353
Toyota,Tundra SR,2018,"74,000 mi.",E85 Flex Fuel,381.0HP 5.7L 8 Cylinder Engine Flex Fuel Capability,6-Speed A/T,Beige,Black,At least 1 accident or damage reported,Yes,38000.0,102354
BMW,X6 xDrive40i,2020,"34,000 mi.",Gasoline,335.0HP 3.0L Straight 6 Cylinder Engine Gasoline Fuel,8-Speed A/T,White,Brown,None reported,Yes,59335.0,102355
BMW,X7 M50i,2021,"7,121 mi.",Gasoline,4.4 Liter Twin Turbo,Automatic,Gray,Black,None reported,,94998.0,102356
Saab,9-3 Aero,2009,"106,000 mi.",Gasoline,280.0HP 2.8L V6 Cylinder Engine Gasoline Fuel,6-Speed A/T,Red,Black,None reported,Yes,12950.0,102357
Cadillac,Escalade EXT Base,2009,"155,000 mi.",E85 Flex Fuel,403.0HP 6.2L 8 Cylinder Engine Flex Fuel Capability,6-Speed A/T,Red,Beige,At least 1 accident or damage reported,Yes,16900.0,102358
Mazda,CX-50 2.5 Turbo Premium Package,2023,"16,200 mi.",Gasoline,227.0HP 2.5L 4 Cylinder Engine Gasoline Fuel,6-Speed A/T,Blue,Beige,None reported,Yes,36900.0,102359
Chevrolet,Cruze LT Automatic,2016,"122,971 mi.",Gasoline,1.4L I4 16V GDI DOHC Turbo,6-Speed Automatic,Kinetic Blue,Jet Black,At least 1 accident or damage reported,Yes,12999.0,102360
Land,Rover Range Rover Evoque Pure,2015,"115,550 mi.",Gasoline,240.0HP 2.0L 4 Cylinder Engine Gasoline Fuel,9-Speed A/T,White,Black,None reported,Yes,17500.0,102361
Cadillac,ATS 2.0L Turbo Luxury,2016,"83,000 mi.",Gasoline,272.0HP 2.0L 4 Cylinder Engine Gasoline Fuel,8-Speed A/T,Red,Beige,None reported,Yes,16500.0,102362
Chevrolet,Silverado 1500 RST,2023,"5,006 mi.",Gasoline,5.3L V8 16V GDI OHV,10-Speed Automatic,Dark Ash Metallic,Black,None reported,,59590.0,102363
INFINITI,QX56 Base,2011,"103,010 mi.",Gasoline,400.0HP 5.6L 8 Cylinder Engine Gasoline Fuel,7-Speed A/T,Black,Beige,None reported,Yes,13500.0,102364
Maserati,Ghibli S Q4,2018,"20,000 mi.",Gasoline,424.0HP 3.0L V6 Cylinder Engine Gasoline Fuel,A/T,White,Brown,None reported,Yes,43000.0,102365
Mercedes-Benz,GL-Class GL 450 4MATIC,2013,"93,500 mi.",Gasoline,362.0HP 4.6L 8 Cylinder Engine Gasoline Fuel,A/T,Black,Black,At least 1 accident or damage reported,Yes,15900.0,102366
Buick,Enclave Premium,2017,"139,105 mi.",Gasoline,3.6L V6 24V GDI DOHC,6-Speed Automatic,Iridium Metallic,Light Titanium,At least 1 accident or damage reported,Yes,17550.0,102367
Kia,Optima S,2018,"74,000 mi.",Gasoline,185.0HP 2.4L 4 Cylinder Engine Gasoline Fuel,6-Speed A/T,White,Black,None reported,Yes,15000.0,102368
Land,Rover LR4 Lux,2012,"141,525 mi.",Gasoline,375.0HP 5.0L 8 Cylinder Engine Gasoline Fuel,A/T,Black,Black,None reported,Yes,14490.0,102369
Mazda,Mazda3 Grand Touring,2018,"15,175 mi.",Gasoline,2.5L I4 16V GDI DOHC,6-Speed Automatic,Snowflake White Pearl Metallic,Parchment,At least 1 accident or damage reported,,19212.0,102370
Mercedes-Benz,GLS 450 Base,2022,"41,545 mi.",Hybrid,3.0 Liter DOHC Twin Turbo,Automatic,MANUFAKTUR Diamond White Bright,Macchiato Beige/Black,None reported,,71998.0,102371
Volkswagen,Touareg V6 Executive,2017,"50,600 mi.",Gasoline,280.0HP 3.6L V6 Cylinder Engine Gasoline Fuel,8-Speed A/T,Red,Brown,At least 1 accident or damage reported,Yes,28890.0,102372
BMW,325 xi,2006,"137,825 mi.",Gasoline,215.0HP 3.0L Straight 6 Cylinder Engine Gasoline Fuel,6-Speed A/T,Silver,Black,None reported,Yes,4000.0,102373
BMW,M2 Competition,2020,"25,013 mi.",Gasoline,405.0HP 3.0L Straight 6 Cylinder Engine Gasoline Fuel,7-Speed A/T,Black,Black,None reported,Yes,55000.0,102374
Jeep,Wrangler Rubicon,2009,"130,000 mi.",Gasoline,202.0HP 3.8L V6 Cylinder Engine Gasoline Fuel,6-Speed M/T,Black,Gray,None reported,Yes,15500.0,102375
Kia,Telluride SX,2021,"38,612 mi.",Gasoline,3.8L V6 24V GDI DOHC,8-Speed Automatic,Ebony Black,Black,None reported,,42242.0,102376
Ford,F-150 Raptor,2020,"33,000 mi.",Gasoline,450.0HP 3.5L V6 Cylinder Engine Gasoline Fuel,A/T,Blue,Black,None reported,Yes,62999.0,102377
Genesis,GV70 3.5T Sport,2022,"8,730 mi.",Gasoline,3.5L V6 24V PDI DOHC Twin Turbo,8-Speed Automatic,Alta White,Red,None reported,,48219.0,102378
McLaren,720S Performance,2020,"5,072 mi.",Gasoline,4.0L V8 32V MPFI DOHC Twin Turbo,7-Speed Automatic with Auto-Shift,Black,Red,None reported,Yes,279950.0,102379
Mercedes-Benz,E-Class E 350 4MATIC,2008,"67,250 mi.",Gasoline,268.0HP 3.5L V6 Cylinder Engine Gasoline Fuel,A/T,White,Beige,None reported,Yes,11900.0,102380
Lincoln,Aviator Reserve AWD,2022,"18,196 mi.",Gasoline,400.0HP 3.0L V6 Cylinder Engine Gasoline Fuel,Transmission w/Dual Shift Mode,Black,Brown,None reported,Yes,62000.0,102381
Chevrolet,Corvette Z06,2018,"24,059 mi.",Gasoline,650.0HP 6.2L 8 Cylinder Engine Gasoline Fuel,8-Speed A/T,Gray,Black,None reported,Yes,87150.0,102382
Acura,RDX PMC Edition,2021,"44,457 mi.",Gasoline,2.0 Liter Turbo,2,Majestic Black Pearl,Ebony,None reported,,40598.0,102383
Lexus,GX 470 Base,2008,"123,500 mi.",Gasoline,263.0HP 4.7L 8 Cylinder Engine Gasoline Fuel,A/T,White,Gray,At least 1 accident or damage reported,Yes,14500.0,102384
Lexus,IS 350 F Sport,2023,"20,121 mi.",Gasoline,311.0HP 3.5L V6 Cylinder Engine Gasoline Fuel,8-Speed A/T,Gray,Red,None reported,Yes,47124.0,102385
Subaru,Ascent Touring 7-Passenger,2021,"32,250 mi.",Gasoline,260.0HP 2.4L 4 Cylinder Engine Gasoline Fuel,A/T,Black,Black,At least 1 accident or damage reported,Yes,36000.0,102386
Ford,Expedition EL Limited,2017,"81,000 mi.",Gasoline,365.0HP 3.5L V6 Cylinder Engine Gasoline Fuel,Transmission w/Dual Shift Mode,Black,Black,None reported,Yes,27000.0,102387
Land,Rover Range Rover Supercharged LWB,2020,"54,225 mi.",Gasoline,518.0HP 5.0L 8 Cylinder Engine Gasoline Fuel,A/T,White,White,None reported,Yes,67500.0,102388
Ford,Focus SE,2009,"107,500 mi.",Gasoline,132.0HP 2.0L 4 Cylinder Engine Gasoline Fuel,A/T,White,Black,None reported,Yes,9500.0,102389
Porsche,911 GT2 RS,2018,"4,529 mi.",Gasoline,3.8L H6 24V GDI DOHC Twin Turbo,7-Speed Automatic with Auto-Shift,Black,Black,None reported,Yes,417500.0,102390
MINI,Cooper S Base,2006,"99,600 mi.",Gasoline,168.0HP 1.6L 4 Cylinder Engine Gasoline Fuel,6-Speed A/T,Orange,Black,None reported,Yes,5500.0,102391
Land,Rover LR4 HSE LUX Landmark Edition,2016,"63,300 mi.",Gasoline,340.0HP 3.0L V6 Cylinder Engine Gasoline Fuel,8-Speed A/T,White,Brown,None reported,Yes,31000.0,102392
Ford,Bronco Badlands Advanced,2022,"4,200 mi.",Gasoline,315.0HP 2.7L V6 Cylinder Engine Gasoline Fuel,10-Speed A/T,Blue,Black,None reported,Yes,65994.0,102393
Chevrolet,Express 3500 LT,2016,"120,000 mi.",Diesel,260.0HP 6.6L 8 Cylinder Engine Diesel Fuel,6-Speed A/T,White,Gray,None reported,Yes,19500.0,102394
Volvo,C70 T5,2006,"61,000 mi.",Gasoline,218.0HP 2.5L 5 Cylinder Engine Gasoline Fuel,6-Speed M/T,Blue,Beige,None reported,Yes,10299.0,102395
Ford,F-150 XLT,2020,"92,000 mi.",Gasoline,375.0HP 3.5L V6 Cylinder Engine Gasoline Fuel,10-Speed A/T,Gray,Black,None reported,Yes,29999.0,102396
Toyota,Tacoma SR,2022,"5,020 mi.",Gasoline,278.0HP 3.5L V6 Cylinder Engine Gasoline Fuel,A/T,Black,Gray,None reported,Yes,36500.0,102397
Chevrolet,Express 3500 Base,2009,"75,000 mi.",Gasoline,319.0HP 6.0L 8 Cylinder Engine Gasoline Fuel,A/T,White,Gray,None reported,Yes,18900.0,102398
Lincoln,Nautilus Reserve,2021,"17,467 mi.",Gasoline,2.0L I4 16V GDI DOHC Turbo,8-Speed Automatic,Pristine White,Slate,None reported,,43860.0,102399
Tesla,Model Y Performance,2021,"11,200 mi.",,455.0HP Electric Motor Electric Fuel System,1-Speed A/T,White,Black,None reported,Yes,47500.0,102400
RAM,1500 Laramie,2022,"16,184 mi.",Gasoline,5.7L V8 16V MPFI OHV,8-Speed Automatic,Granite Crystal Clearcoat Metallic,Black,None reported,,46999.0,102401
Volkswagen,Arteon 2.0T SEL Premium R-Line,2020,"26,870 mi.",Gasoline,2.0L I4 16V GDI DOHC Turbo,8-Speed Automatic,Deep Black Pearl Effect,Mistral Gray / Raven,At least 1 accident or damage reported,Yes,34645.0,102402
Lexus,RX 350 F Sport,2017,"53,649 mi.",Gasoline,295.0HP 3.5L V6 Cylinder Engine Gasoline Fuel,A/T,Black,Red,None reported,Yes,33000.0,102403
Toyota,Tundra Limited,2020,"44,101 mi.",Gasoline,5.7L V8 32V MPFI DOHC,6-Speed Automatic,Gray,Black,None reported,Yes,45423.0,102404
Porsche,Panamera 4 Platinum Edition,2022,"10,627 mi.",Gasoline,"2.9L V-6 gasoline direct injection, DOHC, variable valve control","Automatic, 8-Spd PDK Dual-Clutch",Chalk,BLACK,None reported,,99000.0,102405
Jeep,Gladiator Sport,2021,"5,779 mi.",Gasoline,3.6L V6 24V MPFI DOHC,8-Speed Automatic,Firecracker Red Clearcoat,Black,,,41329.0,102406
BMW,Z4 sDrive28i,2014,"36,812 mi.",Gasoline,240.0HP 2.0L 4 Cylinder Engine Gasoline Fuel,Transmission w/Dual Shift Mode,White,Beige,None reported,Yes,27000.0,102407
GMC,Sierra 1500 SLE,2014,"100,080 mi.",E85 Flex Fuel,285.0HP 4.3L V6 Cylinder Engine Flex Fuel Capability,6-Speed A/T,White,Gray,None reported,Yes,22989.0,102408
Nissan,Maxima SL,2007,"101,600 mi.",Gasoline,255.0HP 3.5L V6 Cylinder Engine Gasoline Fuel,A/T,Silver,Black,None reported,Yes,6700.0,102409
RAM,2500 Big Horn,2013,"198,868 mi.",Diesel,350.0HP 6.7L Straight 6 Cylinder Engine Diesel Fuel,6-Speed A/T,Brown,Beige,None reported,Yes,25000.0,102410
Cadillac,Escalade Premium Luxury Platinum,2021,"15,350 mi.",Gasoline,420.0HP 6.2L 8 Cylinder Engine Gasoline Fuel,10-Speed A/T,Black,Black,None reported,Yes,93500.0,102411
Pontiac,Firebird Base,2001,"111,000 mi.",Gasoline,200.0HP 3.8L V6 Cylinder Engine Gasoline Fuel,A/T,White,Gray,None reported,Yes,11000.0,102412
Buick,Enclave Essence,2020,"55,403 mi.",Gasoline,310.0HP 3.6L V6 Cylinder Engine Gasoline Fuel,9-Speed A/T,Red,Gray,At least 1 accident or damage reported,Yes,29444.0,102413
Nissan,Pickup Truck XE,1994,"89,144 mi.",–,–,A/T,Red,Gray,None reported,Yes,5899.0,102414
Hyundai,Palisade Limited,2020,"45,815 mi.",Gasoline,291.0HP 3.8L V6 Cylinder Engine Gasoline Fuel,Transmission w/Dual Shift Mode,Silver,Black,None reported,Yes,37700.0,102415
Porsche,Macan Base,2022,"13,000 mi.",Gasoline,261.0HP 2.0L 4 Cylinder Engine Gasoline Fuel,A/T,Black,Beige,None reported,Yes,60000.0,102416
Mercedes-Benz,Sprinter 2500 Standard Roof,2022,"4,590 mi.",Gasoline,188.0HP 2.0L 4 Cylinder Engine Gasoline Fuel,A/T,White,Black,None reported,Yes,64000.0,102417
Cadillac,Escalade Luxury,2013,"95,570 mi.",E85 Flex Fuel,403.0HP 6.2L 8 Cylinder Engine Flex Fuel Capability,A/T,Black,Black,At least 1 accident or damage reported,Yes,22000.0,102418
RAM,1500 TRX,2021,"15,183 mi.",Gasoline,702.0HP 6.2L 8 Cylinder Engine Gasoline Fuel,8-Speed A/T,Black,Black,None reported,Yes,90000.0,102419
Ford,F-150 XLT,2019,"69,800 mi.",E85 Flex Fuel,395.0HP 5.0L 8 Cylinder Engine Flex Fuel Capability,10-Speed A/T,Silver,Gray,None reported,Yes,34600.0,102420
Porsche,Panamera S,2012,"49,000 mi.",Gasoline,400.0HP 4.8L 8 Cylinder Engine Gasoline Fuel,7-Speed A/T,White,Black,,,41500.0,102421
Ford,Transit Connect XLT,2015,"112,000 mi.",Gasoline,169.0HP 2.5L 4 Cylinder Engine Gasoline Fuel,A/T,White,Black,At least 1 accident or damage reported,Yes,14500.0,102422
Mazda,CX-30 2.5 S Select Package,2022,"4,004 mi.",Gasoline,186.0HP 2.5L 4 Cylinder Engine Gasoline Fuel,6-Speed A/T,Black,Black,None reported,Yes,25500.0,102423
Audi,S4 3.0 Prestige,2012,"98,400 mi.",Gasoline,333.0HP 3.0L V6 Cylinder Engine Gasoline Fuel,7-Speed A/T,White,White,None reported,Yes,18000.0,102424
Genesis,G70 3.3T,2022,"12,000 mi.",Gasoline,365.0HP 3.3L V6 Cylinder Engine Gasoline Fuel,8-Speed A/T,Green,Beige,None reported,Yes,41000.0,102425
Porsche,Taycan Turbo,2020,"21,028 mi.",,Dual AC Electric Motors,Single-Speed Fixed Gear,BLACK,BEIGE,None reported,,96900.0,102426
Toyota,Camry Solara SLE,2007,"138,000 mi.",Gasoline,210.0HP 3.3L V6 Cylinder Engine Gasoline Fuel,5-Speed A/T,White,Beige,None reported,Yes,6800.0,102427
Land,Rover Defender V8,2022,"3,000 mi.",Gasoline,518.0HP 5.0L 8 Cylinder Engine Gasoline Fuel,8-Speed A/T,Black,Black,None reported,Yes,96500.0,102428
Pontiac,Solstice Base,2007,"62,310 mi.",Gasoline,177.0HP 2.4L 4 Cylinder Engine Gasoline Fuel,5-Speed A/T,Gray,Black,None reported,Yes,12900.0,102429
BMW,550 Gran Turismo i,2013,"79,341 mi.",Gasoline,445.0HP 4.4L 8 Cylinder Engine Gasoline Fuel,A/T,Gold,Brown,None reported,Yes,16800.0,102430
Honda,Pilot EX-L,2020,"28,886 mi.",Gasoline,3.5L V6 24V GDI SOHC,6-Speed Automatic,Gray,Gray,,,35645.0,102431
Toyota,Tundra TRD Pro,2016,"51,400 mi.",E85 Flex Fuel,381.0HP 5.7L 8 Cylinder Engine Flex Fuel Capability,6-Speed A/T,Black,Black,,,39900.0,102432
Buick,Enclave Premium,2014,"86,281 mi.",Gasoline,288.0HP 3.6L V6 Cylinder Engine Gasoline Fuel,6-Speed A/T,Black,Black,None reported,Yes,18900.0,102433
Porsche,911 GT3,2016,"30,700 mi.",Gasoline,475.0HP 3.8L Flat 6 Cylinder Engine Gasoline Fuel,7-Speed A/T,White,Black,None reported,Yes,138999.0,102434
Toyota,Sienna LE,2015,"76,000 mi.",Gasoline,266.0HP 3.5L V6 Cylinder Engine Gasoline Fuel,A/T,Red,Gray,None reported,Yes,18300.0,102435
Honda,Civic EX,2012,"167,506 mi.",Gasoline,140.0HP 1.8L 4 Cylinder Engine Gasoline Fuel,A/T,Black,–,None reported,Yes,6500.0,102436
Toyota,FJ Cruiser Base,2007,"193,827 mi.",Gasoline,239.0HP 4.0L V6 Cylinder Engine Gasoline Fuel,A/T,Silver,Black,None reported,Yes,14950.0,102437
Alfa,Romeo Stelvio Ti,2023,"6,645 mi.",Gasoline,2.0L I4 16V GDI SOHC Turbo,8-Speed Automatic,Alfa White,Black,None reported,,43900.0,102438
Mazda,MX-5 Miata Base,1999,"130,000 mi.",Gasoline,140.0HP 1.8L 4 Cylinder Engine Gasoline Fuel,A/T,Green,Beige,At least 1 accident or damage reported,Yes,9000.0,102439
Nissan,Rogue SL,2017,"148,000 mi.",Gasoline,170.0HP 2.5L 4 Cylinder Engine Gasoline Fuel,A/T,White,–,None reported,Yes,13000.0,102440
Rolls-Royce,Ghost Base,2010,"79,000 mi.",Gasoline,563.0HP 6.6L 12 Cylinder Engine Gasoline Fuel,8-Speed A/T,Silver,Black,None reported,Yes,69000.0,102441
Audi,Q7 45 Premium Plus,2021,"68,000 mi.",Gasoline,248.0HP 2.0L 4 Cylinder Engine Gasoline Fuel,8-Speed A/T,Blue,Black,None reported,Yes,36499.0,102442
Chevrolet,Camaro 1SS,2021,"15,000 mi.",Gasoline,455.0HP 6.2L 8 Cylinder Engine Gasoline Fuel,6-Speed M/T,Blue,Gray,None reported,Yes,43500.0,102443
Kia,Niro Plug-In Hybrid EX,2023,"9,400 mi.",Plug-In Hybrid,180.0HP 1.6L 4 Cylinder Engine Plug-In Electric/Gas,A/T,Black,Black,None reported,Yes,31500.0,102444
Audi,S6 4.0T Premium Plus,2018,"61,258 mi.",Gasoline,450.0HP 4.0L 8 Cylinder Engine Gasoline Fuel,7-Speed A/T,White,Black,None reported,Yes,49999.0,102445
Audi,e-tron Prestige,2019,"33,012 mi.",,355.0HP Electric Motor Electric Fuel System,1-Speed A/T,Blue,Beige,None reported,Yes,38000.0,102446
Nissan,370Z Touring,2009,"133,409 mi.",Gasoline,332.0HP 3.7L V6 Cylinder Engine Gasoline Fuel,6-Speed M/T,Silver,Gray,At least 1 accident or damage reported,Yes,14999.0,102447
Jeep,Wrangler Sport,2021,"11,756 mi.",Gasoline,"2L I-4 gasoline direct injection, DOHC, intercooled turbo, engin",Automatic,Granite Crystal Metallic Clearcoat,Black,At least 1 accident or damage reported,,33400.0,102448
Jeep,Grand Cherokee L Laredo,2022,"10,232 mi.",Gasoline,3.6L V6 24V MPFI DOHC,Automatic,Diamond Black,Global Black,None reported,Yes,44646.0,102449
Ford,Focus ST Base,2014,"110,000 mi.",Gasoline,252.0HP 2.0L 4 Cylinder Engine Gasoline Fuel,6-Speed M/T,Silver,Gray,None reported,Yes,9495.0,102450
Ford,Mustang EcoBoost Premium,2017,"59,500 mi.",Gasoline,310.0HP 2.3L 4 Cylinder Engine Gasoline Fuel,A/T,Black,Black,At least 1 accident or damage reported,Yes,21000.0,102451
Mercedes-Benz,SL-Class SL550 Roadster,2008,"150,000 mi.",Gasoline,382.0HP 5.5L 8 Cylinder Engine Gasoline Fuel,7-Speed A/T,Black,Beige,None reported,Yes,16800.0,102452
Lexus,GX 460 Luxury,2020,"37,366 mi.",Gasoline,4.6L V8 32V MPFI DOHC,6-Speed Automatic,White,–,,,51890.0,102453
Porsche,911 Carrera C2S,2005,"104,000 mi.",Gasoline,355.0HP 3.8L Flat 6 Cylinder Engine Gasoline Fuel,6-Speed M/T,Silver,Black,None reported,Yes,44800.0,102454
RAM,1500 Laramie,2020,"10,458 mi.",Gasoline,5.7L V8 16V MPFI OHV,8-Speed Automatic,Delmonico Red Pearlcoat,Black,None reported,Yes,48815.0,102455
Chevrolet,Suburban LT,2020,"93,000 mi.",Gasoline,355.0HP 5.3L 8 Cylinder Engine Gasoline Fuel,A/T,Black,Black,None reported,Yes,38500.0,102456
BMW,X5 M50i,2021,"28,898 mi.",Gasoline,523.0HP 4.4L 8 Cylinder Engine Gasoline Fuel,A/T,Black,Orange,None reported,Yes,71000.0,102457
Hummer,H2 Base,2005,"145,000 mi.",Gasoline,325.0HP 6.0L 8 Cylinder Engine Gasoline Fuel,4-Speed A/T,Green,Black,None reported,Yes,22500.0,102458
Kia,Sorento LX,2014,"46,628 mi.",Gasoline,2.4L I4 16V GDI DOHC,6-Speed Automatic,Snow White Pearl,Beige,None reported,,15363.0,102459
BMW,650 Gran Coupe i xDrive,2014,"82,978 mi.",Gasoline,445.0HP 4.4L 8 Cylinder Engine Gasoline Fuel,8-Speed A/T,Black,White,None reported,Yes,18700.0,102460
Ford,Escape Limited,2012,"129,000 mi.",Gasoline,171.0HP 2.5L 4 Cylinder Engine Gasoline Fuel,A/T,White,Gray,At least 1 accident or damage reported,Yes,7000.0,102461
BMW,X4 M40i,2023,"8,500 mi.",Hybrid,382.0HP 3.0L Straight 6 Cylinder Engine Gasoline/Mild Electric Hybrid,Transmission w/Dual Shift Mode,Gray,Beige,None reported,Yes,67900.0,102462
Nissan,Juke SL,2012,"72,639 mi.",Gasoline,188.0HP 1.6L 4 Cylinder Engine Gasoline Fuel,CVT Transmission,Black,Black,At least 1 accident or damage reported,Yes,15000.0,102463
Honda,Civic Sport,2022,"25,420 mi.",Gasoline,158.0HP 2.0L 4 Cylinder Engine Gasoline Fuel,CVT Transmission,Red,Gray,None reported,Yes,24500.0,102464
Ford,Maverick XLT,2022,"52,000 mi.",Hybrid,191.0HP 2.5L 4 Cylinder Engine Gas/Electric Hybrid,CVT Transmission,Blue,Gray,None reported,Yes,28000.0,102465
Bentley,Continental GT V8,2022,"10,972 mi.",Gasoline,4.0L V8 32V GDI DOHC Twin Turbo,8-Speed Automatic with Auto-Shift,Red,Black,None reported,Yes,217950.0,102466
Lexus,GX 460 Premium,2020,"22,466 mi.",Gasoline,301.0HP 4.6L 8 Cylinder Engine Gasoline Fuel,6-Speed A/T,White,Black,None reported,Yes,45900.0,102467
Lexus,RX 450h F SPORT Handling,2021,"31,365 mi.",Hybrid,3.5 Liter DOHC,Variable,Beige,Red,None reported,,52998.0,102468
Nissan,370Z NISMO Tech,2016,"42,600 mi.",Gasoline,350.0HP 3.7L V6 Cylinder Engine Gasoline Fuel,7-Speed A/T,Red,Black,At least 1 accident or damage reported,Yes,31950.0,102469
Bentley,Bentayga W12 Signature,2018,"31,875 mi.",Gasoline,600.0HP 6.0L 12 Cylinder Engine Gasoline Fuel,8-Speed A/T,White,Black,None reported,Yes,115785.0,102470
Audi,RS 7 4.0T,2021,"14,724 mi.",Hybrid,4.0 Liter TFSI,Automatic,Glacier White,Black/Red,None reported,,101998.0,102471
Volkswagen,Beetle 2.0T Final Edition SE,2019,"32,000 mi.",Gasoline,174.0HP 2.0L 4 Cylinder Engine Gasoline Fuel,Transmission w/Dual Shift Mode,Gray,Black,None reported,Yes,32750.0,102472
Ford,E350 Super Duty XLT,2010,"248,000 mi.",E85 Flex Fuel,255.0HP 5.4L 8 Cylinder Engine Flex Fuel Capability,A/T,Silver,Beige,At least 1 accident or damage reported,Yes,14000.0,102473
BMW,ALPINA B7 ALPINA B7 xDrive,2020,"33,749 mi.",Gasoline,4.4 Liter Twin Turbo,Automatic,Blue,Red,None reported,,85998.0,102474
Ford,Transit-350 XLT,2021,"48,000 mi.",E85 Flex Fuel,275.0HP 3.5L V6 Cylinder Engine Flex Fuel Capability,A/T,White,Gray,None reported,Yes,57000.0,102475
Mercedes-Benz,SLK-Class SLK230 Kompressor,2001,"58,800 mi.",Gasoline,190.0HP 2.3L 4 Cylinder Engine Gasoline Fuel,A/T,Silver,Black,None reported,Yes,9000.0,102476
Porsche,Cayenne Turbo,2009,"41,965 mi.",Gasoline,500.0HP 4.8L 8 Cylinder Engine Gasoline Fuel,Transmission w/Dual Shift Mode,Black,Beige,At least 1 accident or damage reported,Yes,35000.0,102477
Acura,TL 3.2,2008,"193,783 mi.",Gasoline,258.0HP 3.2L V6 Cylinder Engine Gasoline Fuel,A/T,Black,Black,At least 1 accident or damage reported,Yes,10000.0,102478
Subaru,WRX Limited,2015,"76,000 mi.",Gasoline,268.0HP 2.0L 4 Cylinder Engine Gasoline Fuel,6-Speed M/T,Blue,Black,None reported,Yes,21000.0,102479
BMW,535 i xDrive,2011,"100,780 mi.",Gasoline,300.0HP 3.0L Straight 6 Cylinder Engine Gasoline Fuel,8-Speed A/T,Gray,Black,At least 1 accident or damage reported,Yes,12000.0,102480
Ford,F-250 King Ranch,2021,"44,000 mi.",Diesel,475.0HP 6.7L 8 Cylinder Engine Diesel Fuel,10-Speed A/T,White,Brown,At least 1 accident or damage reported,Yes,73000.0,102481
Jeep,Wrangler Sport,2014,"71,000 mi.",Gasoline,285.0HP 3.6L V6 Cylinder Engine Gasoline Fuel,5-Speed A/T,Gray,Black,None reported,Yes,22000.0,102482
Honda,CR-V LX,2004,"176,261 mi.",Gasoline,160.0HP 2.4L 4 Cylinder Engine Gasoline Fuel,M/T,Gray,Gray,None reported,Yes,3750.0,102483
GMC,Yukon XL SLT,2017,"110,000 mi.",Gasoline,355.0HP 5.3L 8 Cylinder Engine Gasoline Fuel,A/T,Blue,Black,At least 1 accident or damage reported,Yes,34999.0,102484
BMW,X6 M Base,2018,"54,293 mi.",Gasoline,567.0HP 4.4L 8 Cylinder Engine Gasoline Fuel,8-Speed A/T,Black,Beige,At least 1 accident or damage reported,Yes,49000.0,102485
RAM,1500 Limited,2021,"22,000 mi.",Gasoline,395.0HP 5.7L 8 Cylinder Engine Gasoline Fuel,8-Speed A/T,Black,Black,None reported,Yes,54800.0,102486
Chevrolet,Camaro 2SS,2017,"62,000 mi.",Gasoline,455.0HP 6.2L 8 Cylinder Engine Gasoline Fuel,Transmission w/Dual Shift Mode,Blue,Black,None reported,Yes,34500.0,102487
Land,Rover Range Rover HSE,2011,"174,678 mi.",Gasoline,230.0HP 3.2L Straight 6 Cylinder Engine Gasoline Fuel,6-Speed A/T,Black,Black,None reported,Yes,9500.0,102488
Lexus,RX 350 Base,2021,"5,040 mi.",Gasoline,295.0HP 3.5L V6 Cylinder Engine Gasoline Fuel,8-Speed A/T,Beige,Beige,At least 1 accident or damage reported,Yes,48900.0,102489
Buick,Enclave Premium,2020,"87,555 mi.",Gasoline,3.6L V6 24V GDI DOHC,9-Speed Automatic,Dark Moon Blue Metallic,Dark Galvanized,At least 1 accident or damage reported,Yes,31650.0,102490
Porsche,Cayenne Turbo S,2014,"99,100 mi.",Gasoline,550.0HP 4.8L 8 Cylinder Engine Gasoline Fuel,8-Speed A/T,White,Black,None reported,Yes,32000.0,102491
Dodge,Ram 1500 Laramie,2004,"141,209 mi.",Gasoline,345.0HP 5.7L 8 Cylinder Engine Gasoline Fuel,A/T,Black,Black,None reported,Yes,5700.0,102492
BMW,M3 Base,2003,"127,273 mi.",Gasoline,333.0HP 3.2L Straight 6 Cylinder Engine Gasoline Fuel,6-Speed M/T,Silver,Black,None reported,Yes,15000.0,102493
BMW,328 i xDrive,2011,"110,000 mi.",Gasoline,230.0HP 3.0L Straight 6 Cylinder Engine Gasoline Fuel,6-Speed A/T,Black,Beige,At least 1 accident or damage reported,Yes,6000.0,102494
BMW,435 i,2015,"34,455 mi.",Gasoline,300.0HP 3.0L Straight 6 Cylinder Engine Gasoline Fuel,8-Speed A/T,Gray,Beige,None reported,Yes,28000.0,102495
Lexus,LX 570 Three-Row,2020,"59,419 mi.",Gasoline,383.0HP 5.7L 8 Cylinder Engine Gasoline Fuel,A/T,Silver,Beige,None reported,Yes,73000.0,102496
GMC,Yukon Denali,2019,"88,450 mi.",Gasoline,420.0HP 6.2L 8 Cylinder Engine Gasoline Fuel,10-Speed A/T,Black,Beige,At least 1 accident or damage reported,Yes,42900.0,102497
Chevrolet,Corvette Base,1998,"134,000 mi.",Gasoline,340.0HP 5.7L 8 Cylinder Engine Gasoline Fuel,A/T,Red,Beige,None reported,Yes,11500.0,102498
Chevrolet,Corvette Z06,2002,"17,300 mi.",Gasoline,405.0HP 5.7L 8 Cylinder Engine Gasoline Fuel,6-Speed M/T,Black,Black,None reported,Yes,33999.0,102499
Chevrolet,Colorado LT Crew Cab,2009,"139,000 mi.",Gasoline,300.0HP 5.3L 8 Cylinder Engine Gasoline Fuel,A/T,Black,Black,None reported,Yes,14500.0,102500
Mazda,CX-9 Touring,2016,"127,131 mi.",Gasoline,227.0HP 2.5L 4 Cylinder Engine Gasoline Fuel,A/T,Brown,–,At least 1 accident or damage reported,Yes,16770.0,102501
RAM,1500 TRX,2022,"24,058 mi.",Gasoline,"HEMI 6.2L V-8 intercooled supercharger, premium unleaded, engine","Automatic, 8-Spd",Flame Red Clearcoat,BLACK,None reported,,81900.0,102502
Maserati,Quattroporte S,2012,"50,000 mi.",Gasoline,425.0HP 4.7L 8 Cylinder Engine Gasoline Fuel,6-Speed A/T,White,Black,None reported,Yes,26497.0,102503
Audi,A5 2.0T Prestige,2018,"35,850 mi.",Gasoline,252.0HP 2.0L 4 Cylinder Engine Gasoline Fuel,7-Speed A/T,White,Black,None reported,Yes,33000.0,102504
Porsche,911 R,2016,719 mi.,Gasoline,4.0L H6 24V GDI DOHC,6-Speed Manual,White,Black / Brown,None reported,Yes,489000.0,102505
Lexus,IS 350 Base,2014,"104,000 mi.",Gasoline,306.0HP 3.5L V6 Cylinder Engine Gasoline Fuel,8-Speed A/T,Black,Black,None reported,Yes,21000.0,102506
Jeep,Compass High Altitude,2017,"45,000 mi.",Gasoline,172.0HP 2.4L 4 Cylinder Engine Gasoline Fuel,A/T,White,Beige,At least 1 accident or damage reported,Yes,16500.0,102507
Chevrolet,Silverado 1500 Limited LT Trail Boss,2022,"4,753 mi.",Gasoline,355.0HP 5.3L 8 Cylinder Engine Gasoline Fuel,10-Speed A/T,White,Black,None reported,Yes,57000.0,102508
Toyota,Tacoma Base,2009,"48,750 mi.",Gasoline,159.0HP 2.7L 4 Cylinder Engine Gasoline Fuel,M/T,Brown,Silver,None reported,Yes,17900.0,102509
Porsche,Macan,2021,"16,554 mi.",Gasoline,2.0 Liter,Automatic,White,Beige,None reported,,51698.0,102510
Kia,K5 GT-Line,2021,"100,312 mi.",Gasoline,1.6L I4 16V GDI DOHC Turbo,8-Speed Automatic,Wolf Gray,Black,None reported,,19980.0,102511
Mercedes-Benz,GLS 550 Base 4MATIC,2018,"74,422 mi.",Gasoline,4.7 Liter Twin Turbo,Automatic,Obsidian Black Metallic,Gray,None reported,,44798.0,102512
GMC,Yukon SLT,2002,"222,600 mi.",Gasoline,275.0HP 4.8L 8 Cylinder Engine Gasoline Fuel,4-Speed A/T,Gray,Beige,None reported,Yes,4999.0,102513
Ford,Excursion Limited,2003,"67,550 mi.",Diesel,325.0HP 6.0L 8 Cylinder Engine Diesel Fuel,5-Speed A/T,Gold,Beige,None reported,Yes,30000.0,102514
Toyota,Corolla S Plus,2016,"68,364 mi.",Gasoline,132.0HP 1.8L 4 Cylinder Engine Gasoline Fuel,Transmission w/Dual Shift Mode,White,Black,None reported,Yes,16000.0,102515
BMW,M235 i,2015,"68,750 mi.",Gasoline,320.0HP 3.0L Straight 6 Cylinder Engine Gasoline Fuel,6-Speed M/T,Red,Black,None reported,Yes,25999.0,102516
BMW,228 Gran Coupe i xDrive,2020,"31,100 mi.",Gasoline,228.0HP 2.0L 4 Cylinder Engine Gasoline Fuel,8-Speed A/T,Blue,White,None reported,Yes,26999.0,102517
Toyota,Tundra SR5 Double Cab,2005,"170,000 mi.",Gasoline,282.0HP 4.7L 8 Cylinder Engine Gasoline Fuel,A/T,Silver,Beige,At least 1 accident or damage reported,Yes,11200.0,102518
Audi,SQ5 3.0T Prestige,2018,"25,000 mi.",Gasoline,354.0HP 3.0L V6 Cylinder Engine Gasoline Fuel,8-Speed A/T,Gray,Black,None reported,Yes,50000.0,102519
BMW,428 i xDrive,2015,"125,000 mi.",Gasoline,240.0HP 2.0L 4 Cylinder Engine Gasoline Fuel,A/T,White,Black,None reported,Yes,15000.0,102520
Lincoln,MKS Base,2015,"124,400 mi.",Gasoline,305.0HP 3.7L V6 Cylinder Engine Gasoline Fuel,6-Speed A/T,White,Black,At least 1 accident or damage reported,Yes,9500.0,102521
Chevrolet,Suburban Premier,2019,"51,338 mi.",Gasoline,355.0HP 5.3L 8 Cylinder Engine Gasoline Fuel,6-Speed A/T,White,Black,None reported,Yes,49900.0,102522
Acura,ZDX Base,2010,"123,000 mi.",Gasoline,300.0HP 3.7L V6 Cylinder Engine Gasoline Fuel,Transmission w/Dual Shift Mode,Black,Black,At least 1 accident or damage reported,Yes,13888.0,102523
Ford,Explorer XLT,2020,"45,000 mi.",Gasoline,300.0HP 2.3L 4 Cylinder Engine Gasoline Fuel,10-Speed A/T,Silver,Black,None reported,Yes,33500.0,102524
Lexus,LX 570 Three-Row,2021,"21,000 mi.",Gasoline,383.0HP 5.7L 8 Cylinder Engine Gasoline Fuel,Transmission w/Dual Shift Mode,White,Black,None reported,Yes,89999.0,102525
Kia,K5 EX,2021,"11,154 mi.",Gasoline,1.6L I4 16V GDI DOHC Turbo,8-Speed Automatic,Glacial White Pearl,Black,None reported,,28998.0,102526
BMW,i3 120Ah w/Range Extender,2019,"16,975 mi.",,170.0HP 0.65L Electric Motor Electric Fuel System,A/T,Black,Black,None reported,Yes,26990.0,102527
Nissan,Altima 2.5 S,2015,"149,800 mi.",Gasoline,182.0HP 2.5L 4 Cylinder Engine Gasoline Fuel,A/T,Black,Black,At least 1 accident or damage reported,Yes,11600.0,102528
Buick,Regal Turbo - Premium 1,2012,"190,000 mi.",Gasoline,220.0HP 2.0L 4 Cylinder Engine Gasoline Fuel,6-Speed A/T,Beige,Beige,At least 1 accident or damage reported,Yes,6000.0,102529
Acura,TLX Type S w/Performance Tire,2023,"4,700 mi.",Gasoline,355.0HP 3.0L V6 Cylinder Engine Gasoline Fuel,10-Speed A/T,Red,Black,None reported,Yes,52000.0,102530
Land,Rover Range Rover 3.0L V6 Supercharged HSE,2019,"49,208 mi.",Gasoline,380.0HP 3.0L V6 Cylinder Engine Gasoline Fuel,Transmission w/Dual Shift Mode,Black,Black,None reported,Yes,62425.0,102531
Chevrolet,Silverado 1500 ZR2,2022,"11,597 mi.",Gasoline,6.2L V8 16V GDI OHV,Automatic,Silver Ice Metallic,Jet Black,None reported,,68590.0,102532
Chevrolet,Camaro ZL1,2018,"13,500 mi.",Gasoline,650.0HP 6.2L 8 Cylinder Engine Gasoline Fuel,6-Speed M/T,Black,Black,At least 1 accident or damage reported,Yes,54000.0,102533
Ford,F-150 Lariat,2021,"36,821 mi.",Gasoline,3.5L V6 24V PDI DOHC Twin Turbo,Automatic,Agate Black Metallic,Black,,,49273.0,102534
Nissan,Titan SE,2009,"127,600 mi.",E85 Flex Fuel,317.0HP 5.6L 8 Cylinder Engine Flex Fuel Capability,A/T,Brown,Gray,None reported,Yes,19500.0,102535
Ford,Bronco Heritage Edition Advanced,2023,"1,500 mi.",Gasoline,275.0HP 2.3L 4 Cylinder Engine Gasoline Fuel,7-Speed M/T,Red,–,None reported,Yes,60000.0,102536
Acura,NSX Base,1993,"75,980 mi.",–,–,A/T,Silver,Black,None reported,Yes,90200.0,102537
Chevrolet,Colorado ZR2,2019,"38,900 mi.",Gasoline,308.0HP 3.6L V6 Cylinder Engine Gasoline Fuel,8-Speed A/T,White,Black,None reported,Yes,34700.0,102538
Chevrolet,Corvette Stingray Z51,2019,"7,033 mi.",Gasoline,460.0HP 6.2L 8 Cylinder Engine Gasoline Fuel,8-Speed A/T,White,Black,None reported,Yes,63900.0,102539
Toyota,Sequoia Limited,2018,"63,990 mi.",Gasoline,381.0HP 5.7L 8 Cylinder Engine Gasoline Fuel,6-Speed A/T,White,Gray,At least 1 accident or damage reported,Yes,48000.0,102540
Jeep,Grand Cherokee Limited,2015,"93,400 mi.",E85 Flex Fuel,290.0HP 3.6L V6 Cylinder Engine Flex Fuel Capability,A/T,White,Black,None reported,Yes,18900.0,102541
Porsche,911 Carrera S,2015,"36,000 mi.",Gasoline,400.0HP 3.8L Flat 6 Cylinder Engine Gasoline Fuel,7-Speed A/T,Black,Black,None reported,Yes,84999.0,102542
Buick,Encore Preferred,2019,"50,000 mi.",Gasoline,138.0HP 1.4L 4 Cylinder Engine Gasoline Fuel,6-Speed A/T,White,Black,None reported,Yes,18795.0,102543
Ford,F-150 Lariat,2011,"152,000 mi.",Gasoline,365.0HP 3.5L V6 Cylinder Engine Gasoline Fuel,6-Speed A/T,Brown,Beige,None reported,Yes,14000.0,102544
BMW,X5 xDrive50i,2016,"79,995 mi.",Gasoline,445.0HP 4.4L 8 Cylinder Engine Gasoline Fuel,Transmission w/Dual Shift Mode,Black,Black,None reported,Yes,23995.0,102545
Lexus,IS 350 Base,2015,"62,600 mi.",Gasoline,306.0HP 3.5L V6 Cylinder Engine Gasoline Fuel,Transmission w/Dual Shift Mode,Gray,Red,None reported,Yes,27500.0,102546
Dodge,Charger GT,2021,"33,000 mi.",Gasoline,300.0HP 3.6L V6 Cylinder Engine Gasoline Fuel,Transmission w/Dual Shift Mode,White,Gray,At least 1 accident or damage reported,Yes,26999.0,102547
Chevrolet,Corvette Base,2000,"97,500 mi.",Gasoline,345.0HP 5.7L 8 Cylinder Engine Gasoline Fuel,6-Speed M/T,Yellow,Black,None reported,Yes,10000.0,102548
Ford,Mustang GT Premium,2012,"19,900 mi.",Gasoline,412.0HP 5.0L 8 Cylinder Engine Gasoline Fuel,6-Speed A/T,White,Black,None reported,Yes,26500.0,102549
BMW,M5 Base,2013,"86,000 mi.",Gasoline,560.0HP 4.4L 8 Cylinder Engine Gasoline Fuel,Transmission w/Dual Shift Mode,Blue,White,None reported,Yes,32000.0,102550
Lexus,GX 460 Base,2015,"92,000 mi.",Gasoline,301.0HP 4.6L 8 Cylinder Engine Gasoline Fuel,6-Speed A/T,Black,Black,None reported,Yes,28000.0,102551
Nissan,NV Passenger NV3500 HD SV V8,2015,"86,000 mi.",Gasoline,317.0HP 5.6L 8 Cylinder Engine Gasoline Fuel,A/T,Silver,Gray,None reported,Yes,29500.0,102552
Audi,Q5 S line Premium Plus,2023,"4,648 mi.",Hybrid,2.0 Liter TFSI,Automatic,Mythos Black,Black,None reported,,47598.0,102553
Ford,F-250 XLT,2019,"38,600 mi.",Diesel,450.0HP 6.7L 8 Cylinder Engine Diesel Fuel,6-Speed A/T,Blue,–,None reported,Yes,54500.0,102554
Lincoln,Navigator Premiere,2018,"23,500 mi.",Gasoline,450.0HP 3.5L V6 Cylinder Engine Gasoline Fuel,10-Speed A/T,Black,Black,At least 1 accident or damage reported,Yes,50000.0,102555
Alfa,Romeo Stelvio Ti,2020,"41,000 mi.",Gasoline,280.0HP 2.0L 4 Cylinder Engine Gasoline Fuel,8-Speed A/T,White,Black,None reported,Yes,32400.0,102556
Acura,TLX A-Spec,2020,"32,500 mi.",Gasoline,206.0HP 2.4L 4 Cylinder Engine Gasoline Fuel,A/T,White,Red,None reported,Yes,32000.0,102557
Rolls-Royce,Phantom,2018,"7,585 mi.",Gasoline,6.8L V12 48V GDI DOHC Twin Turbo,8-Speed Automatic,–,–,None reported,Yes,599000.0,102558
Land,Rover Range Rover Sport Supercharged HSE,2015,"175,000 mi.",Gasoline,340.0HP 3.0L V6 Cylinder Engine Gasoline Fuel,A/T,Black,Black,None reported,Yes,19500.0,102559
BMW,i3 Base w/Range Extender,2014,"74,500 mi.",,170.0HP 0.65L Electric Motor Electric Fuel System,A/T,White,Gray,None reported,Yes,11499.0,102560
Kia,Sorento Plug-In Hybrid SX Prestige,2022,"10,101 mi.",Plug-In Hybrid,261.0HP 1.6L 4 Cylinder Engine Plug-In Electric/Gas,6-Speed A/T,White,–,None reported,Yes,44990.0,102561
GMC,Sierra 1500 SLE Crew Cab,2005,"131,800 mi.",Gasoline,295.0HP 5.3L 8 Cylinder Engine Gasoline Fuel,4-Speed A/T,Silver,Gray,At least 1 accident or damage reported,Yes,5800.0,102562
Jeep,Liberty Limited,2010,"107,000 mi.",Gasoline,210.0HP 3.7L V6 Cylinder Engine Gasoline Fuel,A/T,Gray,Gray,None reported,Yes,5900.0,102563
Volvo,XC90 T6 Inscription,2020,"22,500 mi.",Gasoline,316.0HP 2.0L 4 Cylinder Engine Gasoline Fuel,A/T,Black,White,None reported,Yes,50000.0,102564
Mercedes-Benz,S-Class S 63 AMG,2015,"79,876 mi.",Gasoline,577.0HP 5.5L 8 Cylinder Engine Gasoline Fuel,7-Speed A/T,Black,White,None reported,Yes,45750.0,102565
Tesla,Model 3 Long Range,2022,"3,077 mi.",,Dual Motor - Standard,Automatic,Silver,Black,None reported,,44998.0,102566
Mercedes-Benz,S-Class S 560 4MATIC,2019,"10,500 mi.",Gasoline,463.0HP 4.0L 8 Cylinder Engine Gasoline Fuel,9-Speed A/T,Silver,Brown,None reported,Yes,77900.0,102567
BMW,335 i,2009,"51,983 mi.",Gasoline,300.0HP 3.0L Straight 6 Cylinder Engine Gasoline Fuel,6-Speed M/T,Gray,White,None reported,Yes,19999.0,102568
Audi,Q5 2.0T Premium Plus,2019,"50,000 mi.",Gasoline,248.0HP 2.0L 4 Cylinder Engine Gasoline Fuel,7-Speed A/T,White,Beige,At least 1 accident or damage reported,Yes,27000.0,102569
Jeep,Cherokee Sport,1996,"170,552 mi.",Gasoline,190.0HP 4.0L Straight 6 Cylinder Engine Gasoline Fuel,4-Speed A/T,Black,Gray,At least 1 accident or damage reported,Yes,6500.0,102570
Ford,Expedition King Ranch,2020,"58,700 mi.",Gasoline,375.0HP 3.5L V6 Cylinder Engine Gasoline Fuel,10-Speed A/T,Black,Brown,At least 1 accident or damage reported,Yes,48999.0,102571
Dodge,Challenger R/T,2010,"73,000 mi.",–,–,A/T,Black,Black,None reported,Yes,17500.0,102572
Chevrolet,Caprice Classic Base,1996,"60,000 mi.",Gasoline,260.0HP 5.7L 8 Cylinder Engine Gasoline Fuel,A/T,Purple,Gray,,,18500.0,102573
GMC,Sierra 1500 SLT,2017,"49,105 mi.",Gasoline,420.0HP 6.2L 8 Cylinder Engine Gasoline Fuel,8-Speed A/T,White,Black,None reported,Yes,39750.0,102574
Hyundai,Genesis Coupe 2.0T R-Spec,2013,"55,000 mi.",Gasoline,260.0HP 2.0L 4 Cylinder Engine Gasoline Fuel,6-Speed M/T,White,Red,,,18000.0,102575
Audi,A7 Premium Plus,2020,"25,361 mi.",Hybrid,3.0 Liter Turbo,Automatic,Typhoon Gray,Black,None reported,,49998.0,102576
Tesla,Model S 70D,2015,"62,089 mi.",,329.0HP Electric Motor Electric Fuel System,A/T,Black,Beige,None reported,Yes,29975.0,102577
INFINITI,Q50 Hybrid Sport,2015,"88,900 mi.",Hybrid,354.0HP 3.5L V6 Cylinder Engine Gas/Electric Hybrid,7-Speed A/T,Black,Black,None reported,Yes,15500.0,102578
Chevrolet,Silverado 3500 LTZ,2022,"85,200 mi.",Diesel,445.0HP 6.6L 8 Cylinder Engine Diesel Fuel,10-Speed A/T,Silver,Gray,None reported,Yes,67500.0,102579
BMW,M3 Base,2006,"95,450 mi.",Gasoline,333.0HP 3.2L Straight 6 Cylinder Engine Gasoline Fuel,6-Speed M/T,Gray,Gray,At least 1 accident or damage reported,Yes,42000.0,102580
Mercedes-Benz,G 550 4x4 Squared Base,2018,"14,381 mi.",Gasoline,4.0L V8 32V GDI DOHC Twin Turbo,7-Speed Automatic,Designo Magno Matte,Black,None reported,,204900.0,102581
Lucid,Air Grand Touring,2022,"3,552 mi.",,536.0HP Electric Motor Electric Fuel System,1-Speed A/T,Red,Beige,None reported,Yes,119999.0,102582
Chevrolet,Corvette Base,2007,"28,514 mi.",Gasoline,400.0HP 6.0L 8 Cylinder Engine Gasoline Fuel,Transmission w/Dual Shift Mode,Red,Gray,None reported,Yes,32000.0,102583
Porsche,911 Targa 4 GTS,2018,"19,000 mi.",Gasoline,450.0HP 3.0L Flat 6 Cylinder Engine Gasoline Fuel,7-Speed A/T,Gray,Black,None reported,Yes,145000.0,102584
BMW,M6 Base,2015,"18,651 mi.",Gasoline,560.0HP 4.4L 8 Cylinder Engine Gasoline Fuel,Transmission w/Dual Shift Mode,Red,Black,None reported,Yes,59549.0,102585
Jeep,Wrangler Rubicon,2014,"99,450 mi.",Gasoline,285.0HP 3.6L V6 Cylinder Engine Gasoline Fuel,6-Speed M/T,Gray,Black,None reported,Yes,21000.0,102586
Audi,Q5 3.0 TDI Premium Plus,2014,"55,564 mi.",Diesel,240.0HP 3.0L V6 Cylinder Engine Diesel Fuel,8-Speed A/T,Black,Black,At least 1 accident or damage reported,Yes,22500.0,102587
Porsche,911 Turbo,2007,"73,500 mi.",Gasoline,480.0HP 3.6L Flat 6 Cylinder Engine Gasoline Fuel,5-Speed A/T,Black,Black,None reported,Yes,75499.0,102588
Ford,Bronco Sport Big Bend,2021,"31,729 mi.",Gasoline,1.5L I3 12V PDI DOHC Turbo,8-Speed Automatic,Maroon,Medium Dark Slate,At least 1 accident or damage reported,Yes,29614.0,102589
Ford,Transit-350 XLT,2015,"143,000 mi.",Gasoline,275.0HP 3.7L V6 Cylinder Engine Gasoline Fuel,6-Speed A/T,Silver,Gray,None reported,Yes,22500.0,102590
INFINITI,G35 Sport,2007,"37,100 mi.",Gasoline,306.0HP 3.5L V6 Cylinder Engine Gasoline Fuel,6-Speed M/T,Gray,Black,None reported,Yes,16900.0,102591
Porsche,911 Turbo,2018,"12,088 mi.",Gasoline,540.0HP 3.8L Flat 6 Cylinder Engine Gasoline Fuel,A/T,Gray,Black,None reported,Yes,169000.0,102592
Porsche,Macan GTS,2023,"6,483 mi.",Gasoline,2.9L V6 24V GDI DOHC Twin Turbo,7-Speed Automatic with Auto-Shift,Chalk,Black,None reported,,96900.0,102593
Volkswagen,Golf R 4-Door,2016,"47,144 mi.",Gasoline,292.0HP 2.0L 4 Cylinder Engine Gasoline Fuel,6-Speed M/T,Blue,Black,None reported,Yes,29950.0,102594
Lexus,LC 500 Base,2022,"2,071 mi.",Gasoline,5.0L V8 32V PDI DOHC,Automatic,Nightfall Mica,Caramel,None reported,,99950.0,102595
Toyota,Land Cruiser Base,2016,"91,000 mi.",Gasoline,381.0HP 5.7L 8 Cylinder Engine Gasoline Fuel,A/T,Black,Brown,None reported,Yes,68500.0,102596
Dodge,Charger SRT Hellcat Widebody,2023,"5,000 mi.",Gasoline,717.0HP 6.2L 8 Cylinder Engine Gasoline Fuel,Transmission w/Dual Shift Mode,Gray,Black,None reported,Yes,110000.0,102597
BMW,340 i,2016,"28,000 mi.",Gasoline,320.0HP 3.0L Straight 6 Cylinder Engine Gasoline Fuel,6-Speed M/T,Black,Red,None reported,Yes,36995.0,102598
Land,Rover Discovery HSE,2018,"85,000 mi.",Gasoline,340.0HP 3.0L V6 Cylinder Engine Gasoline Fuel,8-Speed A/T,Gray,Black,None reported,Yes,33000.0,102599
Chevrolet,Suburban Premier,2017,"133,598 mi.",Gasoline,5.3L V8 16V GDI OHV,6-Speed Automatic,Siren Red Tintcoat,Jet Black,At least 1 accident or damage reported,Yes,29999.0,102600
Land,Rover Range Rover Velar SVAutobiography Dynamic Edition,2020,"59,355 mi.",Gasoline,V8,Automatic,Santorini Black,Ebony / Pimento,None reported,Yes,72995.0,102601
Land,Rover Range Rover Evoque R-Dynamic HSE,2020,"30,424 mi.",Hybrid,2.0 Liter,Automatic,Silver,Black,None reported,,44998.0,102602
Porsche,Macan S,2016,"50,000 mi.",Gasoline,340.0HP 3.0L V6 Cylinder Engine Gasoline Fuel,7-Speed A/T,Blue,Red,None reported,Yes,36000.0,102603
Hummer,H2 Base,2003,"179,400 mi.",Gasoline,316.0HP 6.0L 8 Cylinder Engine Gasoline Fuel,A/T,White,Brown,At least 1 accident or damage reported,Yes,15000.0,102604
BMW,135 i,2009,"72,900 mi.",Gasoline,300.0HP 3.0L Straight 6 Cylinder Engine Gasoline Fuel,6-Speed A/T,Gray,Gray,None reported,Yes,15500.0,102605
Audi,A5 2.0T Premium,2018,"53,000 mi.",Gasoline,252.0HP 2.0L 4 Cylinder Engine Gasoline Fuel,A/T,White,Brown,At least 1 accident or damage reported,Yes,28000.0,102606
Nissan,Maxima SV,2014,"117,000 mi.",Gasoline,290.0HP 3.5L V6 Cylinder Engine Gasoline Fuel,Transmission w/Dual Shift Mode,White,Black,At least 1 accident or damage reported,Yes,10900.0,102607
GMC,Sierra 2500 Denali,2024,"2,043 mi.",Gasoline,401.0HP 6.6L 8 Cylinder Engine Gasoline Fuel,10-Speed A/T,White,Black,None reported,Yes,81500.0,102608
Chevrolet,Corvette Stingray,2015,"25,548 mi.",Gasoline,455.0HP 6.2L 8 Cylinder Engine Gasoline Fuel,8-Speed A/T,Gray,Gray,None reported,Yes,49000.0,102609
Audi,A4 3.2 Premium Plus quattro,2009,"153,000 mi.",Gasoline,265.0HP 3.2L V6 Cylinder Engine Gasoline Fuel,6-Speed A/T,Gray,Beige,None reported,Yes,8700.0,102610
Volvo,XC90 T6 Momentum,2018,"81,200 mi.",Gasoline,316.0HP 2.0L 4 Cylinder Engine Gasoline Fuel,8-Speed A/T,Black,Black,At least 1 accident or damage reported,Yes,28825.0,102611
Lexus,RX 350 Base,2016,"71,750 mi.",Gasoline,295.0HP 3.5L V6 Cylinder Engine Gasoline Fuel,8-Speed A/T,Black,Brown,None reported,Yes,28000.0,102612
Ford,F-150 Lariat,2016,"25,000 mi.",E85 Flex Fuel,385.0HP 5.0L 8 Cylinder Engine Flex Fuel Capability,6-Speed A/T,Gray,Black,None reported,Yes,65000.0,102613
Tesla,Model 3 Long Range,2018,"24,360 mi.",,271.0HP Electric Motor Electric Fuel System,A/T,Black,White,None reported,Yes,31500.0,102614
Ford,Expedition Max XLT,2020,"67,072 mi.",Gasoline,375.0HP 3.5L V6 Cylinder Engine Gasoline Fuel,A/T,Purple,Black,None reported,Yes,38500.0,102615
Ford,Expedition Limited,2021,"29,830 mi.",Gasoline,3.5L V6 24V PDI DOHC Twin Turbo,10-Speed Automatic,Magnetic Metallic,Ebony,None reported,,55329.0,102616
Audi,RS 7 4.0T Prestige,2016,"31,500 mi.",Gasoline,560.0HP 4.0L 8 Cylinder Engine Gasoline Fuel,8-Speed A/T,Gray,Black,None reported,Yes,67000.0,102617
Cadillac,Escalade Premium Luxury Platinum,2021,"72,843 mi.",Gasoline,6.2L V8 16V GDI OHV,10-Speed Automatic,Sandstone Metallic,Dark Auburn,None reported,Yes,79990.0,102618
Toyota,Tacoma SR5,2018,"25,083 mi.",Gasoline,3.5L V6 24V PDI DOHC,6-Speed Automatic,Red,Gray,At least 1 accident or damage reported,Yes,34955.0,102619
RAM,2500 Tradesman,2018,"63,750 mi.",Gasoline,410.0HP 6.4L 8 Cylinder Engine Gasoline Fuel,6-Speed A/T,Gray,Gray,None reported,Yes,36000.0,102620
BMW,X6 xDrive50i,2019,"45,000 mi.",Gasoline,445.0HP 4.4L 8 Cylinder Engine Gasoline Fuel,8-Speed A/T,Silver,Black,At least 1 accident or damage reported,Yes,46999.0,102621
Ford,Excursion Limited Ultimate,2002,"137,000 mi.",Diesel,250.0HP 7.3L 8 Cylinder Engine Diesel Fuel,4-Speed A/T,Gold,Gold,None reported,Yes,15000.0,102622
Volkswagen,ID.4 Pro S,2023,"16,800 mi.",,295.0HP Electric Motor Electric Fuel System,1-Speed A/T,Gray,Black,None reported,Yes,45000.0,102623
Volkswagen,Passat 2.5 SE,2012,"159,870 mi.",Gasoline,170.0HP 2.5L 5 Cylinder Engine Gasoline Fuel,A/T,White,Beige,At least 1 accident or damage reported,Yes,9750.0,102624
Ford,Thunderbird Deluxe,2002,"40,110 mi.",Gasoline,252.0HP 3.9L 8 Cylinder Engine Gasoline Fuel,A/T,Yellow,Black,None reported,Yes,18500.0,102625
Kia,Stinger GT1,2021,"8,288 mi.",Gasoline,365.0HP 3.3L V6 Cylinder Engine Gasoline Fuel,8-Speed A/T,Black,Black,None reported,Yes,45899.0,102626
Lexus,GX 460 Premium,2017,"116,300 mi.",Gasoline,301.0HP 4.6L 8 Cylinder Engine Gasoline Fuel,6-Speed A/T,Gray,Beige,None reported,Yes,31950.0,102627
Hummer,H2 Base,2004,"130,000 mi.",Gasoline,316.0HP 6.0L 8 Cylinder Engine Gasoline Fuel,4-Speed A/T,Black,Black,At least 1 accident or damage reported,Yes,16500.0,102628
Lexus,GX 460 Base,2012,"167,000 mi.",Gasoline,301.0HP 4.6L 8 Cylinder Engine Gasoline Fuel,A/T,Black,Beige,At least 1 accident or damage reported,Yes,19470.0,102629
Buick,Enclave Leather,2015,"68,653 mi.",Gasoline,288.0HP 3.6L V6 Cylinder Engine Gasoline Fuel,6-Speed A/T,Blue,Black,At least 1 accident or damage reported,Yes,18950.0,102630
RAM,ProMaster 3500 Tradesman,2014,"143,390 mi.",Gasoline,280.0HP 3.6L V6 Cylinder Engine Gasoline Fuel,6-Speed A/T,White,–,None reported,Yes,13000.0,102631
Chevrolet,Corvette Z06,2007,"11,025 mi.",Gasoline,505.0HP 7.0L 8 Cylinder Engine Gasoline Fuel,6-Speed M/T,Orange,Black,None reported,Yes,47500.0,102632
Kia,Stinger GT2,2020,"57,000 mi.",Gasoline,365.0HP 3.3L V6 Cylinder Engine Gasoline Fuel,A/T,Black,Red,At least 1 accident or damage reported,Yes,36500.0,102633
Rivian,R1S Adventure Package,2023,250 mi.,,835.0HP Electric Motor Electric Fuel System,1-Speed A/T,Green,Black,,,97500.0,102634
Ford,F-250 Lariat,2019,"35,597 mi.",E85 Flex Fuel,6.2L V8 16V MPFI SOHC Flexible Fuel,6-Speed Automatic,Black,Black,None reported,,47756.0,102635
Lexus,SC 430 Base,2002,"109,762 mi.",Gasoline,300.0HP 4.3L 8 Cylinder Engine Gasoline Fuel,5-Speed A/T,Blue,Brown,None reported,Yes,15000.0,102636
Ford,F-350 Platinum,2019,"69,205 mi.",Diesel,450.0HP 6.7L 8 Cylinder Engine Diesel Fuel,Transmission w/Dual Shift Mode,White,Black,None reported,Yes,73500.0,102637
Volvo,S60 R,2004,"167,000 mi.",Gasoline,300.0HP 2.5L 5 Cylinder Engine Gasoline Fuel,6-Speed M/T,Black,Beige,None reported,Yes,8000.0,102638
Volkswagen,Golf R 4-Door,2013,"102,750 mi.",Gasoline,256.0HP 2.0L 4 Cylinder Engine Gasoline Fuel,6-Speed M/T,Black,Black,None reported,Yes,20000.0,102639
Dodge,Ram 1500 ST,2007,"36,500 mi.",Gasoline,210.0HP 3.7L V6 Cylinder Engine Gasoline Fuel,A/T,Blue,Gray,None reported,Yes,16000.0,102640
Acura,MDX Touring,2003,"165,000 mi.",Gasoline,260.0HP 3.5L V6 Cylinder Engine Gasoline Fuel,A/T,Silver,Black,At least 1 accident or damage reported,Yes,4000.0,102641
Lamborghini,Aventador LP750-4 Superveloce,2017,"10,654 mi.",Gasoline,"6.5L V-12 DOHC, variable valve control, premium unleaded, engine",Automatic,Balloon White,Nero Ade,None reported,,449991.0,102642
Hyundai,Elantra SE,2014,"120,250 mi.",Gasoline,145.0HP 1.8L 4 Cylinder Engine Gasoline Fuel,A/T,Blue,Gray,None reported,Yes,7500.0,102643
Nissan,Titan SV,2023,"6,200 mi.",Gasoline,400.0HP 5.6L 8 Cylinder Engine Gasoline Fuel,9-Speed A/T,Black,Gray,None reported,Yes,48000.0,102644
Mercedes-Benz,GL-Class GL 450,2011,"138,050 mi.",Gasoline,335.0HP 4.7L 8 Cylinder Engine Gasoline Fuel,A/T,White,Beige,None reported,Yes,16500.0,102645
Porsche,Boxster Black Edition,2016,"24,881 mi.",Gasoline,265.0HP 2.7L Flat 6 Cylinder Engine Gasoline Fuel,Transmission w/Dual Shift Mode,Black,Black,At least 1 accident or damage reported,Yes,49999.0,102646
Toyota,Land Cruiser Base,2017,"65,000 mi.",Gasoline,381.0HP 5.7L 8 Cylinder Engine Gasoline Fuel,A/T,Black,Brown,At least 1 accident or damage reported,Yes,65000.0,102647
Porsche,911 Turbo S,2019,"22,000 mi.",Gasoline,580.0HP 3.8L Flat 6 Cylinder Engine Gasoline Fuel,7-Speed A/T,White,Beige,None reported,Yes,174900.0,102648
Acura,ZDX Base,2012,"106,335 mi.",Gasoline,300.0HP 3.7L V6 Cylinder Engine Gasoline Fuel,6-Speed A/T,White,Gray,None reported,Yes,19000.0,102649
Lincoln,Navigator L,2008,"95,000 mi.",Gasoline,300.0HP 5.4L 8 Cylinder Engine Gasoline Fuel,A/T,Black,Black,None reported,Yes,10900.0,102650
Nissan,GT-R Premium,2009,"88,000 mi.",Gasoline,480.0HP 3.8L V6 Cylinder Engine Gasoline Fuel,Transmission w/Dual Shift Mode,White,White,At least 1 accident or damage reported,Yes,57000.0,102651
Toyota,Tundra SR5,2015,"108,044 mi.",Gasoline,5.7L V8 32V MPFI DOHC,6-Speed Automatic,Black,–,None reported,Yes,31380.0,102652
Dodge,Viper GTC,2017,"1,389 mi.",Gasoline,645.0HP 8.4L 10 Cylinder Engine Gasoline Fuel,M/T,Black,Black,None reported,Yes,489995.0,102653
Ford,Mustang Mach-E Premium,2022,"5,800 mi.",,346.0HP Electric Motor Electric Fuel System,1-Speed A/T,White,White,None reported,Yes,42500.0,102654
Chevrolet,Avalanche 1500 LS,2012,"56,000 mi.",E85 Flex Fuel,320.0HP 5.3L 8 Cylinder Engine Flex Fuel Capability,A/T,Red,Black,At least 1 accident or damage reported,Yes,18000.0,102655
BMW,X7 xDrive40i,2021,"30,309 mi.",Hybrid,3.0 Liter Turbo,Automatic,Blue,Tan,None reported,,63598.0,102656
Chevrolet,Express 2500 Work Van,2012,"140,500 mi.",E85 Flex Fuel,324.0HP 6.0L 8 Cylinder Engine Flex Fuel Capability,A/T,White,Gray,None reported,Yes,11800.0,102657
Chevrolet,Corvette Stingray w/2LT,2022,"11,089 mi.",Gasoline,6.2L V8 16V GDI OHV,8-Speed Manual,Silver Flare Metallic,Adrenaline Red,None reported,,80900.0,102658
Nissan,Rogue SV,2023,"1,094 mi.",Gasoline,1.5L I3 12V GDI DOHC Turbo,Automatic CVT,Caspian Blue,Light Gray,None reported,,30999.0,102659
Toyota,Sequoia Platinum,2014,"124,838 mi.",Gasoline,381.0HP 5.7L 8 Cylinder Engine Gasoline Fuel,A/T,Black,Gray,None reported,Yes,33000.0,102660
GMC,Acadia SLT-1,2011,"120,000 mi.",Gasoline,288.0HP 3.6L V6 Cylinder Engine Gasoline Fuel,6-Speed A/T,Silver,Gray,None reported,Yes,7500.0,102661
Dodge,Challenger R/T Scat Pack,2019,"75,800 mi.",Gasoline,6.4 Liter,Automatic,Gray,Black,None reported,,35998.0,102662
BMW,335 i xDrive,2009,"69,764 mi.",Gasoline,300.0HP 3.0L Straight 6 Cylinder Engine Gasoline Fuel,6-Speed M/T,Black,Black,None reported,Yes,19500.0,102663
Subaru,Impreza WRX Sti,2005,"94,000 mi.",Gasoline,300.0HP 2.5L 4 Cylinder Engine Gasoline Fuel,6-Speed M/T,Black,Blue,None reported,Yes,19500.0,102664
Ford,F-250 Limited,2018,"64,000 mi.",Diesel,450.0HP 6.7L 8 Cylinder Engine Diesel Fuel,A/T,Red,Beige,None reported,Yes,64000.0,102665
Acura,RSX Base,2005,"186,040 mi.",Gasoline,160.0HP 2.0L 4 Cylinder Engine Gasoline Fuel,A/T,Gray,Beige,At least 1 accident or damage reported,Yes,6700.0,102666
Chevrolet,Silverado 1500 LT,2019,"36,021 mi.",Gasoline,2.7L I4 16V GDI DOHC Turbo,Automatic,Cajun Red Tintcoat,Jet Black,,,35670.0,102667
Dodge,Dakota SLT Quad Cab,2006,"256,000 mi.",Gasoline,4.7L 8 Cylinder Engine Gasoline Fuel,A/T,Black,Gray,None reported,Yes,4000.0,102668
McLaren,570S Spider,2018,"8,984 mi.",Gasoline,3.8L V8 32V MPFI DOHC Twin Turbo,7-Speed Automatic with Auto-Shift,Vega Blue,Black,None reported,,171900.0,102669
Ford,F-150 Platinum,2018,"37,100 mi.",E85 Flex Fuel,395.0HP 5.0L 8 Cylinder Engine Flex Fuel Capability,10-Speed A/T,Black,Black,None reported,Yes,46000.0,102670
Mercedes-Benz,AMG S 63 Base 4MATIC,2020,"20,937 mi.",Gasoline,4.0L V8 32V GDI DOHC Twin Turbo,9-Speed Automatic,Magnetite Black Metallic,Black,None reported,,104900.0,102671
Chevrolet,Camaro 2SS,2022,"7,458 mi.",Gasoline,455.0HP 6.2L 8 Cylinder Engine Gasoline Fuel,6-Speed M/T,Red,Black,None reported,Yes,47500.0,102672
Land,Rover Range Rover Sport HSE Dynamic,2019,"77,690 mi.",Gasoline,380.0HP 3.0L V6 Cylinder Engine Gasoline Fuel,8-Speed A/T,White,Beige,None reported,Yes,43500.0,102673
Nissan,Pathfinder SV,2019,"122,009 mi.",Gasoline,3.5 Liter,Automatic,Gray,Black,None reported,,18998.0,102674
Ford,Bronco Wildtrak Advanced,2022,"9,990 mi.",Gasoline,315.0HP 2.7L V6 Cylinder Engine Gasoline Fuel,Transmission w/Dual Shift Mode,Silver,Black,None reported,Yes,64500.0,102675
Mazda,Mazda3 i SV,2015,"91,700 mi.",Gasoline,155.0HP 2.0L 4 Cylinder Engine Gasoline Fuel,A/T,Red,Black,None reported,Yes,12000.0,102676
Nissan,NV200 SV,2017,"16,700 mi.",Gasoline,131.0HP 2.0L 4 Cylinder Engine Gasoline Fuel,A/T,White,Black,None reported,Yes,26500.0,102677
Nissan,Titan XD SV,2020,"10,001 mi.",Gasoline,5.6L V8 32V GDI DOHC,9-Speed Automatic,Black,Black,None reported,Yes,47214.0,102678
RAM,1500 Longhorn,2023,"4,285 mi.",Gasoline,5.7L V8 16V MPFI OHV,Automatic,Delmonico Red Pearlcoat,Black / Saddle,None reported,Yes,65688.0,102679
Mercedes-Benz,GLB 250 Base 4MATIC,2023,"1,219 mi.",Gasoline,2.0L I4 16V GDI DOHC Turbo,Automatic,Midnight Black,Classic Red,None reported,,46479.0,102680
Jeep,Wrangler Unlimited Sport,2014,"132,600 mi.",Gasoline,285.0HP 3.6L V6 Cylinder Engine Gasoline Fuel,5-Speed A/T,White,–,At least 1 accident or damage reported,Yes,17000.0,102681
Cadillac,XTS Luxury,2016,"112,000 mi.",Gasoline,304.0HP 3.6L V6 Cylinder Engine Gasoline Fuel,A/T,Blue,Beige,At least 1 accident or damage reported,Yes,14599.0,102682
Audi,Q7 3.0T Prestige,2018,"63,400 mi.",Gasoline,333.0HP 3.0L V6 Cylinder Engine Gasoline Fuel,A/T,Black,Black,None reported,Yes,29900.0,102683
Ford,F-250 XLT,2019,"92,671 mi.",Diesel,450.0HP 6.7L 8 Cylinder Engine Diesel Fuel,A/T,Black,Black,At least 1 accident or damage reported,Yes,50000.0,102684
Nissan,Armada SV,2017,"187,141 mi.",Gasoline,390.0HP 5.6L 8 Cylinder Engine Gasoline Fuel,A/T,Black,Black,None reported,Yes,16995.0,102685
Lamborghini,Huracan Tecnica Coupe,2023,278 mi.,Gasoline,"5.2L V-10 gasoline direct injection, DOHC, variable valve contro",Automatic,Bianco Monocerus,Nero Ade,None reported,,359991.0,102686
Mercedes-Benz,GL-Class GL 450,2011,"148,000 mi.",Gasoline,335.0HP 4.7L 8 Cylinder Engine Gasoline Fuel,A/T,Black,Black,At least 1 accident or damage reported,Yes,9900.0,102687
Mercedes-Benz,C-Class C 300,2019,"76,422 mi.",Gasoline,2.0 Liter Turbo,Automatic,Black,Black,None reported,,28998.0,102688
Ferrari,California T,2015,"20,000 mi.",Gasoline,553.0HP 3.9L 8 Cylinder Engine Gasoline Fuel,7-Speed A/T,Red,Brown,At least 1 accident or damage reported,Yes,124990.0,102689
Ford,Mustang Mach-E Premium,2021,"17,850 mi.",,266.0HP Electric Motor Electric Fuel System,A/T,Red,Black,None reported,Yes,41999.0,102690
Chevrolet,Trailblazer SS,2007,"107,800 mi.",Gasoline,395.0HP 6.0L 8 Cylinder Engine Gasoline Fuel,A/T,Black,Black,At least 1 accident or damage reported,Yes,15000.0,102691
Porsche,Boxster Base,1997,"132,800 mi.",Gasoline,201.0HP 2.5L Flat 6 Cylinder Engine Gasoline Fuel,5-Speed M/T,Red,Beige,,,8500.0,102692
Lexus,RX 350 F Sport,2023,"5,483 mi.",Gasoline,2.4L I4 16V PDI DOHC Turbo,8-Speed Automatic,Ultra White,Black,None reported,,59950.0,102693
Mercedes-Benz,AMG E 63 S 4MATIC,2019,"12,985 mi.",Gasoline,603.0HP 4.0L 8 Cylinder Engine Gasoline Fuel,9-Speed A/T,Gray,Black,At least 1 accident or damage reported,Yes,96000.0,102694
Ford,Expedition Limited,2021,"23,842 mi.",Gasoline,3.5L V6 24V PDI DOHC Twin Turbo,10-Speed Automatic,Gray,Medium Stone,None reported,Yes,59203.0,102695
Lincoln,MKC Base,2015,"95,000 mi.",Gasoline,240.0HP 2.0L 4 Cylinder Engine Gasoline Fuel,6-Speed A/T,White,Black,At least 1 accident or damage reported,Yes,14900.0,102696
Land,Rover Range Rover 3.0L V6 Supercharged HSE,2019,"41,200 mi.",Gasoline,380.0HP 3.0L V6 Cylinder Engine Gasoline Fuel,Transmission w/Dual Shift Mode,Black,Black,None reported,Yes,60500.0,102697
Tesla,Model X Base,2023,"8,200 mi.",,670.0HP Electric Motor Electric Fuel System,A/T,Black,Black,None reported,Yes,93999.0,102698
GMC,Sierra 2500 Denali,2015,"86,000 mi.",Diesel,397.0HP 6.6L 8 Cylinder Engine Diesel Fuel,A/T,Gray,Brown,None reported,Yes,49000.0,102699
Rolls-Royce,Ghost Base,2021,850 mi.,Gasoline,563.0HP 6.7L 12 Cylinder Engine Gasoline Fuel,A/T,White,White,None reported,Yes,314900.0,102700
Hummer,H2 SUT,2006,"89,900 mi.",Gasoline,325.0HP 6.0L 8 Cylinder Engine Gasoline Fuel,4-Speed A/T,Red,Beige,None reported,Yes,29994.0,102701
Chevrolet,Suburban Premier,2019,"105,667 mi.",Gasoline,355.0HP 5.3L 8 Cylinder Engine Gasoline Fuel,6-Speed A/T,Black,Beige,None reported,Yes,39000.0,102702
Toyota,Highlander SE,2018,"53,607 mi.",Gasoline,3.5L V6 24V PDI DOHC,8-Speed Automatic,Midnight Black Metallic,Black,At least 1 accident or damage reported,,31853.0,102703
Lamborghini,Huracan EVO Base,2022,"2,523 mi.",Gasoline,5.2L V10 40V GDI DOHC,7-Speed Manual,Bianco Icarus Metallic,Nero Ade,None reported,,288900.0,102704
Dodge,Viper SRT-10,2003,"10,800 mi.",Gasoline,500.0HP 8.3L 10 Cylinder Engine Gasoline Fuel,6-Speed M/T,Silver,Black,None reported,Yes,65499.0,102705
Ford,F-350 Lariat,2021,"28,220 mi.",Diesel,475.0HP 6.7L 8 Cylinder Engine Diesel Fuel,10-Speed A/T,Silver,Black,None reported,Yes,73600.0,102706
Ford,Focus SE,2018,"33,700 mi.",E85 Flex Fuel,160.0HP 2.0L 4 Cylinder Engine Flex Fuel Capability,A/T,Gray,Black,At least 1 accident or damage reported,Yes,12000.0,102707
BMW,X5 xDrive35i,2016,"74,850 mi.",Gasoline,300.0HP 3.0L Straight 6 Cylinder Engine Gasoline Fuel,A/T,White,Brown,At least 1 accident or damage reported,Yes,21900.0,102708
Subaru,Outback Limited,2021,"15,636 mi.",Gasoline,2.5L H4 16V GDI DOHC,Automatic CVT,Crystal Black Silica,Black,None reported,,33531.0,102709
Mercedes-Benz,SL-Class SL63 AMG Roadster,2009,"56,000 mi.",Gasoline,518.0HP 6.3L 8 Cylinder Engine Gasoline Fuel,A/T,Black,Black,None reported,Yes,44850.0,102710
Genesis,G80 3.8,2017,"29,720 mi.",Gasoline,311.0HP 3.8L V6 Cylinder Engine Gasoline Fuel,8-Speed A/T,Brown,Beige,None reported,Yes,29500.0,102711
Porsche,Boxster S,2005,"44,400 mi.",Gasoline,280.0HP 3.2L Flat 6 Cylinder Engine Gasoline Fuel,6-Speed M/T,Silver,Black,None reported,Yes,29800.0,102712
Rivian,R1S Adventure Package,2023,"2,500 mi.",,835.0HP Electric Motor Electric Fuel System,A/T,Green,White,None reported,Yes,94000.0,102713
Audi,RS 5 4.2,2014,"49,098 mi.",Gasoline,450.0HP 4.2L 8 Cylinder Engine Gasoline Fuel,Transmission w/Dual Shift Mode,White,Black,At least 1 accident or damage reported,Yes,44900.0,102714
Ford,Focus SEL,2017,"80,134 mi.",E85 Flex Fuel,2.0L I4 16V GDI DOHC Flexible Fuel,6-Speed Automatic with Auto-Shift,White,Charcoal Black,None reported,Yes,13895.0,102715
Audi,S4 3.0T Premium Plus,2020,"23,823 mi.",Gasoline,3.0L V6 24V GDI DOHC Turbo,8-Speed Automatic,Tango Red Metallic,Black,None reported,Yes,49995.0,102716
Honda,Prelude Type SH,2001,"125,000 mi.",Gasoline,200.0HP 2.2L 4 Cylinder Engine Gasoline Fuel,5-Speed M/T,Red,Black,None reported,Yes,18000.0,102717
INFINITI,QX30 Premium,2017,"37,900 mi.",Gasoline,208.0HP 2.0L 4 Cylinder Engine Gasoline Fuel,7-Speed A/T,Gray,Black,None reported,Yes,22000.0,102718
Tesla,Model Y Long Range,2023,"5,844 mi.",,425.0HP Electric Motor Electric Fuel System,A/T,White,Black,None reported,Yes,52000.0,102719
Honda,Element EX,2008,"192,000 mi.",Gasoline,166.0HP 2.4L 4 Cylinder Engine Gasoline Fuel,5-Speed A/T,Black,Gray,At least 1 accident or damage reported,Yes,11000.0,102720
Jeep,Gladiator Overland,2020,"4,000 mi.",Gasoline,285.0HP 3.6L V6 Cylinder Engine Gasoline Fuel,8-Speed A/T,Silver,Black,None reported,Yes,50000.0,102721
Jeep,Wrangler Unlimited Sport,2010,"107,000 mi.",Gasoline,205.0HP 3.8L V6 Cylinder Engine Gasoline Fuel,A/T,White,Gray,At least 1 accident or damage reported,Yes,17500.0,102722
Ford,F-250 Platinum,2022,"6,600 mi.",Gasoline,430.0HP 7.3L 8 Cylinder Engine Gasoline Fuel,10-Speed A/T,Blue,Black,At least 1 accident or damage reported,Yes,72900.0,102723
Lincoln,Navigator Select,2016,"158,000 mi.",Gasoline,380.0HP 3.5L V6 Cylinder Engine Gasoline Fuel,Transmission w/Dual Shift Mode,Red,Beige,None reported,Yes,19780.0,102724
Land,Rover Discovery HSE LUXURY,2017,"57,918 mi.",Gasoline,340.0HP 3.0L V6 Cylinder Engine Gasoline Fuel,Transmission w/Dual Shift Mode,Gray,Gray,None reported,Yes,33500.0,102725
Scion,tC Release Series 6.0,2010,"120,010 mi.",Gasoline,161.0HP 2.4L 4 Cylinder Engine Gasoline Fuel,4-Speed A/T,Gray,Black,At least 1 accident or damage reported,Yes,6500.0,102726
Subaru,Outback 2.5 i Special Edition,2009,"181,870 mi.",Gasoline,169.0HP 2.5L 4 Cylinder Engine Gasoline Fuel,A/T,Black,Black,None reported,Yes,6500.0,102727
Chevrolet,Corvette Stingray,2018,"13,900 mi.",Gasoline,455.0HP 6.2L 8 Cylinder Engine Gasoline Fuel,8-Speed A/T,White,Red,None reported,Yes,54490.0,102728
BMW,M4 Base,2015,"23,700 mi.",Gasoline,425.0HP 3.0L Straight 6 Cylinder Engine Gasoline Fuel,Transmission w/Dual Shift Mode,Black,Black,None reported,Yes,42800.0,102729
Volkswagen,Jetta 1.4T R-Line,2019,"96,000 mi.",Gasoline,147.0HP 1.4L 4 Cylinder Engine Gasoline Fuel,A/T,Orange,White,At least 1 accident or damage reported,Yes,14980.0,102730
RAM,2500 SLT,2018,"67,865 mi.",Gasoline,410.0HP 6.4L 8 Cylinder Engine Gasoline Fuel,6-Speed A/T,White,Gray,None reported,Yes,36500.0,102731
Nissan,Pathfinder Platinum,2014,"112,600 mi.",Gasoline,260.0HP 3.5L V6 Cylinder Engine Gasoline Fuel,CVT Transmission,Black,Black,At least 1 accident or damage reported,Yes,13000.0,102732
RAM,2500 SLT,2017,"86,000 mi.",Diesel,350.0HP 6.7L Straight 6 Cylinder Engine Diesel Fuel,6-Speed A/T,Gray,Gray,At least 1 accident or damage reported,Yes,41000.0,102733
Audi,A7 3.0T Prestige,2015,"73,000 mi.",Diesel,240.0HP 3.0L V6 Cylinder Engine Diesel Fuel,8-Speed A/T,White,Gray,None reported,Yes,34000.0,102734
Kia,Sorento Plug-In Hybrid SX,2022,"15,583 mi.",Hybrid,1.6L I4 16V GDI DOHC Turbo Hybrid,6-Speed Automatic,Aurora Black,Gray,None reported,,40599.0,102735
BMW,M4 Base,2018,"19,300 mi.",Gasoline,425.0HP 3.0L Straight 6 Cylinder Engine Gasoline Fuel,6-Speed M/T,White,Silver,None reported,Yes,64000.0,102736
Mercedes-Benz,S-Class S 65 AMG,2015,"95,428 mi.",Gasoline,621.0HP 6.0L 12 Cylinder Engine Gasoline Fuel,A/T,Silver,Silver,None reported,Yes,55000.0,102737
Acura,TL 3.2,2005,"199,296 mi.",Gasoline,270.0HP 3.2L V6 Cylinder Engine Gasoline Fuel,A/T,Black,Gray,None reported,Yes,4900.0,102738
Mitsubishi,Outlander Sport ES,2015,"98,385 mi.",Gasoline,166.0HP 2.4L 4 Cylinder Engine Gasoline Fuel,CVT Transmission,Silver,Black,At least 1 accident or damage reported,Yes,10500.0,102739
Toyota,RAV4 Base,2010,"123,620 mi.",Gasoline,179.0HP 2.5L 4 Cylinder Engine Gasoline Fuel,4-Speed A/T,Black,Black,At least 1 accident or damage reported,Yes,9900.0,102740
Jaguar,F-PACE 35t Premium,2017,"58,060 mi.",Gasoline,340.0HP 3.0L V6 Cylinder Engine Gasoline Fuel,8-Speed A/T,Blue,Beige,At least 1 accident or damage reported,Yes,26000.0,102741
GMC,Yukon XL SLT,2023,"28,500 mi.",Gasoline,355.0HP 5.3L 8 Cylinder Engine Gasoline Fuel,A/T,Black,Black,None reported,Yes,67800.0,102742
Tesla,Model X Performance,2020,"27,224 mi.",,Electric,1-Speed Automatic,Black,Black,None reported,,65999.0,102743
Ford,Mustang GT,2018,"53,782 mi.",Gasoline,460.0HP 5.0L 8 Cylinder Engine Gasoline Fuel,6-Speed M/T,Black,Black,At least 1 accident or damage reported,Yes,29950.0,102744
BMW,Z4 sDrive35is,2014,"4,200 mi.",Gasoline,335.0HP 3.0L Straight 6 Cylinder Engine Gasoline Fuel,Transmission w/Dual Shift Mode,White,Red,None reported,Yes,64995.0,102745
Land,Rover Range Rover Sport Supercharged,2014,"125,000 mi.",E85 Flex Fuel,510.0HP 5.0L 8 Cylinder Engine Flex Fuel Capability,8-Speed A/T,White,Brown,At least 1 accident or damage reported,Yes,22500.0,102746
Honda,Ridgeline RTL-E,2019,"26,998 mi.",Gasoline,3.5L V6 24V GDI SOHC,6-Speed Automatic,Black,Black,None reported,,35557.0,102747
Lotus,Evora Base,2010,"9,100 mi.",Gasoline,276.0HP 3.5L V6 Cylinder Engine Gasoline Fuel,6-Speed M/T,Black,White,None reported,Yes,55000.0,102748
Lincoln,Town Car Signature,2003,"142,215 mi.",Gasoline,239.0HP 4.6L 8 Cylinder Engine Gasoline Fuel,4-Speed A/T,Gray,Beige,None reported,Yes,5000.0,102749
Toyota,Sequoia TRD Pro,2020,"37,428 mi.",Gasoline,381.0HP 5.7L 8 Cylinder Engine Gasoline Fuel,6-Speed A/T,White,Black,None reported,Yes,61599.0,102750
Ford,Mustang GT Premium,2016,"25,717 mi.",Gasoline,435.0HP 5.0L 8 Cylinder Engine Gasoline Fuel,6-Speed M/T,Black,Black,None reported,Yes,33900.0,102751
RAM,1500 Classic Tradesman,2019,"12,466 mi.",Gasoline,395.0HP 5.7L 8 Cylinder Engine Gasoline Fuel,8-Speed A/T,Gray,Gray,None reported,Yes,28995.0,102752
Ford,Excursion Limited,2001,"109,357 mi.",Gasoline,310.0HP 6.8L 10 Cylinder Engine Gasoline Fuel,A/T,Green,Beige,None reported,Yes,12749.0,102753
Mercedes-Benz,GL-Class GL 450,2011,"93,000 mi.",Gasoline,335.0HP 4.7L 8 Cylinder Engine Gasoline Fuel,A/T,Gray,Beige,At least 1 accident or damage reported,Yes,11900.0,102754
Ford,F-150 Raptor,2022,"17,451 mi.",Gasoline,3.5L V6 24V PDI DOHC Twin Turbo,10-Speed Automatic,Oxford White,Rhapsody Blue,None reported,,77900.0,102755
Land,Rover Range Rover 5.0L Supercharged,2017,"101,800 mi.",Gasoline,510.0HP 5.0L 8 Cylinder Engine Gasoline Fuel,A/T,Silver,Black,None reported,Yes,36500.0,102756
Toyota,Camry Solara SLE V6,2006,"159,890 mi.",Gasoline,225.0HP 3.3L V6 Cylinder Engine Gasoline Fuel,A/T,Blue,Gray,At least 1 accident or damage reported,Yes,6500.0,102757
Mazda,MX-5 Miata Grand Touring,2012,"36,568 mi.",Gasoline,167.0HP 2.0L 4 Cylinder Engine Gasoline Fuel,6-Speed M/T,Blue,Beige,At least 1 accident or damage reported,Yes,20199.0,102758
Land,Rover Range Rover Autobiography,2023,324 mi.,Gasoline,4.4 Liter,Automatic,Black,Blk,None reported,,199998.0,102759
Chevrolet,Corvette Grand Sport,2013,"15,500 mi.",Gasoline,430.0HP 6.2L 8 Cylinder Engine Gasoline Fuel,Transmission w/Dual Shift Mode,White,Blue,None reported,Yes,45000.0,102760
Tesla,Model Y Long Range,2021,"49,252 mi.",,Electric,1-Speed Automatic,Deep Blue Metallic,Black,None reported,,37999.0,102761
Chrysler,300 Touring,2009,"134,602 mi.",Gasoline,250.0HP 3.5L V6 Cylinder Engine Gasoline Fuel,Transmission w/Dual Shift Mode,Blue,Black,None reported,Yes,7500.0,102762
Lexus,LC 500 Base,2021,915 mi.,Gasoline,471.0HP 5.0L 8 Cylinder Engine Gasoline Fuel,10-Speed A/T,Blue,White,None reported,Yes,159000.0,102763
BMW,528 i xDrive,2016,"134,000 mi.",Gasoline,240.0HP 2.0L 4 Cylinder Engine Gasoline Fuel,A/T,Brown,Brown,At least 1 accident or damage reported,Yes,13500.0,102764
Volkswagen,Beetle 2.0T S,2018,"36,824 mi.",Gasoline,174.0HP 2.0L 4 Cylinder Engine Gasoline Fuel,6-Speed A/T,Red,Red,None reported,Yes,23999.0,102765
Rivian,R1S Adventure Package,2023,"2,800 mi.",,835.0HP Electric Motor Electric Fuel System,1-Speed A/T,White,Green,None reported,Yes,92000.0,102766
Chevrolet,Corvette Stingray w/3LT,2021,"12,000 mi.",Gasoline,490.0HP 6.2L 8 Cylinder Engine Gasoline Fuel,A/T,Blue,Black,At least 1 accident or damage reported,Yes,99900.0,102767
Mercedes-Benz,E-Class E 350,2014,"88,000 mi.",Gasoline,302.0HP 3.5L V6 Cylinder Engine Gasoline Fuel,A/T,Silver,Black,None reported,Yes,15500.0,102768
Chevrolet,Silverado 1500 Custom Trail Boss,2021,"51,351 mi.",Gasoline,5.3L V8 16V GDI OHV,Automatic,Black,Jet Black,None reported,Yes,43147.0,102769
Toyota,4Runner SR5,2016,"101,900 mi.",Gasoline,270.0HP 4.0L V6 Cylinder Engine Gasoline Fuel,5-Speed A/T,Black,Black,None reported,Yes,29000.0,102770
Kia,Telluride EX,2022,"35,938 mi.",Gasoline,3.8L V6 24V GDI DOHC,8-Speed Automatic,Glacial White Pearl,Black,None reported,,43329.0,102771
Chevrolet,Suburban 1500 LT,2015,"179,200 mi.",Gasoline,355.0HP 5.3L 8 Cylinder Engine Gasoline Fuel,6-Speed A/T,Black,–,At least 1 accident or damage reported,Yes,16000.0,102772
Porsche,Panamera 4 Edition,2016,"68,000 mi.",Gasoline,310.0HP 3.6L V6 Cylinder Engine Gasoline Fuel,Transmission w/Dual Shift Mode,Gray,Black,At least 1 accident or damage reported,Yes,32950.0,102773
Lincoln,MKC Select,2019,"49,814 mi.",Gasoline,2.0L I4 16V GDI DOHC Turbo,6-Speed Automatic,Ruby Red Metallic Tinted Clearcoat,Cappuccino,None reported,,26545.0,102774
Mercedes-Benz,E-Class E 400,2015,"30,300 mi.",Gasoline,329.0HP 3.0L V6 Cylinder Engine Gasoline Fuel,A/T,White,Black,At least 1 accident or damage reported,Yes,29000.0,102775
RAM,1500 Rebel,2018,"54,800 mi.",Gasoline,395.0HP 5.7L 8 Cylinder Engine Gasoline Fuel,A/T,White,Black,At least 1 accident or damage reported,Yes,37050.0,102776
Ford,Edge SEL,2021,"17,836 mi.",Gasoline,2.0L I4 16V GDI DOHC Turbo,8-Speed Automatic,Silver,Ebony,None reported,Yes,31933.0,102777
Mercedes-Benz,E-Class E 350,2014,"78,500 mi.",Gasoline,302.0HP 3.5L V6 Cylinder Engine Gasoline Fuel,7-Speed A/T,Silver,Black,At least 1 accident or damage reported,Yes,17900.0,102778
Audi,S7 2.9T Prestige,2021,"12,000 mi.",Hybrid,444.0HP 2.9L V6 Cylinder Engine Gasoline/Mild Electric Hybrid,8-Speed A/T,Gray,Black,None reported,Yes,77500.0,102779
Acura,RLX Advance Package,2016,"102,665 mi.",Gasoline,310.0HP 3.5L V6 Cylinder Engine Gasoline Fuel,6-Speed A/T,Black,Black,None reported,Yes,15450.0,102780
Mazda,CX-9 Carbon Edition,2021,"27,836 mi.",Gasoline,2.5L I4 16V GDI DOHC Turbo,6-Speed Automatic,Polymetal Gray Metallic,Red,None reported,Yes,36969.0,102781
INFINITI,M37 x,2012,"49,000 mi.",Gasoline,330.0HP 3.7L V6 Cylinder Engine Gasoline Fuel,7-Speed A/T,Gray,Black,None reported,Yes,19900.0,102782
Nissan,Armada Platinum,2018,"108,206 mi.",Gasoline,5.6 Liter,Automatic,White,Charcoal,At least 1 accident or damage reported,,26498.0,102783
BMW,M6 Gran Coupe Base,2019,"20,500 mi.",Gasoline,560.0HP 4.4L 8 Cylinder Engine Gasoline Fuel,Transmission w/Dual Shift Mode,Blue,Black,None reported,Yes,67900.0,102784
Subaru,Outback 3.0 R VDC Limited,2005,"107,000 mi.",Gasoline,250.0HP 3.0L Flat 6 Cylinder Engine Gasoline Fuel,A/T,Gold,Beige,None reported,Yes,7100.0,102785
Lexus,GX 470 Base,2005,"114,000 mi.",Gasoline,270.0HP 4.7L 8 Cylinder Engine Gasoline Fuel,A/T,Silver,Gray,At least 1 accident or damage reported,Yes,13450.0,102786
Cadillac,Escalade Sport Platinum,2021,"15,689 mi.",Diesel,3.0L I6 24V DDI DOHC Turbo Diesel,10-Speed Automatic,Infrared Tintcoat,Jet Black,None reported,,97952.0,102787
Audi,A6 3.0T Prestige,2015,"108,000 mi.",Gasoline,310.0HP 3.0L V6 Cylinder Engine Gasoline Fuel,Transmission w/Dual Shift Mode,Black,Brown,None reported,Yes,19998.0,102788
Acura,ILX 2.4L,2016,"136,397 mi.",Gasoline,2.4 Liter,F,Silver,Ebony.,None reported,,14798.0,102789
Dodge,Challenger SRT Hellcat,2015,"1,800 mi.",Gasoline,707.0HP 6.2L 8 Cylinder Engine Gasoline Fuel,A/T,Green,Black,None reported,Yes,64990.0,102790
Jaguar,XJ Base,2013,"112,000 mi.",Gasoline,340.0HP 3.0L V6 Cylinder Engine Gasoline Fuel,A/T,Blue,White,None reported,Yes,8800.0,102791
Toyota,Sequoia SR5,2007,"136,000 mi.",Gasoline,273.0HP 4.7L 8 Cylinder Engine Gasoline Fuel,A/T,Black,Beige,None reported,Yes,12500.0,102792
Porsche,911 Carrera 4S,2003,"90,000 mi.",Gasoline,315.0HP 3.6L Flat 6 Cylinder Engine Gasoline Fuel,6-Speed M/T,Silver,Black,,,24000.0,102793
Land,Rover Range Rover Sport HST MHEV,2020,"37,248 mi.",Hybrid,395.0HP 3.0L Straight 6 Cylinder Engine Gasoline/Mild Electric Hybrid,8-Speed A/T,Silver,Black,None reported,Yes,54500.0,102794
RAM,2500 Big Horn,2014,"124,700 mi.",Gasoline,410.0HP 6.4L 8 Cylinder Engine Gasoline Fuel,6-Speed A/T,Silver,–,None reported,Yes,30000.0,102795
Audi,Q5 S line Premium Plus,2022,"13,133 mi.",Hybrid,2.0 Liter TFSI,Automatic,Silver,Black,None reported,,42998.0,102796
GMC,Yukon XL SLT,2019,"65,212 mi.",Gasoline,5.3L V8 16V GDI OHV,Automatic,Summit White,Jet Black,None reported,Yes,42995.0,102797
Acura,MDX Sport Hybrid 3.0L w/Technology Package,2019,"56,778 mi.",Hybrid,321.0HP 3.0L V6 Cylinder Engine Gas/Electric Hybrid,7-Speed A/T,Black,Black,None reported,Yes,41899.0,102798
Lexus,IS-F Base,2008,"75,000 mi.",Gasoline,416.0HP 5.0L 8 Cylinder Engine Gasoline Fuel,8-Speed A/T,Blue,Black,At least 1 accident or damage reported,Yes,29000.0,102799
Lexus,RX 350 F Sport,2016,"81,400 mi.",Gasoline,295.0HP 3.5L V6 Cylinder Engine Gasoline Fuel,8-Speed A/T,Gray,Red,At least 1 accident or damage reported,Yes,26000.0,102800
Nissan,Armada SL,2021,"67,800 mi.",Gasoline,400.0HP 5.6L 8 Cylinder Engine Gasoline Fuel,7-Speed A/T,Silver,Black,At least 1 accident or damage reported,Yes,36500.0,102801
Chrysler,300C SRT8,2006,"43,000 mi.",Gasoline,425.0HP 6.1L 8 Cylinder Engine Gasoline Fuel,5-Speed A/T,Silver,Black,At least 1 accident or damage reported,Yes,19995.0,102802
Tesla,Model Y Long Range,2021,"61,308 mi.",,425.0HP Electric Motor Electric Fuel System,A/T,White,White,None reported,Yes,42000.0,102803
Honda,Accord EX-L,2019,"62,200 mi.",Gasoline,192.0HP 1.5L 4 Cylinder Engine Gasoline Fuel,A/T,White,Black,At least 1 accident or damage reported,Yes,21500.0,102804
Jeep,Grand Cherokee L Limited,2021,"26,088 mi.",Gasoline,3.6L V6 24V MPFI DOHC,8-Speed Automatic,Silver Zynith,Global Black,None reported,,38383.0,102805
Porsche,911 Carrera,2007,"26,021 mi.",Gasoline,325.0HP 3.6L Flat 6 Cylinder Engine Gasoline Fuel,6-Speed M/T,Silver,Gray,None reported,Yes,53999.0,102806
GMC,Sierra 1500 SLE1 Extended Cab,2008,"187,000 mi.",–,–,4-Speed A/T,Red,Gray,At least 1 accident or damage reported,Yes,6100.0,102807
Subaru,Impreza Outback Sport Wagon,2008,"98,313 mi.",Gasoline,170.0HP 2.5L 4 Cylinder Engine Gasoline Fuel,4-Speed A/T,Silver,Gray,None reported,Yes,7495.0,102808
Ford,F-250 Platinum,2017,"22,000 mi.",E85 Flex Fuel,385.0HP 6.2L 8 Cylinder Engine Flex Fuel Capability,6-Speed A/T,Beige,Black,At least 1 accident or damage reported,Yes,53000.0,102809
Kia,K5 GT-Line,2022,"22,101 mi.",Gasoline,1.6L I4 16V GDI DOHC Turbo,8-Speed Automatic,Glacial White Pearl,Black,At least 1 accident or damage reported,Yes,29430.0,102810
BMW,M6 Base,2016,"45,800 mi.",Gasoline,560.0HP 4.4L 8 Cylinder Engine Gasoline Fuel,7-Speed A/T,Gold,Black,,,36800.0,102811
Lamborghini,Urus Base,2021,"13,692 mi.",Gasoline,641.0HP 4.0L 8 Cylinder Engine Gasoline Fuel,8-Speed A/T,Black,Red,None reported,Yes,257000.0,102812
Mercedes-Benz,AMG GT Base,2018,"28,182 mi.",Gasoline,469.0HP 4.0L 8 Cylinder Engine Gasoline Fuel,7-Speed A/T,White,Brown,At least 1 accident or damage reported,Yes,84500.0,102813
Mercedes-Benz,Metris Base,2020,"1,025 mi.",Gasoline,2.0L I4 16V GDI DOHC Turbo,7-Speed Automatic,Black,Beige,None reported,Yes,299000.0,102814
Lexus,LS 460 Crafted Line,2015,"89,150 mi.",Gasoline,360.0HP 4.6L 8 Cylinder Engine Gasoline Fuel,A/T,White,Black,None reported,Yes,31900.0,102815
Porsche,Panamera GTS,2016,"42,526 mi.",Gasoline,440.0HP 4.8L 8 Cylinder Engine Gasoline Fuel,7-Speed A/T,Blue,Black,None reported,Yes,66200.0,102816
Lexus,RX 450h Base,2013,"119,755 mi.",Hybrid,295.0HP 3.5L V6 Cylinder Engine Gas/Electric Hybrid,Transmission w/Dual Shift Mode,Silver,Black,None reported,Yes,19500.0,102817
Mercedes-Benz,E-Class E 350 4MATIC,2014,"89,563 mi.",Gasoline,302.0HP 3.5L V6 Cylinder Engine Gasoline Fuel,7-Speed A/T,Blue,Black,None reported,Yes,18995.0,102818
Chevrolet,Silverado 2500 LT,2015,"122,770 mi.",E85 Flex Fuel,360.0HP 6.0L 8 Cylinder Engine Flex Fuel Capability,A/T,Brown,Black,None reported,Yes,27499.0,102819
Audi,A8 L 55,2019,"35,580 mi.",Hybrid,335.0HP 3.0L V6 Cylinder Engine Gasoline/Mild Electric Hybrid,8-Speed A/T,Black,Black,None reported,Yes,49500.0,102820
Kia,Telluride S,2023,"14,700 mi.",Gasoline,291.0HP 3.8L V6 Cylinder Engine Gasoline Fuel,8-Speed A/T,Blue,Black,None reported,Yes,39900.0,102821
BMW,M550 i xDrive,2020,"40,000 mi.",Gasoline,523.0HP 4.4L 8 Cylinder Engine Gasoline Fuel,Transmission w/Dual Shift Mode,Blue,Black,None reported,Yes,53000.0,102822
Audi,S4 3.0T Premium Plus,2022,"10,900 mi.",Gasoline,349.0HP 3.0L V6 Cylinder Engine Gasoline Fuel,Transmission w/Dual Shift Mode,Black,Black,None reported,Yes,53900.0,102823
Jaguar,XK Base,2007,"56,000 mi.",Gasoline,300.0HP 4.2L 8 Cylinder Engine Gasoline Fuel,A/T,White,Beige,None reported,Yes,18000.0,102824
Ford,F-150 Platinum,2021,"15,555 mi.",Gasoline,5.0L 8 Cylinder,10-Speed Automatic,Blue,Black,None reported,Yes,62890.0,102825
Audi,S3 2.0T Premium Plus,2015,"78,124 mi.",Gasoline,292.0HP 2.0L 4 Cylinder Engine Gasoline Fuel,6-Speed A/T,Blue,Black,None reported,Yes,21500.0,102826
Tesla,Model 3 Long Range,2018,"61,700 mi.",,271.0HP Electric Motor Electric Fuel System,A/T,White,Black,None reported,Yes,25900.0,102827
Porsche,Macan S,2022,"20,250 mi.",Gasoline,375.0HP 2.9L V6 Cylinder Engine Gasoline Fuel,7-Speed A/T,White,Beige,None reported,Yes,68500.0,102828
BMW,335 i xDrive,2012,"153,600 mi.",Gasoline,300.0HP 3.0L Straight 6 Cylinder Engine Gasoline Fuel,6-Speed M/T,Black,Black,None reported,Yes,17500.0,102829
Toyota,Avalon XLS,2004,"90,625 mi.",Gasoline,210.0HP 3.0L V6 Cylinder Engine Gasoline Fuel,A/T,Gray,Gray,None reported,Yes,5500.0,102830
Subaru,Outback 2.5i Premium,2013,"116,000 mi.",Gasoline,173.0HP 2.5L 4 Cylinder Engine Gasoline Fuel,A/T,Blue,Beige,At least 1 accident or damage reported,Yes,12500.0,102831
Audi,S5 3.0T Prestige,2018,"44,000 mi.",Gasoline,354.0HP 3.0L V6 Cylinder Engine Gasoline Fuel,8-Speed A/T,Gray,Black,None reported,Yes,39000.0,102832
Jeep,Wrangler Sahara,2011,"55,000 mi.",Gasoline,202.0HP 3.8L V6 Cylinder Engine Gasoline Fuel,4-Speed A/T,Red,Black,At least 1 accident or damage reported,Yes,35000.0,102833
GMC,Terrain SLT-1,2015,"76,296 mi.",Gasoline,182.0HP 2.4L 4 Cylinder Engine Gasoline Fuel,6-Speed A/T,Gray,Black,At least 1 accident or damage reported,Yes,9500.0,102834
Dodge,Ram 3500 Quad Cab DRW,2000,"188,000 mi.",–,–,A/T,Silver,Gray,At least 1 accident or damage reported,Yes,10000.0,102835
Land,Rover Range Rover Evoque S,2020,"40,237 mi.",Gasoline,2.0 Liter,Automatic,Carpathian Grey Premium Metallic,Cloud,None reported,,36998.0,102836
Honda,Civic EX,2014,"82,500 mi.",Gasoline,143.0HP 1.8L 4 Cylinder Engine Gasoline Fuel,CVT Transmission,Silver,Gray,None reported,Yes,15000.0,102837
Porsche,718 Cayman GTS,2018,"16,280 mi.",Gasoline,365.0HP 2.5L 4 Cylinder Engine Gasoline Fuel,Transmission w/Dual Shift Mode,Red,Black,None reported,Yes,85500.0,102838
Porsche,Taycan Turbo,2020,"2,076 mi.",,Electric,Automatic,Gray,Red,None reported,,115998.0,102839
Kia,Optima Hybrid EX,2012,"117,220 mi.",Hybrid,206.0HP 2.4L 4 Cylinder Engine Gas/Electric Hybrid,A/T,Black,Black,None reported,Yes,8900.0,102840
INFINITI,QX60 Base,2017,"93,500 mi.",Gasoline,295.0HP 3.5L V6 Cylinder Engine Gasoline Fuel,A/T,Black,Black,None reported,Yes,16000.0,102841
RAM,1500 Longhorn,2019,"76,249 mi.",Gasoline,5.7L V8 16V MPFI OHV,8-Speed Automatic,Diamond Black,Mountain Brown,At least 1 accident or damage reported,,40995.0,102842
Porsche,Macan Turbo,2021,"14,526 mi.",Gasoline,2.9 Liter Turbo,Automatic,Black,–,None reported,,79998.0,102843
Porsche,911 Carrera 4 GTS,2023,"1,518 mi.",Gasoline,473.0HP 3.0L Flat 6 Cylinder Engine Gasoline Fuel,8-Speed A/T,Beige,Brown,None reported,Yes,194965.0,102844
Land,Rover Range Rover 3.0L Supercharged HSE,2016,"103,000 mi.",Gasoline,380.0HP 3.0L V6 Cylinder Engine Gasoline Fuel,Transmission w/Dual Shift Mode,Black,Black,None reported,Yes,33999.0,102845
Chevrolet,Corvette Base,1996,"85,760 mi.",Gasoline,300.0HP 5.7L 8 Cylinder Engine Gasoline Fuel,4-Speed A/T,Silver,Black,None reported,Yes,14500.0,102846
Mazda,CX-9 Grand Touring,2021,"46,707 mi.",Gasoline,2.5L I4 16V GDI DOHC Turbo,6-Speed Automatic,Sonic Silver Metallic,Black,At least 1 accident or damage reported,Yes,32541.0,102847
Nissan,Altima 2.5 SL,2012,"91,545 mi.",Gasoline,175.0HP 2.5L 4 Cylinder Engine Gasoline Fuel,CVT Transmission,Silver,Black,None reported,Yes,8999.0,102848
Audi,RS Q8 4.0T quattro,2022,"11,322 mi.",Gasoline,4.0L V8 32V GDI DOHC Twin Turbo,8-Speed Automatic,Daytona Gray Pearl Effect,Black / Express Red,None reported,,119900.0,102849
Mazda,MX-5 Miata Shinsen,2003,"46,873 mi.",Gasoline,142.0HP 1.8L 4 Cylinder Engine Gasoline Fuel,5-Speed M/T,Gray,Blue,None reported,Yes,11500.0,102850
Chevrolet,Camaro LT1,2022,"6,700 mi.",Gasoline,455.0HP 6.2L 8 Cylinder Engine Gasoline Fuel,10-Speed A/T,Gray,Black,None reported,Yes,39500.0,102851
RAM,3500 Laramie,2022,"16,648 mi.",Diesel,6.7L I6 24V DDI OHV Turbo Diesel,6-Speed Automatic,Flame Red Clearcoat,Black,None reported,,70999.0,102852
Porsche,911 Carrera C2S,2005,"28,500 mi.",Gasoline,355.0HP 3.8L Flat 6 Cylinder Engine Gasoline Fuel,6-Speed M/T,Silver,Black,None reported,Yes,63500.0,102853
Audi,Q7 55 Prestige,2019,"41,000 mi.",Gasoline,329.0HP 3.0L V6 Cylinder Engine Gasoline Fuel,A/T,White,Beige,None reported,Yes,39900.0,102854
Chevrolet,Corvette Stingray w/2LT,2020,"8,974 mi.",Gasoline,490.0HP 6.2L 8 Cylinder Engine Gasoline Fuel,A/T,Orange,Black,At least 1 accident or damage reported,Yes,79900.0,102855
Ford,Bronco Wildtrak Advanced,2023,"2,000 mi.",Gasoline,315.0HP 2.7L V6 Cylinder Engine Gasoline Fuel,A/T,Black,Black,None reported,Yes,66500.0,102856
Toyota,GR86 Premium,2022,"1,275 mi.",Gasoline,228.0HP 2.4L 4 Cylinder Engine Gasoline Fuel,6-Speed A/T,Blue,Black,None reported,Yes,47999.0,102857
Ford,Mustang Shelby GT500,2010,"29,816 mi.",Gasoline,540.0HP 5.4L 8 Cylinder Engine Gasoline Fuel,6-Speed M/T,Black,Black,None reported,Yes,38000.0,102858
Cadillac,Escalade Premium Luxury,2021,"11,459 mi.",Gasoline,420.0HP 6.2L 8 Cylinder Engine Gasoline Fuel,10-Speed A/T,White,Brown,None reported,Yes,88900.0,102859
Lexus,LX 570 Three-Row,2021,"48,300 mi.",Gasoline,383.0HP 5.7L 8 Cylinder Engine Gasoline Fuel,A/T,White,Red,None reported,Yes,82000.0,102860
Cadillac,DeVille Base,1994,"90,000 mi.",–,–,A/T,Green,Beige,At least 1 accident or damage reported,Yes,2990.0,102861
Land,Rover Range Rover Velar P250 S R-Dynamic,2020,"29,500 mi.",Gasoline,247.0HP 2.0L 4 Cylinder Engine Gasoline Fuel,A/T,Red,White,None reported,Yes,45000.0,102862
Lamborghini,Huracan LP580-2S,2019,"17,175 mi.",Gasoline,5.2L V10 40V GDI DOHC,7-Speed Automatic with Auto-Shift,Rosso Mars Metallic,Nero Ade,None reported,,234900.0,102863
Rivian,R1S Adventure Package,2023,655 mi.,,835.0HP Electric Motor Electric Fuel System,1-Speed A/T,Red,Silver,None reported,Yes,94500.0,102864
Mercedes-Benz,E-Class E 550,2014,"80,581 mi.",Gasoline,402.0HP 4.7L 8 Cylinder Engine Gasoline Fuel,Transmission w/Dual Shift Mode,Gray,Beige,None reported,Yes,26000.0,102865
Mercedes-Benz,CLK-Class 500 Cabriolet,2005,"64,000 mi.",Gasoline,302.0HP 5.0L 8 Cylinder Engine Gasoline Fuel,7-Speed A/T,Silver,Black,None reported,Yes,12995.0,102866
BMW,X5 M50i,2023,"13,735 mi.",Gasoline,4.4L V8 32V GDI DOHC Twin Turbo,8-Speed Automatic,Black Sapphire Metallic,Black,None reported,,77897.0,102867
Ford,Excursion XLT 4WD,2000,"205,000 mi.",Gasoline,310.0HP 6.8L 10 Cylinder Engine Gasoline Fuel,A/T,Black,Gray,At least 1 accident or damage reported,Yes,9950.0,102868
BMW,M3 Base,2001,"60,000 mi.",Gasoline,333.0HP 3.2L Straight 6 Cylinder Engine Gasoline Fuel,6-Speed M/T,Black,Gray,None reported,Yes,25000.0,102869
Mercedes-Benz,AMG G 63 4MATIC,2022,"2,000 mi.",Gasoline,577.0HP 4.0L 8 Cylinder Engine Gasoline Fuel,Transmission w/Dual Shift Mode,Black,Black,,,244896.0,102870
Chevrolet,Silverado 2500 LT,2011,"240,000 mi.",Diesel,335.0HP 6.6L 8 Cylinder Engine Diesel Fuel,6-Speed A/T,White,Black,None reported,Yes,18500.0,102871
Chevrolet,Trailblazer RS,2023,"10,000 mi.",Gasoline,155.0HP 1.3L 3 Cylinder Engine Gasoline Fuel,9-Speed A/T,Blue,Black,None reported,Yes,32000.0,102872
Porsche,Panamera Turbo,2015,"47,000 mi.",Gasoline,520.0HP 4.8L 8 Cylinder Engine Gasoline Fuel,Transmission w/Dual Shift Mode,Black,Brown,None reported,Yes,50000.0,102873
Subaru,Outback Limited XT,2020,"36,844 mi.",Gasoline,2.4L H4 16V GDI DOHC Turbo,Automatic CVT,Magnetite Gray Metallic,Black,At least 1 accident or damage reported,,30427.0,102874
Nissan,Juke SL,2012,"74,750 mi.",Gasoline,188.0HP 1.6L 4 Cylinder Engine Gasoline Fuel,CVT Transmission,Black,Black,None reported,Yes,12500.0,102875
Aston,Martin V8 Vantage Base,2008,"25,025 mi.",Gasoline,380.0HP 4.3L 8 Cylinder Engine Gasoline Fuel,6-Speed A/T,White,Black,At least 1 accident or damage reported,Yes,39000.0,102876
Rolls-Royce,Phantom,2023,"1,560 mi.",–,–,–,Tempest,Cobalt Blue,None reported,Yes,599995.0,102877
Subaru,WRX Base,2015,"52,500 mi.",Gasoline,268.0HP 2.0L 4 Cylinder Engine Gasoline Fuel,6-Speed M/T,Gray,Black,None reported,Yes,23000.0,102878
Toyota,Highlander Hybrid XLE,2019,"69,350 mi.",Hybrid,306.0HP 3.5L V6 Cylinder Engine Gas/Electric Hybrid,A/T,Black,Gray,None reported,Yes,36000.0,102879
Rolls-Royce,Cullinan,2022,398 mi.,Gasoline,6.7L V12 48V GDI DOHC Twin Turbo,8-Speed Automatic,Silver,Charles Blue,None reported,Yes,695000.0,102880
Subaru,Legacy 2.5 i Premium,2010,"178,000 mi.",Gasoline,170.0HP 2.5L 4 Cylinder Engine Gasoline Fuel,A/T,Blue,Black,None reported,Yes,7600.0,102881
Maserati,GranTurismo MC,2018,"18,000 mi.",Gasoline,454.0HP 4.7L 8 Cylinder Engine Gasoline Fuel,Transmission w/Dual Shift Mode,Red,Black,None reported,Yes,67000.0,102882
Chevrolet,Suburban Premier,2021,"73,846 mi.",Gasoline,5.3L V8 16V GDI OHV,10-Speed Automatic,Midnight Blue Metallic,Jet Black,None reported,Yes,60995.0,102883
Audi,TTS 2.0T Premium Plus,2012,"72,922 mi.",Gasoline,265.0HP 2.0L 4 Cylinder Engine Gasoline Fuel,6-Speed A/T,White,Black,,,25999.0,102884
Jaguar,XF Premium,2011,"106,000 mi.",Gasoline,385.0HP 5.0L 8 Cylinder Engine Gasoline Fuel,6-Speed A/T,Brown,Beige,At least 1 accident or damage reported,Yes,9400.0,102885
Audi,A4 2.0T Premium Plus,2015,"83,420 mi.",E85 Flex Fuel,220.0HP 2.0L 4 Cylinder Engine Flex Fuel Capability,8-Speed A/T,Red,Gray,At least 1 accident or damage reported,Yes,16000.0,102886
Porsche,Taycan Turbo,2020,"18,000 mi.",,616.0HP Electric Motor Electric Fuel System,A/T,Silver,Black,None reported,Yes,105000.0,102887
Nissan,Frontier SV,2012,"65,750 mi.",Gasoline,261.0HP 4.0L V6 Cylinder Engine Gasoline Fuel,A/T,Black,Gray,At least 1 accident or damage reported,Yes,15995.0,102888
BMW,550 i xDrive,2012,"68,500 mi.",Gasoline,400.0HP 4.4L 8 Cylinder Engine Gasoline Fuel,Transmission w/Dual Shift Mode,Black,Black,None reported,Yes,17800.0,102889
Ford,F-250 Lariat,2015,"68,749 mi.",Diesel,440.0HP 6.7L 8 Cylinder Engine Diesel Fuel,Transmission w/Dual Shift Mode,Gray,Black,None reported,Yes,45000.0,102890
BMW,540 i xDrive,2019,"21,000 mi.",Gasoline,335.0HP 3.0L Straight 6 Cylinder Engine Gasoline Fuel,Transmission w/Dual Shift Mode,Blue,Black,At least 1 accident or damage reported,Yes,42000.0,102891
Mitsubishi,Mirage ES,2017,"35,698 mi.",Gasoline,78.0HP 1.2L 3 Cylinder Engine Gasoline Fuel,A/T,Blue,Black,None reported,Yes,8750.0,102892
Dodge,Ram Van 1500,2002,"70,000 mi.",Gasoline,175.0HP 3.9L V6 Cylinder Engine Gasoline Fuel,A/T,Red,Beige,At least 1 accident or damage reported,Yes,8000.0,102893
BMW,M850 i xDrive,2019,"9,949 mi.",Gasoline,4.4 Liter DOHC Twin Turbo,Automatic,Blue,Black,None reported,,75798.0,102894
Toyota,C-HR LE,2021,"13,180 mi.",Gasoline,2.0 Liter,CVT-F,–,–,None reported,,23998.0,102895
Ford,Excursion XLS,2004,"163,000 mi.",Diesel,325.0HP 6.0L 8 Cylinder Engine Diesel Fuel,5-Speed A/T,Silver,Gray,At least 1 accident or damage reported,Yes,18000.0,102896
BMW,M3 Base,2015,"74,000 mi.",Gasoline,425.0HP 3.0L Straight 6 Cylinder Engine Gasoline Fuel,M/T,Gray,Black,None reported,Yes,40000.0,102897
Tesla,Model X Long Range Plus,2020,"43,534 mi.",,534.0HP Electric Motor Electric Fuel System,1-Speed A/T,Black,Black,None reported,Yes,65990.0,102898
Porsche,911 Carrera S,2020,"28,000 mi.",Gasoline,443.0HP 3.0L Flat 6 Cylinder Engine Gasoline Fuel,8-Speed A/T,Gray,Black,None reported,Yes,134999.0,102899
Dodge,Durango R/T,2020,"78,000 mi.",Gasoline,360.0HP 5.7L 8 Cylinder Engine Gasoline Fuel,8-Speed A/T,Black,Red,At least 1 accident or damage reported,Yes,29500.0,102900
Land,Rover Defender SE,2022,"46,000 mi.",Hybrid,395.0HP 3.0L Straight 6 Cylinder Engine Gasoline/Mild Electric Hybrid,8-Speed A/T,Green,Beige,None reported,Yes,75000.0,102901
Lamborghini,Urus Base,2021,"20,069 mi.",Gasoline,4.0L V8 32V GDI DOHC Twin Turbo,8-Speed Automatic,Rosso Mars Metallic,Nero Ade,None reported,,229900.0,102902
BMW,i8 Base,2019,"41,500 mi.",Plug-In Hybrid,369.0HP 1.5L 3 Cylinder Engine Plug-In Electric/Gas,Transmission w/Dual Shift Mode,White,Black,None reported,Yes,86000.0,102903
Ford,Mustang SVT Cobra,2003,"97,496 mi.",Gasoline,390.0HP 4.6L 8 Cylinder Engine Gasoline Fuel,6-Speed M/T,Gray,Gray,,,24500.0,102904
GMC,Yukon XL Denali,2023,"7,500 mi.",Gasoline,420.0HP 6.2L 8 Cylinder Engine Gasoline Fuel,10-Speed A/T,Gray,Black,None reported,Yes,92888.0,102905
Tesla,Model Y Performance,2023,500 mi.,,455.0HP Electric Motor Electric Fuel System,1-Speed A/T,Black,White,None reported,Yes,60000.0,102906
Cadillac,Escalade Sport Platinum,2021,"38,500 mi.",Gasoline,420.0HP 6.2L 8 Cylinder Engine Gasoline Fuel,A/T,White,Black,At least 1 accident or damage reported,Yes,94995.0,102907
Porsche,Cayenne Base,2014,"117,697 mi.",Gasoline,300.0HP 3.6L V6 Cylinder Engine Gasoline Fuel,8-Speed A/T,Black,Black,At least 1 accident or damage reported,Yes,16975.0,102908
BMW,M8 Competition,2022,"5,018 mi.",Gasoline,4.4 Liter Twin Turbo,Automatic,–,Sakhir Orange/Black,None reported,,114998.0,102909
Mercedes-Benz,Sprinter 2500,2011,"120,000 mi.",Diesel,188.0HP 3.0L V6 Cylinder Engine Diesel Fuel,5-Speed A/T,Black,Gray,None reported,Yes,31999.0,102910
Ford,Explorer Platinum,2018,"73,049 mi.",Gasoline,3.5L V6 24V GDI DOHC Twin Turbo,6-Speed Automatic,Gray,Ebony Black,At least 1 accident or damage reported,Yes,30510.0,102911
GMC,Yukon XL 1500 SLT,2015,"145,000 mi.",Gasoline,355.0HP 5.3L 8 Cylinder Engine Gasoline Fuel,6-Speed A/T,White,Beige,None reported,Yes,24950.0,102912
Toyota,Avalon Limited,2008,"111,300 mi.",Gasoline,268.0HP 3.5L V6 Cylinder Engine Gasoline Fuel,Transmission w/Dual Shift Mode,Gold,Beige,None reported,Yes,7900.0,102913
Volkswagen,Touareg TDI Lux,2015,"15,167 mi.",Diesel,240.0HP 3.0L V6 Cylinder Engine Diesel Fuel,8-Speed A/T,Gold,Black,None reported,Yes,35000.0,102914
Dodge,Charger SRT Hellcat,2020,"54,320 mi.",Gasoline,707.0HP 6.2L 8 Cylinder Engine Gasoline Fuel,8-Speed A/T,Gray,Black,At least 1 accident or damage reported,Yes,67000.0,102915
Ford,EcoSport SES,2019,"106,000 mi.",Gasoline,166.0HP 2.0L 4 Cylinder Engine Gasoline Fuel,A/T,Silver,Black,At least 1 accident or damage reported,Yes,12000.0,102916
Cadillac,XT5 Base,2019,"74,414 mi.",Gasoline,310.0HP 3.6L V6 Cylinder Engine Gasoline Fuel,8-Speed A/T,Black,Beige,None reported,Yes,26000.0,102917
Maserati,GranTurismo Base,2015,"28,000 mi.",Gasoline,444.0HP 4.7L 8 Cylinder Engine Gasoline Fuel,6-Speed A/T,White,Red,None reported,Yes,44999.0,102918
RAM,1500 Big Horn,2022,"19,376 mi.",Gasoline,5.7L V8 16V MPFI OHV,Automatic,Bright White Clearcoat,Black,None reported,Yes,45861.0,102919
Mazda,Mazda6 Touring,2021,"19,000 mi.",Gasoline,187.0HP 2.5L 4 Cylinder Engine Gasoline Fuel,A/T,Blue,Black,,,25900.0,102920
Nissan,Juke NISMO RS,2016,"30,700 mi.",Gasoline,215.0HP 1.6L 4 Cylinder Engine Gasoline Fuel,6-Speed M/T,Black,Black,At least 1 accident or damage reported,Yes,21500.0,102921
Toyota,4Runner SR5,2006,"135,000 mi.",Gasoline,236.0HP 4.0L V6 Cylinder Engine Gasoline Fuel,A/T,White,Gray,None reported,Yes,16900.0,102922
MINI,Countryman Cooper S ALL4,2014,"70,700 mi.",Gasoline,181.0HP 1.6L 4 Cylinder Engine Gasoline Fuel,6-Speed A/T,White,Black,None reported,Yes,15750.0,102923
Nissan,Leaf SL,2012,"26,930 mi.",,107.0HP Electric Motor Electric Fuel System,1-Speed A/T,White,Beige,None reported,Yes,6700.0,102924
Ford,Escape SEL,2020,"42,000 mi.",Gasoline,181.0HP 1.5L 3 Cylinder Engine Gasoline Fuel,A/T,White,Beige,,,19000.0,102925
Chevrolet,Camaro 1SS,2017,"50,850 mi.",Gasoline,455.0HP 6.2L 8 Cylinder Engine Gasoline Fuel,6-Speed M/T,Blue,Black,None reported,Yes,37000.0,102926
Nissan,350Z Enthusiast,2007,"117,000 mi.",Gasoline,306.0HP 3.5L V6 Cylinder Engine Gasoline Fuel,A/T,Silver,Black,At least 1 accident or damage reported,Yes,9975.0,102927
Ford,Expedition EL XLT,2011,"195,500 mi.",E85 Flex Fuel,310.0HP 5.4L 8 Cylinder Engine Flex Fuel Capability,6-Speed A/T,White,Beige,None reported,Yes,8999.0,102928
BMW,840 i xDrive,2024,"1,500 mi.",Gasoline,335.0HP 3.0L Straight 6 Cylinder Engine Gasoline Fuel,A/T,Gray,Brown,None reported,Yes,90000.0,102929
Honda,Civic Sport,2020,"22,227 mi.",Gasoline,2.0L I4 16V MPFI DOHC,Automatic CVT,Red,Black,,,25980.0,102930
Ford,Bronco Outer Banks,2021,"19,590 mi.",Gasoline,315.0HP 2.7L V6 Cylinder Engine Gasoline Fuel,10-Speed A/T,Blue,Gray,None reported,Yes,54999.0,102931
Porsche,911 Turbo S,2023,154 mi.,Gasoline,3.8L H6 24V GDI DOHC Twin Turbo,8-Speed Automatic with Auto-Shift,Python Green,Black,None reported,,274900.0,102932
Acura,TLX V6 Advance,2016,"128,000 mi.",Gasoline,290.0HP 3.5L V6 Cylinder Engine Gasoline Fuel,A/T,Gray,Black,None reported,Yes,19500.0,102933
Jeep,Compass Limited,2020,"39,192 mi.",Gasoline,2.4L I4 16V MPFI SOHC,9-Speed Automatic,White Clearcoat,Black,None reported,,24590.0,102934
Audi,S5 3.0T Premium Plus,2014,"151,400 mi.",Gasoline,333.0HP 3.0L V6 Cylinder Engine Gasoline Fuel,Transmission w/Dual Shift Mode,Gray,Black,None reported,Yes,15400.0,102935
Audi,RS 7 4.0T Prestige,2014,"59,715 mi.",Gasoline,560.0HP 4.0L 8 Cylinder Engine Gasoline Fuel,A/T,Gray,Black,At least 1 accident or damage reported,Yes,45000.0,102936
Audi,S8 4.2 quattro,2003,"126,000 mi.",Gasoline,360.0HP 4.2L 8 Cylinder Engine Gasoline Fuel,Transmission w/Dual Shift Mode,Gray,Black,,,13850.0,102937
Volkswagen,Eurovan MV,2001,"111,887 mi.",Gasoline,140.0HP 2.8L V6 Cylinder Engine Gasoline Fuel,A/T,Blue,Gray,None reported,Yes,14000.0,102938
Tesla,Model 3 Performance,2018,"92,813 mi.",,271.0HP Electric Motor Electric Fuel System,1-Speed A/T,Red,Black,None reported,Yes,30499.0,102939
Tesla,Model S 85,2014,"96,800 mi.",,362.0HP Electric Motor Electric Fuel System,A/T,Blue,Black,None reported,Yes,28450.0,102940
Volkswagen,Golf R 4-Door w/DCC & Navigation,2018,"36,000 mi.",Gasoline,292.0HP 2.0L 4 Cylinder Engine Gasoline Fuel,7-Speed A/T,White,Black,At least 1 accident or damage reported,Yes,32000.0,102941
Chevrolet,Corvette Grand Sport,2011,"12,300 mi.",Gasoline,430.0HP 6.2L 8 Cylinder Engine Gasoline Fuel,6-Speed A/T,Red,Black,None reported,Yes,45000.0,102942
Chrysler,200 C,2015,"170,000 mi.",E85 Flex Fuel,295.0HP 3.6L V6 Cylinder Engine Flex Fuel Capability,9-Speed A/T,Silver,Black,At least 1 accident or damage reported,Yes,5995.0,102943
Ford,F-350 XL,2017,"156,453 mi.",Diesel,440.0HP 6.7L 8 Cylinder Engine Diesel Fuel,6-Speed A/T,White,Beige,None reported,Yes,40000.0,102944
Ford,Shelby GT350 Base,2019,"2,800 mi.",Gasoline,526.0HP 5.2L 8 Cylinder Engine Gasoline Fuel,6-Speed M/T,Black,Black,None reported,Yes,91000.0,102945
Cadillac,CTS 3.6L Luxury,2015,"54,259 mi.",Gasoline,3.6L V6 24V GDI DOHC,8-Speed Automatic,Majestic Plum Metallic,Light Platinum / Jet Black,None reported,Yes,19425.0,102946
Dodge,Challenger R/T,2014,"92,861 mi.",Gasoline,375.0HP 5.7L 8 Cylinder Engine Gasoline Fuel,5-Speed A/T,Gray,Red,None reported,Yes,19750.0,102947
BMW,750 iL,2001,"53,814 mi.",Gasoline,326.0HP 5.4L 12 Cylinder Engine Gasoline Fuel,5-Speed A/T,Gray,Gray,,,11800.0,102948
Buick,Cascada Base,2016,"103,814 mi.",Gasoline,200.0HP 1.6L 4 Cylinder Engine Gasoline Fuel,6-Speed A/T,White,Black,At least 1 accident or damage reported,Yes,14995.0,102949
Chevrolet,Avalanche LTZ,2013,"98,000 mi.",E85 Flex Fuel,320.0HP 5.3L 8 Cylinder Engine Flex Fuel Capability,6-Speed A/T,Silver,Black,At least 1 accident or damage reported,Yes,27499.0,102950
GMC,Yukon SLT,2014,"142,400 mi.",E85 Flex Fuel,320.0HP 5.3L 8 Cylinder Engine Flex Fuel Capability,A/T,Black,Black,At least 1 accident or damage reported,Yes,13500.0,102951
Alfa,Romeo Giulia Quadrifoglio,2021,"10,558 mi.",Gasoline,505.0HP 2.9L V6 Cylinder Engine Gasoline Fuel,8-Speed A/T,White,Black,None reported,Yes,75000.0,102952
Ford,Expedition EL Limited,2017,"104,000 mi.",Gasoline,365.0HP 3.5L V6 Cylinder Engine Gasoline Fuel,A/T,Black,Black,At least 1 accident or damage reported,Yes,19995.0,102953
Porsche,Cayenne Base,2019,"59,338 mi.",Gasoline,335.0HP 3.0L V6 Cylinder Engine Gasoline Fuel,Transmission w/Dual Shift Mode,Black,Black,None reported,Yes,42499.0,102954
Ford,F-150 XLT,2019,"44,460 mi.",Gasoline,325.0HP 2.7L V6 Cylinder Engine Gasoline Fuel,10-Speed A/T,Red,Gray,None reported,Yes,34500.0,102955
Chevrolet,1500 Cheyenne,1994,"170,443 mi.",–,–,A/T,Red,–,At least 1 accident or damage reported,Yes,6000.0,102956
Chevrolet,Silverado 1500 LTZ,2021,"62,257 mi.",Gasoline,5.3L V8 16V GDI OHV,8-Speed Automatic,Satin Steel Metallic,Gideon,None reported,,42590.0,102957
Porsche,Cayenne GTS,2016,"64,600 mi.",Gasoline,440.0HP 3.6L V6 Cylinder Engine Gasoline Fuel,8-Speed A/T,White,Red,None reported,Yes,41000.0,102958
Ford,Mustang GT Premium,2010,"58,500 mi.",Gasoline,315.0HP 4.6L 8 Cylinder Engine Gasoline Fuel,5-Speed M/T,White,Red,At least 1 accident or damage reported,Yes,20000.0,102959
Toyota,Highlander Limited,2008,"165,520 mi.",Gasoline,270.0HP 3.5L V6 Cylinder Engine Gasoline Fuel,A/T,Gray,Gray,At least 1 accident or damage reported,Yes,9000.0,102960
Jeep,Wrangler Unlimited Rubicon,2017,"20,172 mi.",Gasoline,285.0HP 3.6L V6 Cylinder Engine Gasoline Fuel,Transmission w/Dual Shift Mode,Gray,Black,None reported,Yes,47500.0,102961
Ford,F-150 Lariat,2021,"9,142 mi.",Hybrid,430.0HP 3.5L V6 Cylinder Engine Gas/Electric Hybrid,10-Speed A/T,Black,Gray,None reported,Yes,61500.0,102962
GMC,Sierra 1500 Denali Ultimate,2023,"2,500 mi.",Gasoline,420.0HP 6.2L 8 Cylinder Engine Gasoline Fuel,10-Speed A/T,White,Brown,None reported,Yes,84000.0,102963
BMW,328 i,2014,"84,709 mi.",Gasoline,240.0HP 2.0L 4 Cylinder Engine Gasoline Fuel,8-Speed A/T,Silver,Gray,None reported,Yes,13800.0,102964
Tesla,Model 3 Performance,2022,"13,079 mi.",,455.0HP Electric Motor Electric Fuel System,A/T,Black,White,None reported,Yes,47000.0,102965
Mercedes-Benz,E-Class E 350 4MATIC,2014,"83,112 mi.",Gasoline,302.0HP 3.5L V6 Cylinder Engine Gasoline Fuel,7-Speed A/T,Black,Black,None reported,Yes,15500.0,102966
RAM,1500 SLT,2018,"61,802 mi.",E85 Flex Fuel,305.0HP 3.6L V6 Cylinder Engine Flex Fuel Capability,8-Speed A/T,Black,Gray,None reported,Yes,32000.0,102967
Chevrolet,Corvette Base,1998,"152,195 mi.",Gasoline,340.0HP 5.7L 8 Cylinder Engine Gasoline Fuel,A/T,Black,Black,None reported,Yes,9900.0,102968
Mazda,MX-5 Miata Base,2003,"9,260 mi.",Gasoline,142.0HP 1.8L 4 Cylinder Engine Gasoline Fuel,5-Speed M/T,White,Beige,None reported,Yes,22000.0,102969
Porsche,911 Carrera Cabriolet,2006,"96,275 mi.",Gasoline,325.0HP 3.6L Flat 6 Cylinder Engine Gasoline Fuel,6-Speed M/T,Silver,Black,At least 1 accident or damage reported,Yes,52500.0,102970
Toyota,Tacoma Base,2020,"27,256 mi.",Gasoline,3.5 Liter,6 Speed At/Mt,Midnight Black Metallic,Black/Gun Metal,None reported,,42998.0,102971
Mazda,Mazda6 i Touring,2016,"119,500 mi.",Gasoline,184.0HP 2.5L 4 Cylinder Engine Gasoline Fuel,Transmission w/Dual Shift Mode,Silver,Black,None reported,Yes,15000.0,102972
Toyota,Sequoia Limited,2012,"150,900 mi.",Gasoline,381.0HP 5.7L 8 Cylinder Engine Gasoline Fuel,A/T,Black,Gray,None reported,Yes,17500.0,102973
Ford,Transit-350 XLT,2019,"115,000 mi.",Gasoline,310.0HP 3.5L V6 Cylinder Engine Gasoline Fuel,A/T,White,Gray,None reported,Yes,39000.0,102974
Acura,RL Technology,2010,"97,700 mi.",Gasoline,300.0HP 3.7L V6 Cylinder Engine Gasoline Fuel,Transmission w/Dual Shift Mode,Blue,Beige,None reported,Yes,10995.0,102975
Lincoln,MKZ Reserve,2017,"71,964 mi.",Gasoline,240.0HP 2.0L 4 Cylinder Engine Gasoline Fuel,6-Speed A/T,Blue,Black,None reported,Yes,18750.0,102976
RAM,3500 Tradesman,2021,"57,000 mi.",Diesel,400.0HP 6.7L Straight 6 Cylinder Engine Diesel Fuel,6-Speed A/T,Blue,Gray,None reported,Yes,52000.0,102977
Mercedes-Benz,CLS-Class CLS 550,2012,"79,000 mi.",Gasoline,402.0HP 4.6L 8 Cylinder Engine Gasoline Fuel,7-Speed A/T,Black,Black,None reported,Yes,19999.0,102978
Lincoln,MKX Black Label,2017,"69,431 mi.",Gasoline,335.0HP 2.7L V6 Cylinder Engine Gasoline Fuel,6-Speed A/T,Silver,Black,None reported,Yes,26500.0,102979
BMW,M6 Base,2016,"25,500 mi.",Gasoline,560.0HP 4.4L 8 Cylinder Engine Gasoline Fuel,7-Speed A/T,White,Black,None reported,Yes,55000.0,102980
Porsche,Cayenne S,2014,"36,000 mi.",Gasoline,400.0HP 4.8L 8 Cylinder Engine Gasoline Fuel,8-Speed A/T,Black,Beige,None reported,Yes,37000.0,102981
Jeep,Patriot Latitude,2015,"109,000 mi.",Gasoline,158.0HP 2.0L 4 Cylinder Engine Gasoline Fuel,A/T,Gray,Gray,At least 1 accident or damage reported,Yes,7599.0,102982
BMW,750 i xDrive,2019,"41,906 mi.",Gasoline,445.0HP 4.4L 8 Cylinder Engine Gasoline Fuel,8-Speed A/T,Blue,White,At least 1 accident or damage reported,Yes,45999.0,102983
Chevrolet,Corvette Z06,2006,"21,000 mi.",Gasoline,505.0HP 7.0L 8 Cylinder Engine Gasoline Fuel,6-Speed M/T,Silver,Black,None reported,Yes,47500.0,102984
Toyota,Highlander XLE,2018,"74,000 mi.",Gasoline,295.0HP 3.5L V6 Cylinder Engine Gasoline Fuel,8-Speed A/T,White,Black,None reported,Yes,27950.0,102985
GMC,Acadia SLT-1,2016,"119,000 mi.",Gasoline,281.0HP 3.6L V6 Cylinder Engine Gasoline Fuel,A/T,Gold,Brown,None reported,Yes,12500.0,102986
Ford,Expedition Limited,2021,"45,000 mi.",Gasoline,375.0HP 3.5L V6 Cylinder Engine Gasoline Fuel,Transmission w/Dual Shift Mode,Gray,Black,None reported,Yes,52000.0,102987
BMW,X5 xDrive35i,2013,"76,309 mi.",Gasoline,300.0HP 3.0L Straight 6 Cylinder Engine Gasoline Fuel,A/T,Silver,Black,,,12000.0,102988
Mercedes-Benz,M-Class ML 350,2011,"99,200 mi.",Gasoline,268.0HP 3.5L V6 Cylinder Engine Gasoline Fuel,A/T,Black,Black,None reported,Yes,11900.0,102989
Land,Rover Range Rover 3.0L V6 Supercharged HSE,2019,"59,271 mi.",Gasoline,380.0HP 3.0L V6 Cylinder Engine Gasoline Fuel,A/T,Black,Black,None reported,Yes,54995.0,102990
Mercedes-Benz,E-Class E 350 4MATIC,2010,"27,000 mi.",Gasoline,268.0HP 3.5L V6 Cylinder Engine Gasoline Fuel,7-Speed A/T,Black,Black,None reported,Yes,22500.0,102991
Pontiac,GTO Base,2005,"142,314 mi.",Gasoline,400.0HP 6.0L 8 Cylinder Engine Gasoline Fuel,6-Speed M/T,Red,Red,At least 1 accident or damage reported,Yes,21999.0,102992
Mazda,CX-30 Premium Package,2023,"2,636 mi.",Gasoline,2.5L I4 16V,6-Speed Automatic,Platinum Quartz Metallic,Black,None reported,,28535.0,102993
Cadillac,Escalade Base,2007,"150,000 mi.",Gasoline,403.0HP 6.2L 8 Cylinder Engine Gasoline Fuel,A/T,White,Beige,None reported,Yes,9999.0,102994
GMC,Acadia SLT-2,2013,"115,000 mi.",Gasoline,288.0HP 3.6L V6 Cylinder Engine Gasoline Fuel,6-Speed A/T,White,Brown,None reported,Yes,14000.0,102995
Lotus,Elise Base,2005,"25,250 mi.",Gasoline,190.0HP 1.8L 4 Cylinder Engine Gasoline Fuel,M/T,Red,Black,,,44000.0,102996
Cadillac,CTS 2.0L Turbo Luxury,2014,"110,000 mi.",Gasoline,272.0HP 2.0L 4 Cylinder Engine Gasoline Fuel,A/T,Gold,Beige,None reported,Yes,11000.0,102997
Mercedes-Benz,AMG S 63 Base 4MATIC,2017,"86,101 mi.",Gasoline,577.0HP 5.5L 8 Cylinder Engine Gasoline Fuel,A/T,Gray,Red,At least 1 accident or damage reported,Yes,72777.0,102998
BMW,320 i xDrive,2016,"185,000 mi.",Gasoline,180.0HP 2.0L 4 Cylinder Engine Gasoline Fuel,8-Speed A/T,Black,Beige,At least 1 accident or damage reported,Yes,7500.0,102999
Toyota,Tundra Grade,2013,"92,700 mi.",Gasoline,310.0HP 4.6L 8 Cylinder Engine Gasoline Fuel,6-Speed A/T,Gray,Gray,At least 1 accident or damage reported,Yes,20800.0,103000
Mercedes-Benz,Sprinter 4500 High Roof,2019,"16,813 mi.",Diesel,188.0HP 3.0L V6 Cylinder Engine Diesel Fuel,Transmission w/Dual Shift Mode,Gray,Black,,,45900.0,103001
Porsche,Cayenne S,2012,"126,000 mi.",Gasoline,400.0HP 4.8L 8 Cylinder Engine Gasoline Fuel,Transmission w/Dual Shift Mode,Silver,Gray,None reported,Yes,17999.0,103002
Porsche,911 Carrera,2021,"7,400 mi.",Gasoline,379.0HP 3.0L Flat 6 Cylinder Engine Gasoline Fuel,8-Speed A/T,Red,Black,,,116999.0,103003
Lexus,RC F Base,2015,"25,756 mi.",Gasoline,467.0HP 5.0L 8 Cylinder Engine Gasoline Fuel,8-Speed A/T,Black,Black,None reported,Yes,49995.0,103004
Mitsubishi,Outlander SEL,2018,"29,000 mi.",Gasoline,166.0HP 2.4L 4 Cylinder Engine Gasoline Fuel,A/T,Red,Beige,None reported,Yes,19500.0,103005
Mercedes-Benz,SL-Class SL550 Roadster,2009,"60,100 mi.",Gasoline,382.0HP 5.5L 8 Cylinder Engine Gasoline Fuel,7-Speed A/T,Black,Black,None reported,Yes,27000.0,103006
RAM,1500 Big Horn,2022,"11,468 mi.",Gasoline,5.7L V8 16V MPFI OHV,Automatic,Bright White Clearcoat,Black,None reported,Yes,50204.0,103007
Porsche,911 Carrera Cabriolet,2001,"47,885 mi.",Gasoline,300.0HP 3.4L Flat 6 Cylinder Engine Gasoline Fuel,6-Speed M/T,Gray,Black,,,31995.0,103008
INFINITI,QX60 Base,2017,"89,106 mi.",Gasoline,295.0HP 3.5L V6 Cylinder Engine Gasoline Fuel,Transmission w/Dual Shift Mode,White,Beige,None reported,Yes,18000.0,103009
Audi,Q3 S line Premium Plus,2022,"17,377 mi.",Gasoline,2.0 Liter TFSI,Automatic,Glacier White,Pearl Beige,None reported,,39998.0,103010
Toyota,Highlander XLE,2020,"35,000 mi.",Gasoline,295.0HP 3.5L V6 Cylinder Engine Gasoline Fuel,A/T,Silver,Black,None reported,Yes,36999.0,103011
BMW,X5 xDrive35i,2017,"72,700 mi.",Gasoline,300.0HP 3.0L Straight 6 Cylinder Engine Gasoline Fuel,A/T,Gray,Black,None reported,Yes,27499.0,103012
Bentley,Continental GTC V8,2013,"18,950 mi.",Gasoline,500.0HP 4.0L 8 Cylinder Engine Gasoline Fuel,Transmission w/Dual Shift Mode,White,Black,None reported,Yes,77999.0,103013
GMC,Yukon XL Denali,2017,"124,000 mi.",Gasoline,420.0HP 6.2L 8 Cylinder Engine Gasoline Fuel,8-Speed A/T,Gray,Beige,At least 1 accident or damage reported,Yes,32000.0,103014
INFINITI,Q50 3.0T Premium,2016,"49,872 mi.",Gasoline,300.0HP 3.0L V6 Cylinder Engine Gasoline Fuel,7-Speed A/T,Gray,Black,At least 1 accident or damage reported,Yes,21500.0,103015
Audi,Q7 3.0T Premium Plus,2014,"96,273 mi.",Gasoline,280.0HP 3.0L V6 Cylinder Engine Gasoline Fuel,8-Speed A/T,Silver,Black,At least 1 accident or damage reported,Yes,15495.0,103016
Cadillac,CTS-V Base,2012,"45,000 mi.",Gasoline,556.0HP 6.2L 8 Cylinder Engine Gasoline Fuel,6-Speed A/T,Red,Black,None reported,Yes,41500.0,103017
Maserati,Quattroporte S,2019,"23,230 mi.",Gasoline,424.0HP 3.0L V6 Cylinder Engine Gasoline Fuel,8-Speed A/T,Black,Black,None reported,Yes,44999.0,103018
GMC,Yukon Denali,2016,"107,750 mi.",Gasoline,420.0HP 6.2L 8 Cylinder Engine Gasoline Fuel,8-Speed A/T,Black,Black,None reported,Yes,35500.0,103019
Jeep,Wrangler X,2004,"44,000 mi.",Gasoline,190.0HP 4.0L Straight 6 Cylinder Engine Gasoline Fuel,M/T,Green,Green,At least 1 accident or damage reported,Yes,24999.0,103020
GMC,Yukon XL SLT,2016,"183,544 mi.",Gasoline,355.0HP 5.3L 8 Cylinder Engine Gasoline Fuel,6-Speed A/T,Black,Black,At least 1 accident or damage reported,Yes,22000.0,103021
Mercedes-Benz,GLA-Class GLA 250 4MATIC,2015,"61,675 mi.",Gasoline,208.0HP 2.0L 4 Cylinder Engine Gasoline Fuel,Transmission w/Dual Shift Mode,Gray,Black,At least 1 accident or damage reported,Yes,19000.0,103022
Porsche,911 Turbo S,2019,"31,000 mi.",Gasoline,580.0HP 3.8L Flat 6 Cylinder Engine Gasoline Fuel,Transmission w/Dual Shift Mode,White,Black,None reported,Yes,179900.0,103023
RAM,1500 Tradesman/Express,2017,"72,000 mi.",Gasoline,395.0HP 5.7L 8 Cylinder Engine Gasoline Fuel,8-Speed A/T,Blue,Beige,At least 1 accident or damage reported,Yes,24200.0,103024
Nissan,Titan SV,2021,"7,250 mi.",Gasoline,400.0HP 5.6L 8 Cylinder Engine Gasoline Fuel,9-Speed A/T,Black,Black,None reported,Yes,38000.0,103025
Ford,Expedition Platinum,2020,"69,849 mi.",Gasoline,3.5L V6 24V GDI DOHC Twin Turbo,10-Speed Automatic,Red,Ebony,None reported,Yes,48149.0,103026
Ford,Transit-250 Base,2016,"66,500 mi.",Gasoline,310.0HP 3.5L V6 Cylinder Engine Gasoline Fuel,6-Speed A/T,White,Gray,None reported,Yes,27000.0,103027
Audi,S4 3.0T Premium,2019,"18,603 mi.",Gasoline,3.0L V6 24V GDI DOHC Turbo,8-Speed Automatic,Brilliant Black,Black,None reported,,42900.0,103028
Audi,RS 5 2.9T,2019,"21,240 mi.",Gasoline,444.0HP 2.9L V6 Cylinder Engine Gasoline Fuel,8-Speed A/T,Black,Black,At least 1 accident or damage reported,Yes,59950.0,103029
BMW,M5 Base,2000,"132,200 mi.",Gasoline,400.0HP 5.0L 8 Cylinder Engine Gasoline Fuel,6-Speed M/T,Blue,Black,None reported,Yes,26900.0,103030
Toyota,Camry XLE,2007,"98,528 mi.",Gasoline,158.0HP 2.4L 4 Cylinder Engine Gasoline Fuel,5-Speed A/T,White,Gray,At least 1 accident or damage reported,Yes,7450.0,103031
Mercedes-Benz,SLS AMG Base,2012,"17,941 mi.",Gasoline,6.2L V8 32V MPFI DOHC,7-Speed Automatic with Auto-Shift,Iridium Silver Metallic,Red,None reported,Yes,226000.0,103032
Subaru,Impreza WRX STI,2014,"77,000 mi.",Gasoline,305.0HP 2.5L 4 Cylinder Engine Gasoline Fuel,6-Speed M/T,Gray,Black,At least 1 accident or damage reported,Yes,30000.0,103033
Chevrolet,Suburban 1500 LS,2004,"171,750 mi.",E85 Flex Fuel,295.0HP 5.3L 8 Cylinder Engine Flex Fuel Capability,4-Speed A/T,White,Beige,At least 1 accident or damage reported,Yes,12998.0,103034
BMW,750 i xDrive,2020,"25,108 mi.",Gasoline,523.0HP 4.4L 8 Cylinder Engine Gasoline Fuel,8-Speed A/T,Black,Black,,,66000.0,103035
Audi,S5 3.0T Premium,2021,"18,100 mi.",Gasoline,349.0HP 3.0L V6 Cylinder Engine Gasoline Fuel,8-Speed A/T,Gray,Gray,None reported,Yes,51800.0,103036
Dodge,Charger R/T Scat Pack,2018,"19,000 mi.",Gasoline,485.0HP 6.4L 8 Cylinder Engine Gasoline Fuel,Transmission w/Dual Shift Mode,Purple,Gray,None reported,Yes,44888.0,103037
Kia,Sportage Plug-In Hybrid X-Line,2023,"1,340 mi.",Plug-In Hybrid,177.0HP 1.6L 4 Cylinder Engine Plug-In Electric/Gas,A/T,Black,Black,None reported,Yes,41000.0,103038
Chevrolet,Suburban LT,2022,"37,806 mi.",Gasoline,355.0HP 5.3L 8 Cylinder Engine Gasoline Fuel,10-Speed A/T,Black,Black,None reported,Yes,60894.0,103039
Ford,Bronco Sport Big Bend,2022,"16,700 mi.",Gasoline,181.0HP 1.5L 3 Cylinder Engine Gasoline Fuel,8-Speed A/T,Blue,Black,None reported,Yes,31000.0,103040
Mazda,MX-5 Miata Grand Touring,2007,"81,400 mi.",Gasoline,166.0HP 2.0L 4 Cylinder Engine Gasoline Fuel,6-Speed M/T,Red,–,At least 1 accident or damage reported,Yes,11000.0,103041
BMW,M4 Base,2020,"22,655 mi.",Gasoline,425.0HP 3.0L Straight 6 Cylinder Engine Gasoline Fuel,7-Speed A/T,Silver,Black,None reported,Yes,63999.0,103042
MINI,Cooper S Base,2012,"152,000 mi.",Gasoline,181.0HP 1.6L 4 Cylinder Engine Gasoline Fuel,6-Speed A/T,White,Black,None reported,Yes,9000.0,103043
GMC,Acadia SLE-1,2015,"115,282 mi.",Gasoline,3.6L V6 24V GDI DOHC,6-Speed Automatic,Crimson Red Tintcoat,Ebony,At least 1 accident or damage reported,Yes,12433.0,103044
Porsche,Panamera 2,2012,"54,000 mi.",Gasoline,300.0HP 3.6L V6 Cylinder Engine Gasoline Fuel,A/T,White,–,At least 1 accident or damage reported,Yes,26000.0,103045
Audi,A5 2.0T Premium Plus,2019,"23,827 mi.",Gasoline,248.0HP 2.0L 4 Cylinder Engine Gasoline Fuel,7-Speed A/T,Gray,Black,None reported,Yes,34995.0,103046
RAM,2500 SLT,2015,"149,130 mi.",Diesel,350.0HP 6.7L Straight 6 Cylinder Engine Diesel Fuel,6-Speed A/T,White,Black,At least 1 accident or damage reported,Yes,35000.0,103047
Jeep,Wrangler S,1994,"50,750 mi.",–,–,5-Speed M/T,Blue,Gray,None reported,Yes,15000.0,103048
Audi,allroad 2.0T Prestige,2013,"104,457 mi.",Gasoline,211.0HP 2.0L 4 Cylinder Engine Gasoline Fuel,8-Speed A/T,Silver,Black,None reported,Yes,17900.0,103049
Jaguar,E-PACE S,2019,"44,000 mi.",Gasoline,246.0HP 2.0L 4 Cylinder Engine Gasoline Fuel,A/T,Black,Black,None reported,Yes,29000.0,103050
Chevrolet,Silverado 1500 Limited High Country,2022,"2,550 mi.",Gasoline,355.0HP 5.3L 8 Cylinder Engine Gasoline Fuel,10-Speed A/T,Red,Black,None reported,Yes,60000.0,103051
RAM,1500 Laramie,2022,"12,940 mi.",Gasoline,5.7L V8 16V MPFI OHV,8-Speed Automatic,Bright White Clearcoat,Black,At least 1 accident or damage reported,,46999.0,103052
Lexus,NX 200t Base,2015,"124,250 mi.",Gasoline,235.0HP 2.0L 4 Cylinder Engine Gasoline Fuel,A/T,Gray,Orange,At least 1 accident or damage reported,Yes,17900.0,103053
Hyundai,IONIQ 5 SE,2022,"18,500 mi.",,320.0HP Electric Motor Electric Fuel System,A/T,White,Black,None reported,Yes,42000.0,103054
Ford,Fusion Hybrid SE,2013,"161,933 mi.",Hybrid,2.0L I4 16V MPFI DOHC Hybrid,Automatic CVT,Blue,Charcoal Black,None reported,Yes,7945.0,103055
Acura,TLX A-Spec,2021,"16,878 mi.",Gasoline,2.0L I4 16V GDI DOHC Turbo,10-Speed Automatic,Red,Ebony,None reported,Yes,38781.0,103056
Nissan,Maxima GLE,2000,"194,277 mi.",Gasoline,222.0HP 3.0L V6 Cylinder Engine Gasoline Fuel,A/T,Blue,Beige,At least 1 accident or damage reported,Yes,2300.0,103057
Toyota,4Runner Sport,2004,"220,450 mi.",Gasoline,245.0HP 4.0L V6 Cylinder Engine Gasoline Fuel,A/T,Gray,Gray,None reported,Yes,8550.0,103058
Nissan,350Z Touring,2004,"110,897 mi.",Gasoline,287.0HP 3.5L V6 Cylinder Engine Gasoline Fuel,6-Speed M/T,Black,Orange,At least 1 accident or damage reported,Yes,11500.0,103059
Toyota,Tundra Platinum,2023,"8,800 mi.",Gasoline,389.0HP 3.4L V6 Cylinder Engine Gasoline Fuel,A/T,Silver,Black,None reported,Yes,68500.0,103060
Mercedes-Benz,S-Class S 580 4MATIC,2022,"7,968 mi.",Hybrid,496.0HP 4.0L 8 Cylinder Engine Gasoline/Mild Electric Hybrid,9-Speed A/T,White,White,None reported,Yes,104999.0,103061
BMW,650 i,2012,"39,960 mi.",Gasoline,400.0HP 4.4L 8 Cylinder Engine Gasoline Fuel,6-Speed M/T,White,Brown,None reported,Yes,38995.0,103062
Lexus,RX 450h Base,2017,"73,948 mi.",Hybrid,308.0HP 3.5L V6 Cylinder Engine Gas/Electric Hybrid,A/T,White,Beige,None reported,Yes,31990.0,103063
BMW,435 i,2014,"53,600 mi.",Gasoline,300.0HP 3.0L Straight 6 Cylinder Engine Gasoline Fuel,8-Speed A/T,Silver,Black,None reported,Yes,25980.0,103064
Toyota,Supra 3.0 Premium,2022,"24,850 mi.",Gasoline,382.0HP 3.0L Straight 6 Cylinder Engine Gasoline Fuel,A/T,Black,Black,None reported,Yes,53568.0,103065
Ford,Expedition Limited,2023,"9,281 mi.",Gasoline,440.0HP 3.5L V6 Cylinder Engine Gasoline Fuel,A/T,Black,Black,None reported,Yes,85000.0,103066
Cadillac,Escalade Platinum,2019,"92,000 mi.",Gasoline,420.0HP 6.2L 8 Cylinder Engine Gasoline Fuel,A/T,Black,Black,None reported,Yes,51900.0,103067
Mercedes-Benz,E-Class E 300,2019,"32,580 mi.",Gasoline,2.0 Liter Turbo,Automatic,Obsidian Black Metallic,Beige,None reported,,33998.0,103068
BMW,i3 120Ah w/Range Extender,2020,"35,035 mi.",Hybrid,120 AH,Automatic,Black,Black,None reported,,24998.0,103069
Volvo,XC90 3.2 Premier Plus,2013,"208,864 mi.",Gasoline,240.0HP 3.2L Straight 6 Cylinder Engine Gasoline Fuel,6-Speed A/T,White,Beige,At least 1 accident or damage reported,Yes,7500.0,103070
Mercedes-Benz,AMG G 63 Base,2018,"41,000 mi.",Gasoline,563.0HP 5.5L 8 Cylinder Engine Gasoline Fuel,Transmission w/Dual Shift Mode,Gray,Black,None reported,Yes,108900.0,103071
Ford,F-150 XL,2019,"59,678 mi.",Gasoline,2.7L V6 24V PDI DOHC Twin Turbo,Automatic,Gray,Black,None reported,Yes,33700.0,103072
BMW,M4 Base,2020,"28,000 mi.",Gasoline,425.0HP 3.0L Straight 6 Cylinder Engine Gasoline Fuel,7-Speed A/T,White,White,None reported,Yes,59900.0,103073
Jeep,Compass Latitude,2014,"105,000 mi.",Gasoline,158.0HP 2.0L 4 Cylinder Engine Gasoline Fuel,A/T,Black,Black,None reported,Yes,10950.0,103074
BMW,M3 Base,2008,"133,500 mi.",Gasoline,414.0HP 4.0L 8 Cylinder Engine Gasoline Fuel,6-Speed M/T,Gray,Black,None reported,Yes,18500.0,103075
Honda,Civic Type R Touring,2018,"72,900 mi.",Gasoline,306.0HP 2.0L 4 Cylinder Engine Gasoline Fuel,6-Speed M/T,Black,Black,At least 1 accident or damage reported,Yes,35500.0,103076
INFINITI,QX80 Base,2018,"100,564 mi.",Gasoline,5.6L V8 32V GDI DOHC,7-Speed Automatic,Black,Graphite,None reported,,23105.0,103077
Mercedes-Benz,E-Class E 400 4MATIC,2018,"22,558 mi.",Gasoline,3.0L V6 24V GDI DOHC Twin Turbo,9-Speed Automatic,Black,Black,None reported,Yes,47645.0,103078
Kia,Telluride EX X-Line,2023,"10,400 mi.",Gasoline,291.0HP 3.8L V6 Cylinder Engine Gasoline Fuel,8-Speed A/T,Green,Green,None reported,Yes,48000.0,103079
Subaru,Crosstrek 2.0i Premium,2017,"50,011 mi.",Gasoline,148.0HP 2.0L 4 Cylinder Engine Gasoline Fuel,A/T,Red,Beige,At least 1 accident or damage reported,Yes,21495.0,103080
Ford,F-250 Lariat,2017,"72,128 mi.",E85 Flex Fuel,6.2L V8 16V MPFI SOHC Flexible Fuel,6-Speed Automatic,White,Camel,,,45985.0,103081
Porsche,Macan S,2020,"28,570 mi.",Gasoline,3.0 Liter Turbo,Automatic,White,Black,None reported,,55998.0,103082
Honda,Pilot EX-L,2016,"135,350 mi.",Gasoline,280.0HP 3.5L V6 Cylinder Engine Gasoline Fuel,6-Speed A/T,White,Beige,At least 1 accident or damage reported,Yes,19900.0,103083
Mercedes-Benz,AMG C 63 Base,2017,"63,000 mi.",Gasoline,469.0HP 4.0L 8 Cylinder Engine Gasoline Fuel,A/T,White,Black,At least 1 accident or damage reported,Yes,42000.0,103084
Hummer,H3 Base,2006,"118,000 mi.",Gasoline,220.0HP 3.5L 5 Cylinder Engine Gasoline Fuel,A/T,Gray,Black,None reported,Yes,17900.0,103085
GMC,Yukon XL SLT,2016,"93,000 mi.",Gasoline,355.0HP 5.3L 8 Cylinder Engine Gasoline Fuel,A/T,Black,Black,At least 1 accident or damage reported,Yes,30000.0,103086
BMW,Z4 2.5i,2004,"94,500 mi.",Gasoline,184.0HP 2.5L Straight 6 Cylinder Engine Gasoline Fuel,5-Speed M/T,Gray,Black,None reported,Yes,9000.0,103087
Mercedes-Benz,C-Class C 250 Sport,2014,"70,612 mi.",Gasoline,201.0HP 1.8L 4 Cylinder Engine Gasoline Fuel,7-Speed A/T,White,Beige,None reported,Yes,14500.0,103088
Toyota,Sequoia Limited,2006,"190,656 mi.",Gasoline,273.0HP 4.7L 8 Cylinder Engine Gasoline Fuel,A/T,Black,Gray,At least 1 accident or damage reported,Yes,8900.0,103089
Cadillac,SRX Luxury Collection,2016,"70,503 mi.",Gasoline,308.0HP 3.6L V6 Cylinder Engine Gasoline Fuel,6-Speed A/T,Silver,Beige,None reported,Yes,15500.0,103090
Kia,Sportage SX Turbo,2017,"87,842 mi.",Gasoline,2.0L I4 16V GDI DOHC Turbo,6-Speed Automatic,Black Cherry,Black,None reported,Yes,18688.0,103091
Subaru,Impreza 2.0i,2019,"30,000 mi.",Gasoline,152.0HP 2.0L 4 Cylinder Engine Gasoline Fuel,CVT Transmission,Gray,Black,At least 1 accident or damage reported,Yes,21250.0,103092
Lexus,RX 330 Base,2006,"110,250 mi.",Gasoline,230.0HP 3.3L V6 Cylinder Engine Gasoline Fuel,A/T,White,Beige,None reported,Yes,11000.0,103093
BMW,M340 i xDrive,2021,"34,967 mi.",Hybrid,382.0HP 3.0L Straight 6 Cylinder Engine Gasoline/Mild Electric Hybrid,8-Speed A/T,Blue,Beige,At least 1 accident or damage reported,Yes,49999.0,103094
BMW,X5 xDrive40i,2019,"50,000 mi.",Gasoline,335.0HP 3.0L Straight 6 Cylinder Engine Gasoline Fuel,8-Speed A/T,Blue,Gold,None reported,Yes,43000.0,103095
Lexus,ES 350 Base,2010,"113,500 mi.",Gasoline,272.0HP 3.5L V6 Cylinder Engine Gasoline Fuel,A/T,Red,Beige,At least 1 accident or damage reported,Yes,11000.0,103096
Audi,Q3 45 S line Premium Plus,2021,"9,835 mi.",Gasoline,2.0L I4 16V GDI DOHC Turbo,8-Speed Automatic,Glacier White Metallic,Black,None reported,,34999.0,103097
Ford,F-250 XL,2014,"35,900 mi.",E85 Flex Fuel,385.0HP 6.2L 8 Cylinder Engine Flex Fuel Capability,Transmission w/Dual Shift Mode,Blue,Gray,At least 1 accident or damage reported,Yes,27900.0,103098
Mercedes-Benz,SL-Class SL 550,2011,"41,314 mi.",Gasoline,382.0HP 5.5L 8 Cylinder Engine Gasoline Fuel,Transmission w/Dual Shift Mode,Red,White,At least 1 accident or damage reported,Yes,30999.0,103099
Mercedes-Benz,A-Class A 220 4MATIC,2019,"30,300 mi.",Gasoline,188.0HP 2.0L 4 Cylinder Engine Gasoline Fuel,7-Speed A/T,Silver,Black,None reported,Yes,30500.0,103100
Kia,Optima LX,2019,"62,660 mi.",Gasoline,185.0HP 2.4L 4 Cylinder Engine Gasoline Fuel,A/T,White,Black,None reported,Yes,16500.0,103101
McLaren,720S Performance,2020,"9,989 mi.",Gasoline,710.0HP 4.0L 8 Cylinder Engine Gasoline Fuel,7-Speed A/T,Black,Black,None reported,Yes,324995.0,103102
Subaru,Forester Premium,2021,"42,125 mi.",Gasoline,2.5L H4 16V GDI DOHC,Automatic CVT,Crystal Black Silica,Black,None reported,Yes,27899.0,103103
Audi,A3 2.0T Tech Premium,2018,"49,500 mi.",Gasoline,220.0HP 2.0L 4 Cylinder Engine Gasoline Fuel,6-Speed A/T,Blue,Gray,None reported,Yes,25000.0,103104
Mercedes-Benz,GLE 350 Base 4MATIC,2020,"48,000 mi.",Gasoline,255.0HP 2.0L 4 Cylinder Engine Gasoline Fuel,A/T,Black,Black,None reported,Yes,49995.0,103105
Nissan,350Z Enthusiast,2005,"130,307 mi.",Gasoline,287.0HP 3.5L V6 Cylinder Engine Gasoline Fuel,5-Speed A/T,Blue,Black,None reported,Yes,9950.0,103106
RAM,1500 Sport,2017,"41,789 mi.",Gasoline,395.0HP 5.7L 8 Cylinder Engine Gasoline Fuel,A/T,Green,Black,At least 1 accident or damage reported,Yes,42500.0,103107
Subaru,WRX STI Base,2016,"84,100 mi.",Gasoline,305.0HP 2.5L 4 Cylinder Engine Gasoline Fuel,M/T,Gray,Black,None reported,Yes,34000.0,103108
Subaru,Outback Limited,2020,"44,600 mi.",Gasoline,182.0HP 2.5L 4 Cylinder Engine Gasoline Fuel,CVT Transmission,Silver,Gray,None reported,Yes,28300.0,103109
Buick,Roadmaster Estate,1996,"119,500 mi.",Gasoline,260.0HP 5.7L 8 Cylinder Engine Gasoline Fuel,4-Speed A/T,White,Beige,At least 1 accident or damage reported,Yes,16999.0,103110
Mercedes-Benz,S-Class S 63 AMG,2015,"40,900 mi.",Gasoline,577.0HP 5.5L 8 Cylinder Engine Gasoline Fuel,7-Speed A/T,White,–,None reported,Yes,59750.0,103111
Chevrolet,Camaro 1LT,2011,"111,000 mi.",Gasoline,312.0HP 3.6L V6 Cylinder Engine Gasoline Fuel,A/T,Blue,Black,None reported,Yes,10900.0,103112
Nissan,Juke SL,2012,"115,359 mi.",Gasoline,188.0HP 1.6L 4 Cylinder Engine Gasoline Fuel,A/T,Black,Black,None reported,Yes,9950.0,103113
RAM,2500 Tradesman,2022,"1,300 mi.",Gasoline,410.0HP 6.4L 8 Cylinder Engine Gasoline Fuel,8-Speed A/T,Red,Black,None reported,Yes,48000.0,103114
Hyundai,Kona N Base,2023,654 mi.,Gasoline,2.0L I4 16V GDI DOHC Turbo,8-Speed Automatic with Auto-Shift,Ultra Black,Black,None reported,Yes,34599.0,103115
Audi,A6 2.0T Premium Plus,2016,"96,000 mi.",Gasoline,252.0HP 2.0L 4 Cylinder Engine Gasoline Fuel,8-Speed A/T,Black,Black,None reported,Yes,21990.0,103116
Toyota,Tacoma PreRunner,2013,"65,000 mi.",Gasoline,159.0HP 2.7L 4 Cylinder Engine Gasoline Fuel,A/T,Silver,Gray,None reported,Yes,20500.0,103117
Toyota,4Runner Limited,2004,"186,117 mi.",Gasoline,245.0HP 4.0L V6 Cylinder Engine Gasoline Fuel,A/T,Black,Beige,None reported,Yes,13000.0,103118
Toyota,Camry LE,2005,"108,000 mi.",Gasoline,160.0HP 2.4L 4 Cylinder Engine Gasoline Fuel,5-Speed A/T,Beige,Gray,None reported,Yes,7850.0,103119
BMW,M5 Base,2023,816 mi.,Gasoline,4.4L V8 32V GDI DOHC Twin Turbo,8-Speed Automatic,Alpine White,Black,None reported,,109900.0,103120
Acura,TL Type S,2008,"116,500 mi.",Gasoline,286.0HP 3.5L V6 Cylinder Engine Gasoline Fuel,6-Speed M/T,Red,Black,None reported,Yes,15999.0,103121
Mercedes-Benz,GL-Class GL 450,2011,"112,854 mi.",Gasoline,335.0HP 4.7L 8 Cylinder Engine Gasoline Fuel,7-Speed A/T,White,Black,None reported,Yes,11999.0,103122
BMW,X6 xDrive35i,2013,"90,000 mi.",Gasoline,300.0HP 3.0L Straight 6 Cylinder Engine Gasoline Fuel,8-Speed A/T,White,Red,None reported,Yes,19950.0,103123
Porsche,Cayenne Base,2019,"30,951 mi.",Gasoline,3.0L V6 24V GDI DOHC Turbo,8-Speed Automatic,White,Black,None reported,Yes,80140.0,103124
Hyundai,Veloster Value Edition,2017,"55,359 mi.",Gasoline,1.6L I4 16V GDI DOHC,6-Speed Automatic with Auto-Shift,Ironman Silver,Black,None reported,,15599.0,103125
Dodge,Durango SRT 392,2021,"17,000 mi.",Gasoline,475.0HP 6.4L 8 Cylinder Engine Gasoline Fuel,Transmission w/Dual Shift Mode,Blue,Black,None reported,Yes,65000.0,103126
Volvo,S60 Recharge Plug-In Hybrid T8 Inscription,2021,"24,158 mi.",Plug-In Hybrid,400.0HP 2.0L 4 Cylinder Engine Plug-In Electric/Gas,8-Speed A/T,Gray,Black,None reported,Yes,44900.0,103127
Genesis,G80 2.5T,2022,"7,396 mi.",Gasoline,2.5L I4 16V PDI DOHC Turbo,8-Speed Automatic,Black Forest Green,Black,None reported,,41299.0,103128
BMW,i8 Base,2019,"18,421 mi.",Plug-In Hybrid,369.0HP 1.5L 3 Cylinder Engine Plug-In Electric/Gas,6-Speed A/T,Black,Black,,,85000.0,103129
Honda,Civic Sport,2020,"23,131 mi.",Gasoline,2.0L I4 16V MPFI DOHC,Automatic CVT,Crystal Black Pearl,Black,At least 1 accident or damage reported,,23739.0,103130
Subaru,Impreza 2.0i,2018,"93,000 mi.",Gasoline,152.0HP 2.0L 4 Cylinder Engine Gasoline Fuel,CVT Transmission,Silver,Black,At least 1 accident or damage reported,Yes,16000.0,103131
Nissan,NV Passenger NV3500 HD SL V8,2020,"14,353 mi.",Gasoline,375.0HP 5.6L 8 Cylinder Engine Gasoline Fuel,A/T,Black,Gray,None reported,Yes,63900.0,103132
Genesis,G90 5.0 Ultimate,2017,"63,500 mi.",Gasoline,420.0HP 5.0L 8 Cylinder Engine Gasoline Fuel,Transmission w/Dual Shift Mode,Silver,Black,None reported,Yes,27500.0,103133
RAM,1500 Rebel,2020,"63,875 mi.",Hybrid,395.0HP 5.7L 8 Cylinder Engine Gasoline/Mild Electric Hybrid,8-Speed A/T,Gray,Black,At least 1 accident or damage reported,Yes,41900.0,103134
Cadillac,CT4 Luxury,2020,"35,200 mi.",Gasoline,237.0HP 2.0L 4 Cylinder Engine Gasoline Fuel,8-Speed A/T,Blue,Black,None reported,Yes,28500.0,103135
Land,Rover LR2 Base,2015,"112,465 mi.",Gasoline,240.0HP 2.0L 4 Cylinder Engine Gasoline Fuel,6-Speed A/T,White,Beige,None reported,Yes,11995.0,103136
Chevrolet,Corvette Base,2004,"43,705 mi.",Gasoline,350.0HP 5.7L 8 Cylinder Engine Gasoline Fuel,6-Speed M/T,Gray,Black,None reported,Yes,25900.0,103137
Porsche,911 Carrera S,2017,"20,561 mi.",Gasoline,420.0HP 3.0L Flat 6 Cylinder Engine Gasoline Fuel,7-Speed M/T,Red,Black,None reported,Yes,105000.0,103138
Maserati,Quattroporte S GranLusso,2017,"55,000 mi.",Gasoline,405.0HP 3.0L V6 Cylinder Engine Gasoline Fuel,A/T,Blue,Black,None reported,Yes,39100.0,103139
Mercedes-Benz,GLK-Class GLK 350,2014,"186,000 mi.",Gasoline,302.0HP 3.5L V6 Cylinder Engine Gasoline Fuel,A/T,Black,Beige,At least 1 accident or damage reported,Yes,10000.0,103140
Ford,Explorer Sport,2016,"95,500 mi.",Gasoline,365.0HP 3.5L V6 Cylinder Engine Gasoline Fuel,Transmission w/Dual Shift Mode,Black,Black,None reported,Yes,20000.0,103141
Jeep,Wrangler Unlimited Sahara,2017,"128,000 mi.",Gasoline,285.0HP 3.6L V6 Cylinder Engine Gasoline Fuel,5-Speed A/T,Gray,Black,None reported,Yes,26800.0,103142
Cadillac,SRX Luxury Collection,2016,"61,549 mi.",Gasoline,3.6 Liter SIDI DOHC,Automatic,Red,Ebony,At least 1 accident or damage reported,,19998.0,103143
Porsche,Boxster Base,2013,"40,800 mi.",Gasoline,265.0HP 2.7L Flat 6 Cylinder Engine Gasoline Fuel,7-Speed A/T,Brown,Beige,None reported,Yes,35500.0,103144
Cadillac,SRX Performance Collection,2011,"124,542 mi.",Gasoline,265.0HP 3.0L V6 Cylinder Engine Gasoline Fuel,6-Speed A/T,Gray,Beige,None reported,Yes,8450.0,103145
Audi,Q8 55 Premium Plus,2021,"30,000 mi.",Hybrid,335.0HP 3.0L V6 Cylinder Engine Gasoline/Mild Electric Hybrid,8-Speed A/T,Black,Black,None reported,Yes,62000.0,103146
Jeep,Gladiator Overland,2020,"9,100 mi.",Gasoline,285.0HP 3.6L V6 Cylinder Engine Gasoline Fuel,8-Speed A/T,Red,Black,None reported,Yes,49895.0,103147
Tesla,Model S 85D,2015,"67,647 mi.",,422.0HP Electric Motor Electric Fuel System,1-Speed A/T,Blue,Beige,None reported,Yes,28000.0,103148
Dodge,Challenger SRT8,2011,"106,500 mi.",–,–,5-Speed A/T,White,White,At least 1 accident or damage reported,Yes,22500.0,103149
Toyota,4Runner Limited,2016,"82,260 mi.",Gasoline,4.0L V6 24V MPFI DOHC,5-Speed Automatic,Nautical Blue Pearl,Black,None reported,Yes,31906.0,103150
Mazda,MX-5 Miata Base,1992,"125,800 mi.",–,–,5-Speed M/T,Red,Black,None reported,Yes,11500.0,103151
Lexus,ES 350 Base,2015,"100,900 mi.",Gasoline,3.5 Liter,Automatic,Matador Red Mica,Parchment,None reported,,21998.0,103152
Audi,A5 2.0T Premium Plus,2012,"77,000 mi.",Gasoline,211.0HP 2.0L 4 Cylinder Engine Gasoline Fuel,8-Speed A/T,White,Black,None reported,Yes,13800.0,103153
BMW,228 i,2015,"54,000 mi.",Gasoline,240.0HP 2.0L 4 Cylinder Engine Gasoline Fuel,6-Speed M/T,Black,Red,At least 1 accident or damage reported,Yes,19996.0,103154
Subaru,WRX Limited,2017,"73,120 mi.",Gasoline,268.0HP 2.0L 4 Cylinder Engine Gasoline Fuel,CVT Transmission,White,Black,At least 1 accident or damage reported,Yes,19950.0,103155
INFINITI,G35 Base,2003,"106,500 mi.",Gasoline,280.0HP 3.5L V6 Cylinder Engine Gasoline Fuel,6-Speed M/T,Red,Beige,None reported,Yes,9500.0,103156
Toyota,Camry Hybrid XLE,2018,"22,000 mi.",Hybrid,208.0HP 2.5L 4 Cylinder Engine Gas/Electric Hybrid,A/T,White,Beige,None reported,Yes,29500.0,103157
Honda,Fit Sport,2007,"156,111 mi.",Gasoline,109.0HP 1.5L 4 Cylinder Engine Gasoline Fuel,Transmission w/Dual Shift Mode,Red,Black,At least 1 accident or damage reported,Yes,5200.0,103158
Ford,F-150 XLT,2020,"67,516 mi.",Gasoline,3.5L V6 24V PDI DOHC Twin Turbo,Automatic,Gray,Medium Light Camel,None reported,Yes,36994.0,103159
Tesla,Model S 100D,2018,"83,424 mi.",,518.0HP Electric Motor Electric Fuel System,1-Speed A/T,Gray,Beige,None reported,Yes,45000.0,103160
Tesla,Model S Long Range Plus,2021,"10,550 mi.",,557.0HP Electric Motor Electric Fuel System,A/T,Gray,Black,None reported,Yes,67800.0,103161
Land,Rover Defender S,2023,"15,200 mi.",Gasoline,296.0HP 2.0L 4 Cylinder Engine Gasoline Fuel,A/T,White,Black,None reported,Yes,62999.0,103162
Subaru,WRX Limited,2015,"91,000 mi.",Gasoline,268.0HP 2.0L 4 Cylinder Engine Gasoline Fuel,6-Speed M/T,Red,Black,At least 1 accident or damage reported,Yes,19000.0,103163
Mercedes-Benz,AMG C 43 AMG C 43 4MATIC,2019,"32,500 mi.",Gasoline,385.0HP 3.0L V6 Cylinder Engine Gasoline Fuel,9-Speed A/T,Black,Black,None reported,Yes,43500.0,103164
Porsche,Cayenne AWD,2020,"34,580 mi.",Gasoline,335.0HP 3.0L V6 Cylinder Engine Gasoline Fuel,A/T,Black,Red,None reported,Yes,56000.0,103165
Ford,Fusion SE,2012,"160,000 mi.",E85 Flex Fuel,240.0HP 3.0L V6 Cylinder Engine Flex Fuel Capability,A/T,Gray,Black,None reported,Yes,4500.0,103166
Acura,RDX Advance Package,2021,"29,000 mi.",Gasoline,272.0HP 2.0L 4 Cylinder Engine Gasoline Fuel,10-Speed A/T,Black,Black,None reported,Yes,39650.0,103167
BMW,M8 Gran Coupe Competition,2022,"21,057 mi.",Gasoline,617.0HP 4.4L 8 Cylinder Engine Gasoline Fuel,Transmission w/Dual Shift Mode,Gray,Black,None reported,Yes,99800.0,103168
Lexus,LS 500 Base,2018,"67,296 mi.",Gasoline,"3.5L V-6 port/direct injection, DOHC, VVT-iE/VVT-i variable valv","Automatic, 10-Spd",–,–,None reported,,40900.0,103169
Cadillac,LYRIQ Luxury,2023,"1,090 mi.",,500.0HP Electric Motor Electric Fuel System,A/T,Gray,Silver,None reported,Yes,68750.0,103170
Buick,Envision Preferred,2019,"32,000 mi.",Gasoline,197.0HP 2.5L 4 Cylinder Engine Gasoline Fuel,A/T,Black,Beige,None reported,Yes,27000.0,103171
Lexus,GX 460 Base,2015,"106,000 mi.",Gasoline,301.0HP 4.6L 8 Cylinder Engine Gasoline Fuel,A/T,Black,Beige,None reported,Yes,37500.0,103172
Jaguar,XE 35t Premium,2017,"55,000 mi.",Gasoline,340.0HP 3.0L V6 Cylinder Engine Gasoline Fuel,A/T,Gray,Black,None reported,Yes,25000.0,103173
Mazda,CX-5 Touring,2018,"61,000 mi.",Gasoline,187.0HP 2.5L 4 Cylinder Engine Gasoline Fuel,Transmission w/Dual Shift Mode,Gray,Black,None reported,Yes,21800.0,103174
Mercedes-Benz,SL-Class SL500 Roadster,2003,"80,081 mi.",Gasoline,302.0HP 5.0L 8 Cylinder Engine Gasoline Fuel,5-Speed A/T,White,Beige,None reported,Yes,12500.0,103175
Mercedes-Benz,GL-Class GL 450 4MATIC,2015,"47,000 mi.",Gasoline,362.0HP 3.0L V6 Cylinder Engine Gasoline Fuel,7-Speed A/T,Silver,Black,None reported,Yes,30089.0,103176
Ford,Explorer XLT,2022,"18,533 mi.",Gasoline,2.3L I4 16V GDI DOHC Turbo,10-Speed Automatic,White,Ebony,None reported,Yes,38978.0,103177
Land,Rover LR4 HSE,2013,"79,800 mi.",Gasoline,375.0HP 5.0L 8 Cylinder Engine Gasoline Fuel,A/T,White,Black,None reported,Yes,29990.0,103178
BMW,X6 xDrive35i,2018,"27,214 mi.",Gasoline,300.0HP 3.0L Straight 6 Cylinder Engine Gasoline Fuel,Transmission w/Dual Shift Mode,Black,Black,At least 1 accident or damage reported,Yes,40950.0,103179
Mercedes-Benz,AMG GLS 63 4MATIC,2023,"2,000 mi.",Hybrid,603.0HP 4.0L 8 Cylinder Engine Gasoline/Mild Electric Hybrid,9-Speed A/T,Gray,Beige,None reported,Yes,175000.0,103180
Nissan,Rogue SL,2019,"29,558 mi.",Gasoline,2.5L I4 16V MPFI DOHC,Automatic CVT,Magnetic Black,Charcoal,None reported,Yes,25884.0,103181
Jeep,Wrangler SE,2003,"92,000 mi.",Gasoline,150.0HP 2.4L 4 Cylinder Engine Gasoline Fuel,M/T,Gold,Black,None reported,Yes,12500.0,103182
Audi,A5 2.0T Premium,2012,"137,273 mi.",Gasoline,211.0HP 2.0L 4 Cylinder Engine Gasoline Fuel,A/T,White,Beige,None reported,Yes,11000.0,103183
Nissan,Titan XD S,2019,"53,677 mi.",Gasoline,390.0HP 5.6L 8 Cylinder Engine Gasoline Fuel,7-Speed A/T,Red,Gray,None reported,Yes,27900.0,103184
Honda,Odyssey EX-L,2007,"170,000 mi.",Gasoline,244.0HP 3.5L V6 Cylinder Engine Gasoline Fuel,A/T,Black,Beige,None reported,Yes,7700.0,103185
BMW,X3 xDrive30i,2021,"38,352 mi.",Gasoline,2.0L I4 16V GDI DOHC Turbo,8-Speed Automatic,Phytonic Blue Metallic,Canberra Beige,None reported,,37400.0,103186
Mercedes-Benz,AMG E 53 Base 4MATIC,2022,"13,000 mi.",Hybrid,429.0HP 3.0L Straight 6 Cylinder Engine Gasoline/Mild Electric Hybrid,9-Speed A/T,Silver,Black,None reported,Yes,81500.0,103187
Ford,Bronco Sport Big Bend,2021,"30,176 mi.",Gasoline,1.5L I3 12V PDI DOHC Turbo,8-Speed Automatic,Black,Medium Dark Slate,None reported,Yes,28979.0,103188
Audi,Q7 3.0T Premium Plus,2015,"98,527 mi.",Gasoline,280.0HP 3.0L V6 Cylinder Engine Gasoline Fuel,8-Speed A/T,Black,Black,,,9995.0,103189
Ford,F-250 XL,2020,"36,000 mi.",E85 Flex Fuel,385.0HP 6.2L 8 Cylinder Engine Flex Fuel Capability,A/T,White,Gray,None reported,Yes,44000.0,103190
Alfa,Romeo Stelvio Quadrifoglio,2019,"26,500 mi.",Gasoline,505.0HP 2.9L V6 Cylinder Engine Gasoline Fuel,8-Speed A/T,Gray,Black,None reported,Yes,53900.0,103191
Lexus,ES 300h Base,2018,"100,868 mi.",Hybrid,200.0HP 2.5L 4 Cylinder Engine Gas/Electric Hybrid,CVT Transmission,White,Beige,At least 1 accident or damage reported,Yes,23400.0,103192
Mercedes-Benz,AMG C 63 S,2021,"13,650 mi.",Gasoline,503.0HP 4.0L 8 Cylinder Engine Gasoline Fuel,9-Speed A/T,Blue,Black,None reported,Yes,75000.0,103193
Toyota,Tundra SR5,2015,"99,000 mi.",Gasoline,310.0HP 4.6L 8 Cylinder Engine Gasoline Fuel,6-Speed A/T,Gray,Gray,None reported,Yes,27000.0,103194
Mercedes-Benz,G-Class G 550 4MATIC,2021,"22,480 mi.",Gasoline,416.0HP 4.0L 8 Cylinder Engine Gasoline Fuel,A/T,White,Brown,None reported,Yes,135800.0,103195
RAM,3500 Laramie,2013,"106,385 mi.",Diesel,385.0HP 6.7L Straight 6 Cylinder Engine Diesel Fuel,6-Speed A/T,White,Black,At least 1 accident or damage reported,Yes,42900.0,103196
Bentley,Arnage R,2003,"55,050 mi.",Gasoline,400.0HP 6.75L 8 Cylinder Engine Gasoline Fuel,4-Speed A/T,Gray,Gray,None reported,Yes,34995.0,103197
Mercedes-Benz,AMG E 63 S 4MATIC,2019,"17,000 mi.",Gasoline,603.0HP 4.0L 8 Cylinder Engine Gasoline Fuel,9-Speed A/T,White,Brown,None reported,Yes,95000.0,103198
Audi,A6 55 Premium,2019,"10,832 mi.",Hybrid,335.0HP 3.0L V6 Cylinder Engine Gasoline/Mild Electric Hybrid,7-Speed A/T,Black,Black,None reported,Yes,42500.0,103199
Mazda,MX-5 Miata Club,2021,"5,093 mi.",Gasoline,181.0HP 2.0L 4 Cylinder Engine Gasoline Fuel,6-Speed M/T,Gray,Black,None reported,Yes,28000.0,103200
Pontiac,Firebird Trans Am,2001,"64,000 mi.",Gasoline,310.0HP 5.7L 8 Cylinder Engine Gasoline Fuel,6-Speed M/T,Blue,Beige,None reported,Yes,21000.0,103201
Mazda,Mazda6 Grand Touring,2020,"35,902 mi.",Gasoline,2.5L I4 16V GDI DOHC Turbo,6-Speed Automatic,Deep Crystal Blue Mica,Black,None reported,,22966.0,103202
Land,Rover Range Rover P400 SE SWB,2022,"3,369 mi.",Hybrid,395.0HP 3.0L Straight 6 Cylinder Engine Gasoline/Mild Electric Hybrid,A/T,White,Black,None reported,Yes,139500.0,103203
Ford,Expedition Platinum,2021,"51,902 mi.",Gasoline,3.5L V6 24V PDI DOHC Twin Turbo,10-Speed Automatic,Red,Ceramic,None reported,Yes,57480.0,103204
Jaguar,XF 3.0 Portfolio,2015,"71,290 mi.",Gasoline,340.0HP 3.0L V6 Cylinder Engine Gasoline Fuel,A/T,Brown,Black,At least 1 accident or damage reported,Yes,21000.0,103205
BMW,X5 xDrive35i,2018,"48,000 mi.",Gasoline,300.0HP 3.0L Straight 6 Cylinder Engine Gasoline Fuel,8-Speed A/T,Black,Black,None reported,Yes,32000.0,103206
